{"__type":"$$EventMessageAudit","id":"df200bb7-8126-4f25-8226-0797c833b18d","ts":"2026-08-28T15:02:51.412+00:00","eventName":"n8n.audit.workflow.activated","message":"n8n.audit.workflow.activated","payload":{"workflowId":"5rZTJf6X8kkmfrKE","workflowName":"Webhook Test Workflow","activeVersionId":"7dba7a7e-251e-4a5d-91d4-e9dd597b6a8a","activationMode":"init"}}
{"__type":"$$EventMessageConfirm","confirm":"df200bb7-8126-4f25-8226-0797c833b18d","ts":"2026-08-28T15:02:51.412+00:00","source":{"id":"0","name":"eventBus"}}
{"__type":"$$EventMessageAudit","id":"31fa7414-e823-4763-8bee-f5c4f8260884","ts":"2026-08-28T15:02:51.518+00:00","eventName":"n8n.audit.workflow.activated","message":"n8n.audit.workflow.activated","payload":{"workflowId":"sBd1k3ZMlyi45C1g","workflowName":"AI Prep Suggestion","activeVersionId":"8e097cc5-eaf9-4733-ab38-78fad654ea6e","activationMode":"init"}}
{"__type":"$$EventMessageConfirm","confirm":"31fa7414-e823-4763-8bee-f5c4f8260884","ts":"2026-08-28T15:02:51.518+00:00","source":{"id":"0","name":"eventBus"}}
{"__type":"$$EventMessageAudit","id":"b8a86f92-557c-4119-a58a-b974c1543b03","ts":"2026-08-28T11:03:34.084-04:00","eventName":"n8n.audit.workflow.executed","message":"n8n.audit.workflow.executed","payload":{"workflowId":"sBd1k3ZMlyi45C1g","workflowName":"AI Prep Suggestion","executionId":"606","projectId":"f9jtqSpqgxocA0Fw","projectName":"artemii borisov22 <artemii.borisov22@icloud.com>","source":"webhook"}}
{"__type":"$$EventMessageConfirm","confirm":"b8a86f92-557c-4119-a58a-b974c1543b03","ts":"2026-08-28T11:03:34.085-04:00","source":{"id":"0","name":"eventBus"}}
{"__type":"$$EventMessageWorkflow","id":"e1e3b725-8701-4359-9d24-0c327b87074c","ts":"2026-08-28T11:03:34.148-04:00","eventName":"n8n.workflow.started","message":"n8n.workflow.started","payload":{"executionId":"606","workflowId":"sBd1k3ZMlyi45C1g","isManual":false,"mode":"webhook","workflowName":"AI Prep Suggestion","projectId":"f9jtqSpqgxocA0Fw","projectName":"artemii borisov22 <artemii.borisov22@icloud.com>"}}
{"__type":"$$EventMessageConfirm","confirm":"e1e3b725-8701-4359-9d24-0c327b87074c","ts":"2026-08-28T11:03:34.148-04:00","source":{"id":"0","name":"eventBus"}}
{"__type":"$$EventMessageNode","id":"16440017-3257-472c-9c66-751d878728a1","ts":"2026-08-28T11:03:34.149-04:00","eventName":"n8n.node.started","message":"n8n.node.started","payload":{"workflowId":"sBd1k3ZMlyi45C1g","workflowName":"AI Prep Suggestion","executionId":"606","nodeType":"n8n-nodes-base.webhook","nodeName":"Webhook","nodeId":"1"}}
{"__type":"$$EventMessageConfirm","confirm":"16440017-3257-472c-9c66-751d878728a1","ts":"2026-08-28T11:03:34.149-04:00","source":{"id":"0","name":"eventBus"}}
{"__type":"$$EventMessageNode","id":"3ddd79c8-d592-4908-8f54-bf85d70dee21","ts":"2026-08-28T11:03:34.150-04:00","eventName":"n8n.node.finished","message":"n8n.node.finished","payload":{"workflowId":"sBd1k3ZMlyi45C1g","workflowName":"AI Prep Suggestion","executionId":"606","nodeType":"n8n-nodes-base.webhook","nodeName":"Webhook","nodeId":"1"}}
{"__type":"$$EventMessageConfirm","confirm":"3ddd79c8-d592-4908-8f54-bf85d70dee21","ts":"2026-08-28T11:03:34.150-04:00","source":{"id":"0","name":"eventBus"}}
{"__type":"$$EventMessageNode","id":"cb1160dc-3e19-4869-a7ed-4fe13472cd9d","ts":"2026-08-28T11:03:34.150-04:00","eventName":"n8n.node.started","message":"n8n.node.started","payload":{"workflowId":"sBd1k3ZMlyi45C1g","workflowName":"AI Prep Suggestion","executionId":"606","nodeType":"n8n-nodes-base.function","nodeName":"Function","nodeId":"2"}}
{"__type":"$$EventMessageConfirm","confirm":"cb1160dc-3e19-4869-a7ed-4fe13472cd9d","ts":"2026-08-28T11:03:34.150-04:00","source":{"id":"0","name":"eventBus"}}
{"__type":"$$EventMessageNode","id":"c96b5416-39e7-4712-a465-183ca5fd1ed5","ts":"2026-08-28T11:03:34.178-04:00","eventName":"n8n.node.finished","message":"n8n.node.finished","payload":{"workflowId":"sBd1k3ZMlyi45C1g","workflowName":"AI Prep Suggestion","executionId":"606","nodeType":"n8n-nodes-base.function","nodeName":"Function","nodeId":"2"}}
{"__type":"$$EventMessageConfirm","confirm":"c96b5416-39e7-4712-a465-183ca5fd1ed5","ts":"2026-08-28T11:03:34.178-04:00","source":{"id":"0","name":"eventBus"}}
{"__type":"$$EventMessageWorkflow","id":"8f1bf5a6-9dd7-474b-9e6c-e27f41c1ad63","ts":"2026-08-28T11:03:34.179-04:00","eventName":"n8n.workflow.failed","message":"n8n.workflow.failed","payload":{"executionId":"606","success":false,"isManual":false,"mode":"webhook","workflowId":"sBd1k3ZMlyi45C1g","workflowName":"AI Prep Suggestion","projectId":"f9jtqSpqgxocA0Fw","projectName":"artemii borisov22 <artemii.borisov22@icloud.com>","lastNodeExecuted":"Function","errorMessage":"Expecting Unicode escape sequence \\uXXXX [Line 180]"}}
{"__type":"$$EventMessageConfirm","confirm":"8f1bf5a6-9dd7-474b-9e6c-e27f41c1ad63","ts":"2026-08-28T11:03:34.179-04:00","source":{"id":"0","name":"eventBus"}}
{"__type":"$$EventMessageAudit","id":"814e5bd2-ed24-43b0-b5c1-effba230a80d","ts":"2026-08-28T11:09:29.355-04:00","eventName":"n8n.audit.workflow.updated","message":"n8n.audit.workflow.updated","payload":{"userId":"34a5222c-9bc6-488d-b5f7-c56ffdc3bffa","_email":"artemii.borisov22@icloud.com","_firstName":"artemii","_lastName":"borisov22","globalRole":"global:owner","workflowId":"sBd1k3ZMlyi45C1g","workflowName":"AI Prep Suggestion"}}
{"__type":"$$EventMessageConfirm","confirm":"814e5bd2-ed24-43b0-b5c1-effba230a80d","ts":"2026-08-28T11:09:29.355-04:00","source":{"id":"0","name":"eventBus"}}
{"__type":"$$EventMessageAudit","id":"e4ec8d4f-072f-418b-ab0a-997a93d72b0d","ts":"2026-08-28T11:09:29.650-04:00","eventName":"n8n.audit.workflow.deactivated","message":"n8n.audit.workflow.deactivated","payload":{"userId":"34a5222c-9bc6-488d-b5f7-c56ffdc3bffa","_email":"artemii.borisov22@icloud.com","_firstName":"artemii","_lastName":"borisov22","globalRole":"global:owner","workflowId":"sBd1k3ZMlyi45C1g","workflowName":"AI Prep Suggestion","deactivatedVersionId":"8e097cc5-eaf9-4733-ab38-78fad654ea6e"}}
{"__type":"$$EventMessageConfirm","confirm":"e4ec8d4f-072f-418b-ab0a-997a93d72b0d","ts":"2026-08-28T11:09:29.650-04:00","source":{"id":"0","name":"eventBus"}}
{"__type":"$$EventMessageAudit","id":"6c6868e1-2fab-4700-af0a-8e3ff41ba53e","ts":"2026-08-28T11:09:29.663-04:00","eventName":"n8n.audit.workflow.activated","message":"n8n.audit.workflow.activated","payload":{"userId":"34a5222c-9bc6-488d-b5f7-c56ffdc3bffa","_email":"artemii.borisov22@icloud.com","_firstName":"artemii","_lastName":"borisov22","globalRole":"global:owner","workflowId":"sBd1k3ZMlyi45C1g","workflowName":"AI Prep Suggestion","activeVersionId":"8e097cc5-eaf9-4733-ab38-78fad654ea6e"}}
{"__type":"$$EventMessageConfirm","confirm":"6c6868e1-2fab-4700-af0a-8e3ff41ba53e","ts":"2026-08-28T11:09:29.663-04:00","source":{"id":"0","name":"eventBus"}}
{"__type":"$$EventMessageAudit","id":"4e5a5674-2534-429e-a8c1-67d5a4b1bb25","ts":"2026-08-28T11:10:07.509-04:00","eventName":"n8n.audit.workflow.executed","message":"n8n.audit.workflow.executed","payload":{"workflowId":"sBd1k3ZMlyi45C1g","workflowName":"AI Prep Suggestion","executionId":"607","projectId":"f9jtqSpqgxocA0Fw","projectName":"artemii borisov22 <artemii.borisov22@icloud.com>","source":"webhook"}}
{"__type":"$$EventMessageConfirm","confirm":"4e5a5674-2534-429e-a8c1-67d5a4b1bb25","ts":"2026-08-28T11:10:07.509-04:00","source":{"id":"0","name":"eventBus"}}
{"__type":"$$EventMessageWorkflow","id":"d3fd2c4d-f364-4b38-92a9-b411fd1ec8d1","ts":"2026-08-28T11:10:07.600-04:00","eventName":"n8n.workflow.started","message":"n8n.workflow.started","payload":{"executionId":"607","workflowId":"sBd1k3ZMlyi45C1g","isManual":false,"mode":"webhook","workflowName":"AI Prep Suggestion","projectId":"f9jtqSpqgxocA0Fw","projectName":"artemii borisov22 <artemii.borisov22@icloud.com>"}}
{"__type":"$$EventMessageConfirm","confirm":"d3fd2c4d-f364-4b38-92a9-b411fd1ec8d1","ts":"2026-08-28T11:10:07.600-04:00","source":{"id":"0","name":"eventBus"}}
{"__type":"$$EventMessageNode","id":"8ce306f1-c326-46fd-a286-8a82e170c2e7","ts":"2026-08-28T11:10:07.602-04:00","eventName":"n8n.node.started","message":"n8n.node.started","payload":{"workflowId":"sBd1k3ZMlyi45C1g","workflowName":"AI Prep Suggestion","executionId":"607","nodeType":"n8n-nodes-base.webhook","nodeName":"Webhook","nodeId":"1"}}
{"__type":"$$EventMessageConfirm","confirm":"8ce306f1-c326-46fd-a286-8a82e170c2e7","ts":"2026-08-28T11:10:07.602-04:00","source":{"id":"0","name":"eventBus"}}
{"__type":"$$EventMessageNode","id":"e3f3a247-2092-42ed-af86-0c78c42fe4d9","ts":"2026-08-28T11:10:07.602-04:00","eventName":"n8n.node.finished","message":"n8n.node.finished","payload":{"workflowId":"sBd1k3ZMlyi45C1g","workflowName":"AI Prep Suggestion","executionId":"607","nodeType":"n8n-nodes-base.webhook","nodeName":"Webhook","nodeId":"1"}}
{"__type":"$$EventMessageConfirm","confirm":"e3f3a247-2092-42ed-af86-0c78c42fe4d9","ts":"2026-08-28T11:10:07.602-04:00","source":{"id":"0","name":"eventBus"}}
{"__type":"$$EventMessageNode","id":"3067521c-beea-4a46-a759-8bc1312e6bc2","ts":"2026-08-28T11:10:07.602-04:00","eventName":"n8n.node.started","message":"n8n.node.started","payload":{"workflowId":"sBd1k3ZMlyi45C1g","workflowName":"AI Prep Suggestion","executionId":"607","nodeType":"n8n-nodes-base.function","nodeName":"Function","nodeId":"2"}}
{"__type":"$$EventMessageConfirm","confirm":"3067521c-beea-4a46-a759-8bc1312e6bc2","ts":"2026-08-28T11:10:07.602-04:00","source":{"id":"0","name":"eventBus"}}
{"__type":"$$EventMessageNode","id":"eaa091bc-8674-41d4-8294-23acbff2e917","ts":"2026-08-28T11:10:07.613-04:00","eventName":"n8n.node.finished","message":"n8n.node.finished","payload":{"workflowId":"sBd1k3ZMlyi45C1g","workflowName":"AI Prep Suggestion","executionId":"607","nodeType":"n8n-nodes-base.function","nodeName":"Function","nodeId":"2"}}
{"__type":"$$EventMessageConfirm","confirm":"eaa091bc-8674-41d4-8294-23acbff2e917","ts":"2026-08-28T11:10:07.613-04:00","source":{"id":"0","name":"eventBus"}}
{"__type":"$$EventMessageWorkflow","id":"14716b9b-6132-4d47-9267-166cc384a825","ts":"2026-08-28T11:10:07.614-04:00","eventName":"n8n.workflow.failed","message":"n8n.workflow.failed","payload":{"executionId":"607","success":false,"isManual":false,"mode":"webhook","workflowId":"sBd1k3ZMlyi45C1g","workflowName":"AI Prep Suggestion","projectId":"f9jtqSpqgxocA0Fw","projectName":"artemii borisov22 <artemii.borisov22@icloud.com>","lastNodeExecuted":"Function","errorMessage":"Expecting Unicode escape sequence \\uXXXX [Line 180]"}}
{"__type":"$$EventMessageConfirm","confirm":"14716b9b-6132-4d47-9267-166cc384a825","ts":"2026-08-28T11:10:07.614-04:00","source":{"id":"0","name":"eventBus"}}
{"__type":"$$EventMessageAudit","id":"e144eb33-bd73-40f2-804e-83fb1e5b57e7","ts":"2026-08-28T11:12:37.668-04:00","eventName":"n8n.audit.workflow.activated","message":"n8n.audit.workflow.activated","payload":{"userId":"34a5222c-9bc6-488d-b5f7-c56ffdc3bffa","_email":"artemii.borisov22@icloud.com","_firstName":"artemii","_lastName":"borisov22","globalRole":"global:owner","workflowId":"MS5GyQ8C8WGsGhzc","workflowName":"AI Prep Suggestion v2","activeVersionId":"0e6cc0b7-a266-4d3a-9b3c-a98f3b670141"}}
{"__type":"$$EventMessageConfirm","confirm":"e144eb33-bd73-40f2-804e-83fb1e5b57e7","ts":"2026-08-28T11:12:37.668-04:00","source":{"id":"0","name":"eventBus"}}
{"__type":"$$EventMessageAudit","id":"cec31e69-c56a-46d0-b2b6-bcdb2870722d","ts":"2026-08-28T11:12:41.703-04:00","eventName":"n8n.audit.workflow.executed","message":"n8n.audit.workflow.executed","payload":{"workflowId":"MS5GyQ8C8WGsGhzc","workflowName":"AI Prep Suggestion v2","executionId":"608","projectId":"f9jtqSpqgxocA0Fw","projectName":"artemii borisov22 <artemii.borisov22@icloud.com>","source":"webhook"}}
{"__type":"$$EventMessageConfirm","confirm":"cec31e69-c56a-46d0-b2b6-bcdb2870722d","ts":"2026-08-28T11:12:41.704-04:00","source":{"id":"0","name":"eventBus"}}
{"__type":"$$EventMessageWorkflow","id":"93467cdc-151c-43ea-857f-05e5f95ee061","ts":"2026-08-28T11:12:41.745-04:00","eventName":"n8n.workflow.started","message":"n8n.workflow.started","payload":{"executionId":"608","workflowId":"MS5GyQ8C8WGsGhzc","isManual":false,"mode":"webhook","workflowName":"AI Prep Suggestion v2","projectId":"f9jtqSpqgxocA0Fw","projectName":"artemii borisov22 <artemii.borisov22@icloud.com>"}}
{"__type":"$$EventMessageConfirm","confirm":"93467cdc-151c-43ea-857f-05e5f95ee061","ts":"2026-08-28T11:12:41.745-04:00","source":{"id":"0","name":"eventBus"}}
{"__type":"$$EventMessageNode","id":"58e4622b-92f9-42e5-a09c-5bbae6550778","ts":"2026-08-28T11:12:41.745-04:00","eventName":"n8n.node.started","message":"n8n.node.started","payload":{"workflowId":"MS5GyQ8C8WGsGhzc","workflowName":"AI Prep Suggestion v2","executionId":"608","nodeType":"n8n-nodes-base.webhook","nodeName":"Webhook","nodeId":"1"}}
{"__type":"$$EventMessageConfirm","confirm":"58e4622b-92f9-42e5-a09c-5bbae6550778","ts":"2026-08-28T11:12:41.745-04:00","source":{"id":"0","name":"eventBus"}}
{"__type":"$$EventMessageNode","id":"7ababb71-329f-4216-97e9-d61d10fe2535","ts":"2026-08-28T11:12:41.745-04:00","eventName":"n8n.node.finished","message":"n8n.node.finished","payload":{"workflowId":"MS5GyQ8C8WGsGhzc","workflowName":"AI Prep Suggestion v2","executionId":"608","nodeType":"n8n-nodes-base.webhook","nodeName":"Webhook","nodeId":"1"}}
{"__type":"$$EventMessageConfirm","confirm":"7ababb71-329f-4216-97e9-d61d10fe2535","ts":"2026-08-28T11:12:41.745-04:00","source":{"id":"0","name":"eventBus"}}
{"__type":"$$EventMessageNode","id":"997fb578-3b11-45cd-b361-9ec9a4d5bfb8","ts":"2026-08-28T11:12:41.745-04:00","eventName":"n8n.node.started","message":"n8n.node.started","payload":{"workflowId":"MS5GyQ8C8WGsGhzc","workflowName":"AI Prep Suggestion v2","executionId":"608","nodeType":"n8n-nodes-base.function","nodeName":"Function","nodeId":"2"}}
{"__type":"$$EventMessageConfirm","confirm":"997fb578-3b11-45cd-b361-9ec9a4d5bfb8","ts":"2026-08-28T11:12:41.745-04:00","source":{"id":"0","name":"eventBus"}}
{"__type":"$$EventMessageNode","id":"6904ae01-34c6-4149-805c-17402e578a40","ts":"2026-08-28T11:12:41.749-04:00","eventName":"n8n.node.finished","message":"n8n.node.finished","payload":{"workflowId":"MS5GyQ8C8WGsGhzc","workflowName":"AI Prep Suggestion v2","executionId":"608","nodeType":"n8n-nodes-base.function","nodeName":"Function","nodeId":"2"}}
{"__type":"$$EventMessageConfirm","confirm":"6904ae01-34c6-4149-805c-17402e578a40","ts":"2026-08-28T11:12:41.749-04:00","source":{"id":"0","name":"eventBus"}}
{"__type":"$$EventMessageWorkflow","id":"aba508d2-8077-4d1c-9662-d4adf7cf2620","ts":"2026-08-28T11:12:41.750-04:00","eventName":"n8n.workflow.failed","message":"n8n.workflow.failed","payload":{"executionId":"608","success":false,"isManual":false,"mode":"webhook","workflowId":"MS5GyQ8C8WGsGhzc","workflowName":"AI Prep Suggestion v2","projectId":"f9jtqSpqgxocA0Fw","projectName":"artemii borisov22 <artemii.borisov22@icloud.com>","lastNodeExecuted":"Function","errorMessage":"Expecting Unicode escape sequence \\uXXXX [Line 180]"}}
{"__type":"$$EventMessageConfirm","confirm":"aba508d2-8077-4d1c-9662-d4adf7cf2620","ts":"2026-08-28T11:12:41.750-04:00","source":{"id":"0","name":"eventBus"}}
{"__type":"$$EventMessageAudit","id":"35a8aa61-aeb0-4884-be6b-7e45aa43d208","ts":"2026-08-28T11:13:11.554-04:00","eventName":"n8n.audit.workflow.updated","message":"n8n.audit.workflow.updated","payload":{"userId":"34a5222c-9bc6-488d-b5f7-c56ffdc3bffa","_email":"artemii.borisov22@icloud.com","_firstName":"artemii","_lastName":"borisov22","globalRole":"global:owner","workflowId":"MS5GyQ8C8WGsGhzc","workflowName":"AI Prep Suggestion v2"}}
{"__type":"$$EventMessageConfirm","confirm":"35a8aa61-aeb0-4884-be6b-7e45aa43d208","ts":"2026-08-28T11:13:11.554-04:00","source":{"id":"0","name":"eventBus"}}
{"__type":"$$EventMessageAudit","id":"8bfd392c-903a-4c76-99ac-ee69d626d389","ts":"2026-08-28T11:13:11.638-04:00","eventName":"n8n.audit.workflow.deactivated","message":"n8n.audit.workflow.deactivated","payload":{"userId":"34a5222c-9bc6-488d-b5f7-c56ffdc3bffa","_email":"artemii.borisov22@icloud.com","_firstName":"artemii","_lastName":"borisov22","globalRole":"global:owner","workflowId":"MS5GyQ8C8WGsGhzc","workflowName":"AI Prep Suggestion v2","deactivatedVersionId":"0e6cc0b7-a266-4d3a-9b3c-a98f3b670141"}}
{"__type":"$$EventMessageConfirm","confirm":"8bfd392c-903a-4c76-99ac-ee69d626d389","ts":"2026-08-28T11:13:11.638-04:00","source":{"id":"0","name":"eventBus"}}
{"__type":"$$EventMessageAudit","id":"475d154c-4f2a-4d14-b15d-0ea8b2949758","ts":"2026-08-28T11:13:11.648-04:00","eventName":"n8n.audit.workflow.activated","message":"n8n.audit.workflow.activated","payload":{"userId":"34a5222c-9bc6-488d-b5f7-c56ffdc3bffa","_email":"artemii.borisov22@icloud.com","_firstName":"artemii","_lastName":"borisov22","globalRole":"global:owner","workflowId":"MS5GyQ8C8WGsGhzc","workflowName":"AI Prep Suggestion v2","activeVersionId":"de76f980-e219-472e-b715-68ed7d1c6295"}}
{"__type":"$$EventMessageConfirm","confirm":"475d154c-4f2a-4d14-b15d-0ea8b2949758","ts":"2026-08-28T11:13:11.648-04:00","source":{"id":"0","name":"eventBus"}}
{"__type":"$$EventMessageAudit","id":"612ea6f4-371b-4501-ab54-66377d4e2146","ts":"2026-08-28T11:13:16.001-04:00","eventName":"n8n.audit.workflow.executed","message":"n8n.audit.workflow.executed","payload":{"workflowId":"MS5GyQ8C8WGsGhzc","workflowName":"AI Prep Suggestion v2","executionId":"609","projectId":"f9jtqSpqgxocA0Fw","projectName":"artemii borisov22 <artemii.borisov22@icloud.com>","source":"webhook"}}
{"__type":"$$EventMessageConfirm","confirm":"612ea6f4-371b-4501-ab54-66377d4e2146","ts":"2026-08-28T11:13:16.001-04:00","source":{"id":"0","name":"eventBus"}}
{"__type":"$$EventMessageWorkflow","id":"d2d2705e-923a-417e-bb43-f88326a21e3b","ts":"2026-08-28T11:13:16.047-04:00","eventName":"n8n.workflow.started","message":"n8n.workflow.started","payload":{"executionId":"609","workflowId":"MS5GyQ8C8WGsGhzc","isManual":false,"mode":"webhook","workflowName":"AI Prep Suggestion v2","projectId":"f9jtqSpqgxocA0Fw","projectName":"artemii borisov22 <artemii.borisov22@icloud.com>"}}
{"__type":"$$EventMessageConfirm","confirm":"d2d2705e-923a-417e-bb43-f88326a21e3b","ts":"2026-08-28T11:13:16.048-04:00","source":{"id":"0","name":"eventBus"}}
{"__type":"$$EventMessageNode","id":"937a6df8-6668-44c5-b796-71155d10696d","ts":"2026-08-28T11:13:16.048-04:00","eventName":"n8n.node.started","message":"n8n.node.started","payload":{"workflowId":"MS5GyQ8C8WGsGhzc","workflowName":"AI Prep Suggestion v2","executionId":"609","nodeType":"n8n-nodes-base.webhook","nodeName":"Webhook","nodeId":"1"}}
{"__type":"$$EventMessageConfirm","confirm":"937a6df8-6668-44c5-b796-71155d10696d","ts":"2026-08-28T11:13:16.048-04:00","source":{"id":"0","name":"eventBus"}}
{"__type":"$$EventMessageNode","id":"25509c19-3c74-4877-9215-9a8e0e8dc3d4","ts":"2026-08-28T11:13:16.048-04:00","eventName":"n8n.node.finished","message":"n8n.node.finished","payload":{"workflowId":"MS5GyQ8C8WGsGhzc","workflowName":"AI Prep Suggestion v2","executionId":"609","nodeType":"n8n-nodes-base.webhook","nodeName":"Webhook","nodeId":"1"}}
{"__type":"$$EventMessageConfirm","confirm":"25509c19-3c74-4877-9215-9a8e0e8dc3d4","ts":"2026-08-28T11:13:16.048-04:00","source":{"id":"0","name":"eventBus"}}
{"__type":"$$EventMessageNode","id":"a2447d03-dda6-48f1-b704-c5dcc7016ac1","ts":"2026-08-28T11:13:16.048-04:00","eventName":"n8n.node.started","message":"n8n.node.started","payload":{"workflowId":"MS5GyQ8C8WGsGhzc","workflowName":"AI Prep Suggestion v2","executionId":"609","nodeType":"n8n-nodes-base.function","nodeName":"Function","nodeId":"2"}}
{"__type":"$$EventMessageConfirm","confirm":"a2447d03-dda6-48f1-b704-c5dcc7016ac1","ts":"2026-08-28T11:13:16.048-04:00","source":{"id":"0","name":"eventBus"}}
{"__type":"$$EventMessageNode","id":"42214d0e-1fe8-4963-ac8b-571f60ea1fcf","ts":"2026-08-28T11:13:16.054-04:00","eventName":"n8n.node.finished","message":"n8n.node.finished","payload":{"workflowId":"MS5GyQ8C8WGsGhzc","workflowName":"AI Prep Suggestion v2","executionId":"609","nodeType":"n8n-nodes-base.function","nodeName":"Function","nodeId":"2"}}
{"__type":"$$EventMessageConfirm","confirm":"42214d0e-1fe8-4963-ac8b-571f60ea1fcf","ts":"2026-08-28T11:13:16.054-04:00","source":{"id":"0","name":"eventBus"}}
{"__type":"$$EventMessageWorkflow","id":"a1b9c22b-d98f-422e-8206-c2add61bfea9","ts":"2026-08-28T11:13:16.054-04:00","eventName":"n8n.workflow.failed","message":"n8n.workflow.failed","payload":{"executionId":"609","success":false,"isManual":false,"mode":"webhook","workflowId":"MS5GyQ8C8WGsGhzc","workflowName":"AI Prep Suggestion v2","projectId":"f9jtqSpqgxocA0Fw","projectName":"artemii borisov22 <artemii.borisov22@icloud.com>","lastNodeExecuted":"Function","errorMessage":"Expecting Unicode escape sequence \\uXXXX [Line 180]"}}
{"__type":"$$EventMessageConfirm","confirm":"a1b9c22b-d98f-422e-8206-c2add61bfea9","ts":"2026-08-28T11:13:16.054-04:00","source":{"id":"0","name":"eventBus"}}
{"__type":"$$EventMessageAudit","id":"4b2831d4-48eb-458e-913a-cc897ccc0ded","ts":"2026-08-28T11:13:58.737-04:00","eventName":"n8n.audit.workflow.updated","message":"n8n.audit.workflow.updated","payload":{"userId":"34a5222c-9bc6-488d-b5f7-c56ffdc3bffa","_email":"artemii.borisov22@icloud.com","_firstName":"artemii","_lastName":"borisov22","globalRole":"global:owner","workflowId":"MS5GyQ8C8WGsGhzc","workflowName":"AI Prep Suggestion v2"}}
{"__type":"$$EventMessageConfirm","confirm":"4b2831d4-48eb-458e-913a-cc897ccc0ded","ts":"2026-08-28T11:13:58.737-04:00","source":{"id":"0","name":"eventBus"}}
{"__type":"$$EventMessageAudit","id":"6aa6c171-ba33-4364-9a81-cf1e9cbcd81a","ts":"2026-08-28T11:13:58.827-04:00","eventName":"n8n.audit.workflow.deactivated","message":"n8n.audit.workflow.deactivated","payload":{"userId":"34a5222c-9bc6-488d-b5f7-c56ffdc3bffa","_email":"artemii.borisov22@icloud.com","_firstName":"artemii","_lastName":"borisov22","globalRole":"global:owner","workflowId":"MS5GyQ8C8WGsGhzc","workflowName":"AI Prep Suggestion v2","deactivatedVersionId":"de76f980-e219-472e-b715-68ed7d1c6295"}}
{"__type":"$$EventMessageConfirm","confirm":"6aa6c171-ba33-4364-9a81-cf1e9cbcd81a","ts":"2026-08-28T11:13:58.827-04:00","source":{"id":"0","name":"eventBus"}}
{"__type":"$$EventMessageAudit","id":"9ca69913-2f46-4aa1-81b4-249ba284c415","ts":"2026-08-28T11:13:58.835-04:00","eventName":"n8n.audit.workflow.activated","message":"n8n.audit.workflow.activated","payload":{"userId":"34a5222c-9bc6-488d-b5f7-c56ffdc3bffa","_email":"artemii.borisov22@icloud.com","_firstName":"artemii","_lastName":"borisov22","globalRole":"global:owner","workflowId":"MS5GyQ8C8WGsGhzc","workflowName":"AI Prep Suggestion v2","activeVersionId":"263672f0-e04a-49ce-a936-b16f653a1e23"}}
{"__type":"$$EventMessageConfirm","confirm":"9ca69913-2f46-4aa1-81b4-249ba284c415","ts":"2026-08-28T11:13:58.835-04:00","source":{"id":"0","name":"eventBus"}}
{"__type":"$$EventMessageAudit","id":"2d79daeb-b7ef-4436-925c-25aad39782e7","ts":"2026-08-28T11:14:04.407-04:00","eventName":"n8n.audit.workflow.executed","message":"n8n.audit.workflow.executed","payload":{"workflowId":"MS5GyQ8C8WGsGhzc","workflowName":"AI Prep Suggestion v2","executionId":"610","projectId":"f9jtqSpqgxocA0Fw","projectName":"artemii borisov22 <artemii.borisov22@icloud.com>","source":"webhook"}}
{"__type":"$$EventMessageConfirm","confirm":"2d79daeb-b7ef-4436-925c-25aad39782e7","ts":"2026-08-28T11:14:04.407-04:00","source":{"id":"0","name":"eventBus"}}
{"__type":"$$EventMessageWorkflow","id":"bd5c5b98-f7a2-4770-8e2e-94a441668bb7","ts":"2026-08-28T11:14:04.445-04:00","eventName":"n8n.workflow.started","message":"n8n.workflow.started","payload":{"executionId":"610","workflowId":"MS5GyQ8C8WGsGhzc","isManual":false,"mode":"webhook","workflowName":"AI Prep Suggestion v2","projectId":"f9jtqSpqgxocA0Fw","projectName":"artemii borisov22 <artemii.borisov22@icloud.com>"}}
{"__type":"$$EventMessageConfirm","confirm":"bd5c5b98-f7a2-4770-8e2e-94a441668bb7","ts":"2026-08-28T11:14:04.445-04:00","source":{"id":"0","name":"eventBus"}}
{"__type":"$$EventMessageNode","id":"16e2cb11-dd22-43d2-a3fa-0dda5f226530","ts":"2026-08-28T11:14:04.445-04:00","eventName":"n8n.node.started","message":"n8n.node.started","payload":{"workflowId":"MS5GyQ8C8WGsGhzc","workflowName":"AI Prep Suggestion v2","executionId":"610","nodeType":"n8n-nodes-base.webhook","nodeName":"Webhook","nodeId":"1"}}
{"__type":"$$EventMessageConfirm","confirm":"16e2cb11-dd22-43d2-a3fa-0dda5f226530","ts":"2026-08-28T11:14:04.445-04:00","source":{"id":"0","name":"eventBus"}}
{"__type":"$$EventMessageNode","id":"3092aa28-f953-482a-995c-4e1a3c8fff5e","ts":"2026-08-28T11:14:04.445-04:00","eventName":"n8n.node.finished","message":"n8n.node.finished","payload":{"workflowId":"MS5GyQ8C8WGsGhzc","workflowName":"AI Prep Suggestion v2","executionId":"610","nodeType":"n8n-nodes-base.webhook","nodeName":"Webhook","nodeId":"1"}}
{"__type":"$$EventMessageConfirm","confirm":"3092aa28-f953-482a-995c-4e1a3c8fff5e","ts":"2026-08-28T11:14:04.446-04:00","source":{"id":"0","name":"eventBus"}}
{"__type":"$$EventMessageNode","id":"65e75833-261a-4cb9-8d77-11768b8074f5","ts":"2026-08-28T11:14:04.446-04:00","eventName":"n8n.node.started","message":"n8n.node.started","payload":{"workflowId":"MS5GyQ8C8WGsGhzc","workflowName":"AI Prep Suggestion v2","executionId":"610","nodeType":"n8n-nodes-base.function","nodeName":"Function","nodeId":"2"}}
{"__type":"$$EventMessageConfirm","confirm":"65e75833-261a-4cb9-8d77-11768b8074f5","ts":"2026-08-28T11:14:04.446-04:00","source":{"id":"0","name":"eventBus"}}
{"__type":"$$EventMessageNode","id":"9639f994-4bf0-4591-909b-2ff4530c5589","ts":"2026-08-28T11:14:04.452-04:00","eventName":"n8n.node.finished","message":"n8n.node.finished","payload":{"workflowId":"MS5GyQ8C8WGsGhzc","workflowName":"AI Prep Suggestion v2","executionId":"610","nodeType":"n8n-nodes-base.function","nodeName":"Function","nodeId":"2"}}
{"__type":"$$EventMessageConfirm","confirm":"9639f994-4bf0-4591-909b-2ff4530c5589","ts":"2026-08-28T11:14:04.452-04:00","source":{"id":"0","name":"eventBus"}}
{"__type":"$$EventMessageWorkflow","id":"7f4954cb-03c5-4af6-98e5-55190c711e1e","ts":"2026-08-28T11:14:04.453-04:00","eventName":"n8n.workflow.success","message":"n8n.workflow.success","payload":{"executionId":"610","success":true,"isManual":false,"mode":"webhook","workflowId":"MS5GyQ8C8WGsGhzc","workflowName":"AI Prep Suggestion v2","projectId":"f9jtqSpqgxocA0Fw","projectName":"artemii borisov22 <artemii.borisov22@icloud.com>"}}
{"__type":"$$EventMessageConfirm","confirm":"7f4954cb-03c5-4af6-98e5-55190c711e1e","ts":"2026-08-28T11:14:04.453-04:00","source":{"id":"0","name":"eventBus"}}
{"__type":"$$EventMessageAudit","id":"ac5233e1-467c-4b07-88aa-70f33bbc9d01","ts":"2026-08-28T11:14:38.240-04:00","eventName":"n8n.audit.workflow.updated","message":"n8n.audit.workflow.updated","payload":{"userId":"34a5222c-9bc6-488d-b5f7-c56ffdc3bffa","_email":"artemii.borisov22@icloud.com","_firstName":"artemii","_lastName":"borisov22","globalRole":"global:owner","workflowId":"MS5GyQ8C8WGsGhzc","workflowName":"AI Prep Suggestion v2"}}
{"__type":"$$EventMessageConfirm","confirm":"ac5233e1-467c-4b07-88aa-70f33bbc9d01","ts":"2026-08-28T11:14:38.240-04:00","source":{"id":"0","name":"eventBus"}}
{"__type":"$$EventMessageAudit","id":"f2681c02-6cb8-4065-8ffa-02d5b3241ee4","ts":"2026-08-28T11:14:38.325-04:00","eventName":"n8n.audit.workflow.deactivated","message":"n8n.audit.workflow.deactivated","payload":{"userId":"34a5222c-9bc6-488d-b5f7-c56ffdc3bffa","_email":"artemii.borisov22@icloud.com","_firstName":"artemii","_lastName":"borisov22","globalRole":"global:owner","workflowId":"MS5GyQ8C8WGsGhzc","workflowName":"AI Prep Suggestion v2","deactivatedVersionId":"263672f0-e04a-49ce-a936-b16f653a1e23"}}
{"__type":"$$EventMessageConfirm","confirm":"f2681c02-6cb8-4065-8ffa-02d5b3241ee4","ts":"2026-08-28T11:14:38.325-04:00","source":{"id":"0","name":"eventBus"}}
{"__type":"$$EventMessageAudit","id":"e17185d8-05c2-438a-8b55-2e3d1376dfae","ts":"2026-08-28T11:14:38.336-04:00","eventName":"n8n.audit.workflow.activated","message":"n8n.audit.workflow.activated","payload":{"userId":"34a5222c-9bc6-488d-b5f7-c56ffdc3bffa","_email":"artemii.borisov22@icloud.com","_firstName":"artemii","_lastName":"borisov22","globalRole":"global:owner","workflowId":"MS5GyQ8C8WGsGhzc","workflowName":"AI Prep Suggestion v2","activeVersionId":"735dccdb-6ab0-4467-a443-700fadb418db"}}
{"__type":"$$EventMessageConfirm","confirm":"e17185d8-05c2-438a-8b55-2e3d1376dfae","ts":"2026-08-28T11:14:38.336-04:00","source":{"id":"0","name":"eventBus"}}
{"__type":"$$EventMessageAudit","id":"e03198cb-aa68-4a67-8ac3-ecef404502c8","ts":"2026-08-28T11:14:46.048-04:00","eventName":"n8n.audit.workflow.executed","message":"n8n.audit.workflow.executed","payload":{"workflowId":"MS5GyQ8C8WGsGhzc","workflowName":"AI Prep Suggestion v2","executionId":"611","projectId":"f9jtqSpqgxocA0Fw","projectName":"artemii borisov22 <artemii.borisov22@icloud.com>","source":"webhook"}}
{"__type":"$$EventMessageConfirm","confirm":"e03198cb-aa68-4a67-8ac3-ecef404502c8","ts":"2026-08-28T11:14:46.048-04:00","source":{"id":"0","name":"eventBus"}}
{"__type":"$$EventMessageWorkflow","id":"b2ebec5e-9345-4114-aba4-100eba3adea8","ts":"2026-08-28T11:14:46.092-04:00","eventName":"n8n.workflow.started","message":"n8n.workflow.started","payload":{"executionId":"611","workflowId":"MS5GyQ8C8WGsGhzc","isManual":false,"mode":"webhook","workflowName":"AI Prep Suggestion v2","projectId":"f9jtqSpqgxocA0Fw","projectName":"artemii borisov22 <artemii.borisov22@icloud.com>"}}
{"__type":"$$EventMessageConfirm","confirm":"b2ebec5e-9345-4114-aba4-100eba3adea8","ts":"2026-08-28T11:14:46.092-04:00","source":{"id":"0","name":"eventBus"}}
{"__type":"$$EventMessageNode","id":"41c5fd36-8849-4d28-9e0e-7f340f648907","ts":"2026-08-28T11:14:46.092-04:00","eventName":"n8n.node.started","message":"n8n.node.started","payload":{"workflowId":"MS5GyQ8C8WGsGhzc","workflowName":"AI Prep Suggestion v2","executionId":"611","nodeType":"n8n-nodes-base.webhook","nodeName":"Webhook","nodeId":"1"}}
{"__type":"$$EventMessageConfirm","confirm":"41c5fd36-8849-4d28-9e0e-7f340f648907","ts":"2026-08-28T11:14:46.092-04:00","source":{"id":"0","name":"eventBus"}}
{"__type":"$$EventMessageNode","id":"a1ef2a02-02fd-473e-b4b2-62f04e899203","ts":"2026-08-28T11:14:46.093-04:00","eventName":"n8n.node.finished","message":"n8n.node.finished","payload":{"workflowId":"MS5GyQ8C8WGsGhzc","workflowName":"AI Prep Suggestion v2","executionId":"611","nodeType":"n8n-nodes-base.webhook","nodeName":"Webhook","nodeId":"1"}}
{"__type":"$$EventMessageConfirm","confirm":"a1ef2a02-02fd-473e-b4b2-62f04e899203","ts":"2026-08-28T11:14:46.093-04:00","source":{"id":"0","name":"eventBus"}}
{"__type":"$$EventMessageNode","id":"43861da7-77f7-4a69-8cf1-3ccd7198e26f","ts":"2026-08-28T11:14:46.093-04:00","eventName":"n8n.node.started","message":"n8n.node.started","payload":{"workflowId":"MS5GyQ8C8WGsGhzc","workflowName":"AI Prep Suggestion v2","executionId":"611","nodeType":"n8n-nodes-base.function","nodeName":"Function","nodeId":"2"}}
{"__type":"$$EventMessageConfirm","confirm":"43861da7-77f7-4a69-8cf1-3ccd7198e26f","ts":"2026-08-28T11:14:46.093-04:00","source":{"id":"0","name":"eventBus"}}
{"__type":"$$EventMessageNode","id":"de4bdd20-d445-4369-8fce-b98a8fa6fbd6","ts":"2026-08-28T11:14:46.102-04:00","eventName":"n8n.node.finished","message":"n8n.node.finished","payload":{"workflowId":"MS5GyQ8C8WGsGhzc","workflowName":"AI Prep Suggestion v2","executionId":"611","nodeType":"n8n-nodes-base.function","nodeName":"Function","nodeId":"2"}}
{"__type":"$$EventMessageConfirm","confirm":"de4bdd20-d445-4369-8fce-b98a8fa6fbd6","ts":"2026-08-28T11:14:46.102-04:00","source":{"id":"0","name":"eventBus"}}
{"__type":"$$EventMessageWorkflow","id":"1c7f2e07-3522-4f6b-8b31-672d085553b6","ts":"2026-08-28T11:14:46.103-04:00","eventName":"n8n.workflow.failed","message":"n8n.workflow.failed","payload":{"executionId":"611","success":false,"isManual":false,"mode":"webhook","workflowId":"MS5GyQ8C8WGsGhzc","workflowName":"AI Prep Suggestion v2","projectId":"f9jtqSpqgxocA0Fw","projectName":"artemii borisov22 <artemii.borisov22@icloud.com>","lastNodeExecuted":"Function","errorMessage":"Expecting Unicode escape sequence \\uXXXX [Line 180]"}}
{"__type":"$$EventMessageConfirm","confirm":"1c7f2e07-3522-4f6b-8b31-672d085553b6","ts":"2026-08-28T11:14:46.103-04:00","source":{"id":"0","name":"eventBus"}}
{"__type":"$$EventMessageAudit","id":"4c5bb9d4-29f6-4cba-a9f0-9abb2946683f","ts":"2026-08-28T11:21:34.898-04:00","eventName":"n8n.audit.workflow.created","message":"n8n.audit.workflow.created","payload":{"userId":"34a5222c-9bc6-488d-b5f7-c56ffdc3bffa","_email":"artemii.borisov22@icloud.com","_firstName":"artemii","_lastName":"borisov22","globalRole":"global:owner","workflowId":"Nf7epVT7BKEQjvwP","workflowName":"AI Prep Suggestion v3"}}
{"__type":"$$EventMessageConfirm","confirm":"4c5bb9d4-29f6-4cba-a9f0-9abb2946683f","ts":"2026-08-28T11:21:34.899-04:00","source":{"id":"0","name":"eventBus"}}
{"__type":"$$EventMessageAudit","id":"e09f1291-d0d2-4335-8a45-5b232ec9489b","ts":"2026-08-28T11:24:10.868-04:00","eventName":"n8n.audit.workflow.activated","message":"n8n.audit.workflow.activated","payload":{"userId":"34a5222c-9bc6-488d-b5f7-c56ffdc3bffa","_email":"artemii.borisov22@icloud.com","_firstName":"artemii","_lastName":"borisov22","globalRole":"global:owner","workflowId":"Nf7epVT7BKEQjvwP","workflowName":"AI Prep Suggestion v3","activeVersionId":"b8f3dc88-96f1-4220-b3f7-9056d76d99fc"}}
{"__type":"$$EventMessageConfirm","confirm":"e09f1291-d0d2-4335-8a45-5b232ec9489b","ts":"2026-08-28T11:24:10.868-04:00","source":{"id":"0","name":"eventBus"}}
{"__type":"$$EventMessageAudit","id":"d8802e24-93bf-4d6e-804f-52976dda287c","ts":"2026-08-28T11:24:24.449-04:00","eventName":"n8n.audit.workflow.executed","message":"n8n.audit.workflow.executed","payload":{"workflowId":"Nf7epVT7BKEQjvwP","workflowName":"AI Prep Suggestion v3","executionId":"612","projectId":"f9jtqSpqgxocA0Fw","projectName":"artemii borisov22 <artemii.borisov22@icloud.com>","source":"webhook"}}
{"__type":"$$EventMessageConfirm","confirm":"d8802e24-93bf-4d6e-804f-52976dda287c","ts":"2026-08-28T11:24:24.450-04:00","source":{"id":"0","name":"eventBus"}}
{"__type":"$$EventMessageWorkflow","id":"c8524011-6aa1-4d9f-9984-12f6ef1c974b","ts":"2026-08-28T11:24:24.504-04:00","eventName":"n8n.workflow.started","message":"n8n.workflow.started","payload":{"executionId":"612","workflowId":"Nf7epVT7BKEQjvwP","isManual":false,"mode":"webhook","workflowName":"AI Prep Suggestion v3","projectId":"f9jtqSpqgxocA0Fw","projectName":"artemii borisov22 <artemii.borisov22@icloud.com>"}}
{"__type":"$$EventMessageConfirm","confirm":"c8524011-6aa1-4d9f-9984-12f6ef1c974b","ts":"2026-08-28T11:24:24.504-04:00","source":{"id":"0","name":"eventBus"}}
{"__type":"$$EventMessageNode","id":"99721bbd-1ecd-41cf-b980-3c338610a4fc","ts":"2026-08-28T11:24:24.504-04:00","eventName":"n8n.node.started","message":"n8n.node.started","payload":{"workflowId":"Nf7epVT7BKEQjvwP","workflowName":"AI Prep Suggestion v3","executionId":"612","nodeType":"n8n-nodes-base.webhook","nodeName":"Webhook","nodeId":"1"}}
{"__type":"$$EventMessageConfirm","confirm":"99721bbd-1ecd-41cf-b980-3c338610a4fc","ts":"2026-08-28T11:24:24.504-04:00","source":{"id":"0","name":"eventBus"}}
{"__type":"$$EventMessageNode","id":"88c0e0a6-6a62-40e9-939b-d25f39648855","ts":"2026-08-28T11:24:24.505-04:00","eventName":"n8n.node.finished","message":"n8n.node.finished","payload":{"workflowId":"Nf7epVT7BKEQjvwP","workflowName":"AI Prep Suggestion v3","executionId":"612","nodeType":"n8n-nodes-base.webhook","nodeName":"Webhook","nodeId":"1"}}
{"__type":"$$EventMessageConfirm","confirm":"88c0e0a6-6a62-40e9-939b-d25f39648855","ts":"2026-08-28T11:24:24.505-04:00","source":{"id":"0","name":"eventBus"}}
{"__type":"$$EventMessageNode","id":"438e2186-e31b-41eb-be9c-b2187cdb59a7","ts":"2026-08-28T11:24:24.505-04:00","eventName":"n8n.node.started","message":"n8n.node.started","payload":{"workflowId":"Nf7epVT7BKEQjvwP","workflowName":"AI Prep Suggestion v3","executionId":"612","nodeType":"n8n-nodes-base.function","nodeName":"Function","nodeId":"2"}}
{"__type":"$$EventMessageConfirm","confirm":"438e2186-e31b-41eb-be9c-b2187cdb59a7","ts":"2026-08-28T11:24:24.505-04:00","source":{"id":"0","name":"eventBus"}}
{"__type":"$$EventMessageNode","id":"2908caa4-6c26-447a-959c-358079063aac","ts":"2026-08-28T11:24:24.514-04:00","eventName":"n8n.node.finished","message":"n8n.node.finished","payload":{"workflowId":"Nf7epVT7BKEQjvwP","workflowName":"AI Prep Suggestion v3","executionId":"612","nodeType":"n8n-nodes-base.function","nodeName":"Function","nodeId":"2"}}
{"__type":"$$EventMessageConfirm","confirm":"2908caa4-6c26-447a-959c-358079063aac","ts":"2026-08-28T11:24:24.514-04:00","source":{"id":"0","name":"eventBus"}}
{"__type":"$$EventMessageWorkflow","id":"5c4eb55b-d3ef-45e2-8704-68a1f6cf8497","ts":"2026-08-28T11:24:24.515-04:00","eventName":"n8n.workflow.success","message":"n8n.workflow.success","payload":{"executionId":"612","success":true,"isManual":false,"mode":"webhook","workflowId":"Nf7epVT7BKEQjvwP","workflowName":"AI Prep Suggestion v3","projectId":"f9jtqSpqgxocA0Fw","projectName":"artemii borisov22 <artemii.borisov22@icloud.com>"}}
{"__type":"$$EventMessageConfirm","confirm":"5c4eb55b-d3ef-45e2-8704-68a1f6cf8497","ts":"2026-08-28T11:24:24.515-04:00","source":{"id":"0","name":"eventBus"}}
{"__type":"$$EventMessageAudit","id":"da8a2bf4-e4bc-4c41-8061-c4d5ee6bf79a","ts":"2026-08-28T11:24:56.231-04:00","eventName":"n8n.audit.workflow.updated","message":"n8n.audit.workflow.updated","payload":{"userId":"34a5222c-9bc6-488d-b5f7-c56ffdc3bffa","_email":"artemii.borisov22@icloud.com","_firstName":"artemii","_lastName":"borisov22","globalRole":"global:owner","workflowId":"Nf7epVT7BKEQjvwP","workflowName":"AI Prep Suggestion v3"}}
{"__type":"$$EventMessageConfirm","confirm":"da8a2bf4-e4bc-4c41-8061-c4d5ee6bf79a","ts":"2026-08-28T11:24:56.231-04:00","source":{"id":"0","name":"eventBus"}}
{"__type":"$$EventMessageAudit","id":"0d92ff9e-5fc8-4efa-9b83-9dcfe0b7469f","ts":"2026-08-28T11:24:56.312-04:00","eventName":"n8n.audit.workflow.deactivated","message":"n8n.audit.workflow.deactivated","payload":{"userId":"34a5222c-9bc6-488d-b5f7-c56ffdc3bffa","_email":"artemii.borisov22@icloud.com","_firstName":"artemii","_lastName":"borisov22","globalRole":"global:owner","workflowId":"Nf7epVT7BKEQjvwP","workflowName":"AI Prep Suggestion v3","deactivatedVersionId":"b8f3dc88-96f1-4220-b3f7-9056d76d99fc"}}
{"__type":"$$EventMessageConfirm","confirm":"0d92ff9e-5fc8-4efa-9b83-9dcfe0b7469f","ts":"2026-08-28T11:24:56.312-04:00","source":{"id":"0","name":"eventBus"}}
{"__type":"$$EventMessageAudit","id":"e0938c70-5b11-4f93-9c02-109945807dd6","ts":"2026-08-28T11:24:56.322-04:00","eventName":"n8n.audit.workflow.activated","message":"n8n.audit.workflow.activated","payload":{"userId":"34a5222c-9bc6-488d-b5f7-c56ffdc3bffa","_email":"artemii.borisov22@icloud.com","_firstName":"artemii","_lastName":"borisov22","globalRole":"global:owner","workflowId":"Nf7epVT7BKEQjvwP","workflowName":"AI Prep Suggestion v3","activeVersionId":"197c7e2c-64c0-4e44-a2aa-7b454ab12cc0"}}
{"__type":"$$EventMessageConfirm","confirm":"e0938c70-5b11-4f93-9c02-109945807dd6","ts":"2026-08-28T11:24:56.322-04:00","source":{"id":"0","name":"eventBus"}}
{"__type":"$$EventMessageAudit","id":"3a71cc8c-06a3-46af-93e8-d5586ff8a702","ts":"2026-08-28T11:24:59.401-04:00","eventName":"n8n.audit.workflow.executed","message":"n8n.audit.workflow.executed","payload":{"workflowId":"Nf7epVT7BKEQjvwP","workflowName":"AI Prep Suggestion v3","executionId":"613","projectId":"f9jtqSpqgxocA0Fw","projectName":"artemii borisov22 <artemii.borisov22@icloud.com>","source":"webhook"}}
{"__type":"$$EventMessageConfirm","confirm":"3a71cc8c-06a3-46af-93e8-d5586ff8a702","ts":"2026-08-28T11:24:59.401-04:00","source":{"id":"0","name":"eventBus"}}
{"__type":"$$EventMessageWorkflow","id":"867f9e75-81cd-454a-913c-7760d254c48e","ts":"2026-08-28T11:24:59.443-04:00","eventName":"n8n.workflow.started","message":"n8n.workflow.started","payload":{"executionId":"613","workflowId":"Nf7epVT7BKEQjvwP","isManual":false,"mode":"webhook","workflowName":"AI Prep Suggestion v3","projectId":"f9jtqSpqgxocA0Fw","projectName":"artemii borisov22 <artemii.borisov22@icloud.com>"}}
{"__type":"$$EventMessageConfirm","confirm":"867f9e75-81cd-454a-913c-7760d254c48e","ts":"2026-08-28T11:24:59.443-04:00","source":{"id":"0","name":"eventBus"}}
{"__type":"$$EventMessageNode","id":"aa4ab0a6-3543-4c26-8806-93fbd9665eda","ts":"2026-08-28T11:24:59.443-04:00","eventName":"n8n.node.started","message":"n8n.node.started","payload":{"workflowId":"Nf7epVT7BKEQjvwP","workflowName":"AI Prep Suggestion v3","executionId":"613","nodeType":"n8n-nodes-base.webhook","nodeName":"Webhook","nodeId":"1"}}
{"__type":"$$EventMessageConfirm","confirm":"aa4ab0a6-3543-4c26-8806-93fbd9665eda","ts":"2026-08-28T11:24:59.443-04:00","source":{"id":"0","name":"eventBus"}}
{"__type":"$$EventMessageNode","id":"abaa34a8-b057-4700-a1ca-bee32b221f4f","ts":"2026-08-28T11:24:59.443-04:00","eventName":"n8n.node.finished","message":"n8n.node.finished","payload":{"workflowId":"Nf7epVT7BKEQjvwP","workflowName":"AI Prep Suggestion v3","executionId":"613","nodeType":"n8n-nodes-base.webhook","nodeName":"Webhook","nodeId":"1"}}
{"__type":"$$EventMessageConfirm","confirm":"abaa34a8-b057-4700-a1ca-bee32b221f4f","ts":"2026-08-28T11:24:59.443-04:00","source":{"id":"0","name":"eventBus"}}
{"__type":"$$EventMessageNode","id":"b3d1387a-f12e-4358-a0b1-12043fa58eab","ts":"2026-08-28T11:24:59.444-04:00","eventName":"n8n.node.started","message":"n8n.node.started","payload":{"workflowId":"Nf7epVT7BKEQjvwP","workflowName":"AI Prep Suggestion v3","executionId":"613","nodeType":"n8n-nodes-base.function","nodeName":"Function","nodeId":"2"}}
{"__type":"$$EventMessageConfirm","confirm":"b3d1387a-f12e-4358-a0b1-12043fa58eab","ts":"2026-08-28T11:24:59.444-04:00","source":{"id":"0","name":"eventBus"}}
{"__type":"$$EventMessageNode","id":"757303e0-c0bd-4aab-b5f0-56c9a37dd3f1","ts":"2026-08-28T11:24:59.451-04:00","eventName":"n8n.node.finished","message":"n8n.node.finished","payload":{"workflowId":"Nf7epVT7BKEQjvwP","workflowName":"AI Prep Suggestion v3","executionId":"613","nodeType":"n8n-nodes-base.function","nodeName":"Function","nodeId":"2"}}
{"__type":"$$EventMessageConfirm","confirm":"757303e0-c0bd-4aab-b5f0-56c9a37dd3f1","ts":"2026-08-28T11:24:59.451-04:00","source":{"id":"0","name":"eventBus"}}
{"__type":"$$EventMessageWorkflow","id":"f2321eb7-f97f-411d-9e4e-23586fd0715e","ts":"2026-08-28T11:24:59.451-04:00","eventName":"n8n.workflow.success","message":"n8n.workflow.success","payload":{"executionId":"613","success":true,"isManual":false,"mode":"webhook","workflowId":"Nf7epVT7BKEQjvwP","workflowName":"AI Prep Suggestion v3","projectId":"f9jtqSpqgxocA0Fw","projectName":"artemii borisov22 <artemii.borisov22@icloud.com>"}}
{"__type":"$$EventMessageConfirm","confirm":"f2321eb7-f97f-411d-9e4e-23586fd0715e","ts":"2026-08-28T11:24:59.451-04:00","source":{"id":"0","name":"eventBus"}}
{"__type":"$$EventMessageAudit","id":"e3e7069a-0c57-487f-91dc-2d67696260a0","ts":"2026-08-28T11:25:12.483-04:00","eventName":"n8n.audit.workflow.executed","message":"n8n.audit.workflow.executed","payload":{"workflowId":"Nf7epVT7BKEQjvwP","workflowName":"AI Prep Suggestion v3","executionId":"614","projectId":"f9jtqSpqgxocA0Fw","projectName":"artemii borisov22 <artemii.borisov22@icloud.com>","source":"webhook"}}
{"__type":"$$EventMessageConfirm","confirm":"e3e7069a-0c57-487f-91dc-2d67696260a0","ts":"2026-08-28T11:25:12.484-04:00","source":{"id":"0","name":"eventBus"}}
{"__type":"$$EventMessageWorkflow","id":"8d4f2b9f-b422-47b7-b15d-73443e82422f","ts":"2026-08-28T11:25:12.530-04:00","eventName":"n8n.workflow.started","message":"n8n.workflow.started","payload":{"executionId":"614","workflowId":"Nf7epVT7BKEQjvwP","isManual":false,"mode":"webhook","workflowName":"AI Prep Suggestion v3","projectId":"f9jtqSpqgxocA0Fw","projectName":"artemii borisov22 <artemii.borisov22@icloud.com>"}}
{"__type":"$$EventMessageConfirm","confirm":"8d4f2b9f-b422-47b7-b15d-73443e82422f","ts":"2026-08-28T11:25:12.530-04:00","source":{"id":"0","name":"eventBus"}}
{"__type":"$$EventMessageNode","id":"57f811f3-537d-4326-932d-cb9634e79b36","ts":"2026-08-28T11:25:12.531-04:00","eventName":"n8n.node.started","message":"n8n.node.started","payload":{"workflowId":"Nf7epVT7BKEQjvwP","workflowName":"AI Prep Suggestion v3","executionId":"614","nodeType":"n8n-nodes-base.webhook","nodeName":"Webhook","nodeId":"1"}}
{"__type":"$$EventMessageConfirm","confirm":"57f811f3-537d-4326-932d-cb9634e79b36","ts":"2026-08-28T11:25:12.531-04:00","source":{"id":"0","name":"eventBus"}}
{"__type":"$$EventMessageNode","id":"c3fa197c-e30f-4e5c-ade5-db2b719d6c9f","ts":"2026-08-28T11:25:12.531-04:00","eventName":"n8n.node.finished","message":"n8n.node.finished","payload":{"workflowId":"Nf7epVT7BKEQjvwP","workflowName":"AI Prep Suggestion v3","executionId":"614","nodeType":"n8n-nodes-base.webhook","nodeName":"Webhook","nodeId":"1"}}
{"__type":"$$EventMessageConfirm","confirm":"c3fa197c-e30f-4e5c-ade5-db2b719d6c9f","ts":"2026-08-28T11:25:12.531-04:00","source":{"id":"0","name":"eventBus"}}
{"__type":"$$EventMessageNode","id":"81b9e69e-e9d6-4f3e-b9ed-a77ce8063059","ts":"2026-08-28T11:25:12.531-04:00","eventName":"n8n.node.started","message":"n8n.node.started","payload":{"workflowId":"Nf7epVT7BKEQjvwP","workflowName":"AI Prep Suggestion v3","executionId":"614","nodeType":"n8n-nodes-base.function","nodeName":"Function","nodeId":"2"}}
{"__type":"$$EventMessageConfirm","confirm":"81b9e69e-e9d6-4f3e-b9ed-a77ce8063059","ts":"2026-08-28T11:25:12.531-04:00","source":{"id":"0","name":"eventBus"}}
{"__type":"$$EventMessageNode","id":"2570c70d-60eb-4d19-959e-8a805e936499","ts":"2026-08-28T11:25:12.539-04:00","eventName":"n8n.node.finished","message":"n8n.node.finished","payload":{"workflowId":"Nf7epVT7BKEQjvwP","workflowName":"AI Prep Suggestion v3","executionId":"614","nodeType":"n8n-nodes-base.function","nodeName":"Function","nodeId":"2"}}
{"__type":"$$EventMessageConfirm","confirm":"2570c70d-60eb-4d19-959e-8a805e936499","ts":"2026-08-28T11:25:12.539-04:00","source":{"id":"0","name":"eventBus"}}
{"__type":"$$EventMessageWorkflow","id":"7cb15010-ef63-433b-ac0f-29d7e96d123a","ts":"2026-08-28T11:25:12.539-04:00","eventName":"n8n.workflow.success","message":"n8n.workflow.success","payload":{"executionId":"614","success":true,"isManual":false,"mode":"webhook","workflowId":"Nf7epVT7BKEQjvwP","workflowName":"AI Prep Suggestion v3","projectId":"f9jtqSpqgxocA0Fw","projectName":"artemii borisov22 <artemii.borisov22@icloud.com>"}}
{"__type":"$$EventMessageConfirm","confirm":"7cb15010-ef63-433b-ac0f-29d7e96d123a","ts":"2026-08-28T11:25:12.539-04:00","source":{"id":"0","name":"eventBus"}}
{"__type":"$$EventMessageAudit","id":"fc0a6323-3a82-4c9a-8dd8-ee6a16f5100b","ts":"2026-08-28T11:25:12.590-04:00","eventName":"n8n.audit.workflow.executed","message":"n8n.audit.workflow.executed","payload":{"workflowId":"Nf7epVT7BKEQjvwP","workflowName":"AI Prep Suggestion v3","executionId":"615","projectId":"f9jtqSpqgxocA0Fw","projectName":"artemii borisov22 <artemii.borisov22@icloud.com>","source":"webhook"}}
{"__type":"$$EventMessageConfirm","confirm":"fc0a6323-3a82-4c9a-8dd8-ee6a16f5100b","ts":"2026-08-28T11:25:12.590-04:00","source":{"id":"0","name":"eventBus"}}
{"__type":"$$EventMessageWorkflow","id":"c5a92f12-e995-42de-a106-480ecec6bb90","ts":"2026-08-28T11:25:12.626-04:00","eventName":"n8n.workflow.started","message":"n8n.workflow.started","payload":{"executionId":"615","workflowId":"Nf7epVT7BKEQjvwP","isManual":false,"mode":"webhook","workflowName":"AI Prep Suggestion v3","projectId":"f9jtqSpqgxocA0Fw","projectName":"artemii borisov22 <artemii.borisov22@icloud.com>"}}
{"__type":"$$EventMessageConfirm","confirm":"c5a92f12-e995-42de-a106-480ecec6bb90","ts":"2026-08-28T11:25:12.626-04:00","source":{"id":"0","name":"eventBus"}}
{"__type":"$$EventMessageNode","id":"6904d713-84d7-4f7d-a55b-1f82e8284644","ts":"2026-08-28T11:25:12.627-04:00","eventName":"n8n.node.started","message":"n8n.node.started","payload":{"workflowId":"Nf7epVT7BKEQjvwP","workflowName":"AI Prep Suggestion v3","executionId":"615","nodeType":"n8n-nodes-base.webhook","nodeName":"Webhook","nodeId":"1"}}
{"__type":"$$EventMessageConfirm","confirm":"6904d713-84d7-4f7d-a55b-1f82e8284644","ts":"2026-08-28T11:25:12.627-04:00","source":{"id":"0","name":"eventBus"}}
{"__type":"$$EventMessageNode","id":"6582dad7-8a24-4fe3-b318-3cc778da7586","ts":"2026-08-28T11:25:12.627-04:00","eventName":"n8n.node.finished","message":"n8n.node.finished","payload":{"workflowId":"Nf7epVT7BKEQjvwP","workflowName":"AI Prep Suggestion v3","executionId":"615","nodeType":"n8n-nodes-base.webhook","nodeName":"Webhook","nodeId":"1"}}
{"__type":"$$EventMessageConfirm","confirm":"6582dad7-8a24-4fe3-b318-3cc778da7586","ts":"2026-08-28T11:25:12.627-04:00","source":{"id":"0","name":"eventBus"}}
{"__type":"$$EventMessageNode","id":"b6666137-bef3-4a69-a330-7736c298ebf6","ts":"2026-08-28T11:25:12.627-04:00","eventName":"n8n.node.started","message":"n8n.node.started","payload":{"workflowId":"Nf7epVT7BKEQjvwP","workflowName":"AI Prep Suggestion v3","executionId":"615","nodeType":"n8n-nodes-base.function","nodeName":"Function","nodeId":"2"}}
{"__type":"$$EventMessageConfirm","confirm":"b6666137-bef3-4a69-a330-7736c298ebf6","ts":"2026-08-28T11:25:12.627-04:00","source":{"id":"0","name":"eventBus"}}
{"__type":"$$EventMessageNode","id":"610ddde9-7f4d-40ca-b5fc-5d651b94c22a","ts":"2026-08-28T11:25:12.631-04:00","eventName":"n8n.node.finished","message":"n8n.node.finished","payload":{"workflowId":"Nf7epVT7BKEQjvwP","workflowName":"AI Prep Suggestion v3","executionId":"615","nodeType":"n8n-nodes-base.function","nodeName":"Function","nodeId":"2"}}
{"__type":"$$EventMessageConfirm","confirm":"610ddde9-7f4d-40ca-b5fc-5d651b94c22a","ts":"2026-08-28T11:25:12.631-04:00","source":{"id":"0","name":"eventBus"}}
{"__type":"$$EventMessageWorkflow","id":"403fdfe5-18d3-4b70-8efb-68bb6e438598","ts":"2026-08-28T11:25:12.631-04:00","eventName":"n8n.workflow.success","message":"n8n.workflow.success","payload":{"executionId":"615","success":true,"isManual":false,"mode":"webhook","workflowId":"Nf7epVT7BKEQjvwP","workflowName":"AI Prep Suggestion v3","projectId":"f9jtqSpqgxocA0Fw","projectName":"artemii borisov22 <artemii.borisov22@icloud.com>"}}
{"__type":"$$EventMessageConfirm","confirm":"403fdfe5-18d3-4b70-8efb-68bb6e438598","ts":"2026-08-28T11:25:12.631-04:00","source":{"id":"0","name":"eventBus"}}
{"__type":"$$EventMessageAudit","id":"d96f25f3-6802-45ea-943c-3d0399d4b35e","ts":"2026-08-28T11:25:12.661-04:00","eventName":"n8n.audit.workflow.executed","message":"n8n.audit.workflow.executed","payload":{"workflowId":"Nf7epVT7BKEQjvwP","workflowName":"AI Prep Suggestion v3","executionId":"616","projectId":"f9jtqSpqgxocA0Fw","projectName":"artemii borisov22 <artemii.borisov22@icloud.com>","source":"webhook"}}
{"__type":"$$EventMessageConfirm","confirm":"d96f25f3-6802-45ea-943c-3d0399d4b35e","ts":"2026-08-28T11:25:12.661-04:00","source":{"id":"0","name":"eventBus"}}
{"__type":"$$EventMessageWorkflow","id":"bb8f4250-0729-4365-a8da-6921f1dceeca","ts":"2026-08-28T11:25:12.694-04:00","eventName":"n8n.workflow.started","message":"n8n.workflow.started","payload":{"executionId":"616","workflowId":"Nf7epVT7BKEQjvwP","isManual":false,"mode":"webhook","workflowName":"AI Prep Suggestion v3","projectId":"f9jtqSpqgxocA0Fw","projectName":"artemii borisov22 <artemii.borisov22@icloud.com>"}}
{"__type":"$$EventMessageConfirm","confirm":"bb8f4250-0729-4365-a8da-6921f1dceeca","ts":"2026-08-28T11:25:12.695-04:00","source":{"id":"0","name":"eventBus"}}
{"__type":"$$EventMessageNode","id":"b5a1f405-1164-4f11-bb6b-4c8b841f0c27","ts":"2026-08-28T11:25:12.695-04:00","eventName":"n8n.node.started","message":"n8n.node.started","payload":{"workflowId":"Nf7epVT7BKEQjvwP","workflowName":"AI Prep Suggestion v3","executionId":"616","nodeType":"n8n-nodes-base.webhook","nodeName":"Webhook","nodeId":"1"}}
{"__type":"$$EventMessageConfirm","confirm":"b5a1f405-1164-4f11-bb6b-4c8b841f0c27","ts":"2026-08-28T11:25:12.695-04:00","source":{"id":"0","name":"eventBus"}}
{"__type":"$$EventMessageNode","id":"1922634d-d739-4197-a1c6-2587ff9947ed","ts":"2026-08-28T11:25:12.695-04:00","eventName":"n8n.node.finished","message":"n8n.node.finished","payload":{"workflowId":"Nf7epVT7BKEQjvwP","workflowName":"AI Prep Suggestion v3","executionId":"616","nodeType":"n8n-nodes-base.webhook","nodeName":"Webhook","nodeId":"1"}}
{"__type":"$$EventMessageConfirm","confirm":"1922634d-d739-4197-a1c6-2587ff9947ed","ts":"2026-08-28T11:25:12.695-04:00","source":{"id":"0","name":"eventBus"}}
{"__type":"$$EventMessageNode","id":"99c56cf2-c571-47d2-8520-608dc1132cbe","ts":"2026-08-28T11:25:12.695-04:00","eventName":"n8n.node.started","message":"n8n.node.started","payload":{"workflowId":"Nf7epVT7BKEQjvwP","workflowName":"AI Prep Suggestion v3","executionId":"616","nodeType":"n8n-nodes-base.function","nodeName":"Function","nodeId":"2"}}
{"__type":"$$EventMessageConfirm","confirm":"99c56cf2-c571-47d2-8520-608dc1132cbe","ts":"2026-08-28T11:25:12.695-04:00","source":{"id":"0","name":"eventBus"}}
{"__type":"$$EventMessageNode","id":"c9df627f-5b0c-45ab-a82b-1b7db1b2599a","ts":"2026-08-28T11:25:12.699-04:00","eventName":"n8n.node.finished","message":"n8n.node.finished","payload":{"workflowId":"Nf7epVT7BKEQjvwP","workflowName":"AI Prep Suggestion v3","executionId":"616","nodeType":"n8n-nodes-base.function","nodeName":"Function","nodeId":"2"}}
{"__type":"$$EventMessageConfirm","confirm":"c9df627f-5b0c-45ab-a82b-1b7db1b2599a","ts":"2026-08-28T11:25:12.699-04:00","source":{"id":"0","name":"eventBus"}}
{"__type":"$$EventMessageWorkflow","id":"19c60baf-bbb8-4bcf-aadf-f2d4546f5c2e","ts":"2026-08-28T11:25:12.699-04:00","eventName":"n8n.workflow.success","message":"n8n.workflow.success","payload":{"executionId":"616","success":true,"isManual":false,"mode":"webhook","workflowId":"Nf7epVT7BKEQjvwP","workflowName":"AI Prep Suggestion v3","projectId":"f9jtqSpqgxocA0Fw","projectName":"artemii borisov22 <artemii.borisov22@icloud.com>"}}
{"__type":"$$EventMessageConfirm","confirm":"19c60baf-bbb8-4bcf-aadf-f2d4546f5c2e","ts":"2026-08-28T11:25:12.699-04:00","source":{"id":"0","name":"eventBus"}}
{"__type":"$$EventMessageAudit","id":"dd6ac2ad-8def-4e35-bcf7-c6d54d758d32","ts":"2026-08-28T11:25:12.729-04:00","eventName":"n8n.audit.workflow.executed","message":"n8n.audit.workflow.executed","payload":{"workflowId":"Nf7epVT7BKEQjvwP","workflowName":"AI Prep Suggestion v3","executionId":"617","projectId":"f9jtqSpqgxocA0Fw","projectName":"artemii borisov22 <artemii.borisov22@icloud.com>","source":"webhook"}}
{"__type":"$$EventMessageConfirm","confirm":"dd6ac2ad-8def-4e35-bcf7-c6d54d758d32","ts":"2026-08-28T11:25:12.730-04:00","source":{"id":"0","name":"eventBus"}}
{"__type":"$$EventMessageWorkflow","id":"f62578a1-4b02-4069-ad06-6643143264d9","ts":"2026-08-28T11:25:12.757-04:00","eventName":"n8n.workflow.started","message":"n8n.workflow.started","payload":{"executionId":"617","workflowId":"Nf7epVT7BKEQjvwP","isManual":false,"mode":"webhook","workflowName":"AI Prep Suggestion v3","projectId":"f9jtqSpqgxocA0Fw","projectName":"artemii borisov22 <artemii.borisov22@icloud.com>"}}
{"__type":"$$EventMessageConfirm","confirm":"f62578a1-4b02-4069-ad06-6643143264d9","ts":"2026-08-28T11:25:12.758-04:00","source":{"id":"0","name":"eventBus"}}
{"__type":"$$EventMessageNode","id":"97ce52cf-ed3a-4a27-967f-29d35b215ccb","ts":"2026-08-28T11:25:12.758-04:00","eventName":"n8n.node.started","message":"n8n.node.started","payload":{"workflowId":"Nf7epVT7BKEQjvwP","workflowName":"AI Prep Suggestion v3","executionId":"617","nodeType":"n8n-nodes-base.webhook","nodeName":"Webhook","nodeId":"1"}}
{"__type":"$$EventMessageConfirm","confirm":"97ce52cf-ed3a-4a27-967f-29d35b215ccb","ts":"2026-08-28T11:25:12.758-04:00","source":{"id":"0","name":"eventBus"}}
{"__type":"$$EventMessageNode","id":"56f64eef-0b9d-4b84-93e6-f013995e4f93","ts":"2026-08-28T11:25:12.758-04:00","eventName":"n8n.node.finished","message":"n8n.node.finished","payload":{"workflowId":"Nf7epVT7BKEQjvwP","workflowName":"AI Prep Suggestion v3","executionId":"617","nodeType":"n8n-nodes-base.webhook","nodeName":"Webhook","nodeId":"1"}}
{"__type":"$$EventMessageConfirm","confirm":"56f64eef-0b9d-4b84-93e6-f013995e4f93","ts":"2026-08-28T11:25:12.758-04:00","source":{"id":"0","name":"eventBus"}}
{"__type":"$$EventMessageNode","id":"12dbc67c-65c6-4573-8373-b4cf808e4807","ts":"2026-08-28T11:25:12.758-04:00","eventName":"n8n.node.started","message":"n8n.node.started","payload":{"workflowId":"Nf7epVT7BKEQjvwP","workflowName":"AI Prep Suggestion v3","executionId":"617","nodeType":"n8n-nodes-base.function","nodeName":"Function","nodeId":"2"}}
{"__type":"$$EventMessageConfirm","confirm":"12dbc67c-65c6-4573-8373-b4cf808e4807","ts":"2026-08-28T11:25:12.758-04:00","source":{"id":"0","name":"eventBus"}}
{"__type":"$$EventMessageNode","id":"473c2196-f130-4a50-b0b3-402d02013a8e","ts":"2026-08-28T11:25:12.761-04:00","eventName":"n8n.node.finished","message":"n8n.node.finished","payload":{"workflowId":"Nf7epVT7BKEQjvwP","workflowName":"AI Prep Suggestion v3","executionId":"617","nodeType":"n8n-nodes-base.function","nodeName":"Function","nodeId":"2"}}
{"__type":"$$EventMessageConfirm","confirm":"473c2196-f130-4a50-b0b3-402d02013a8e","ts":"2026-08-28T11:25:12.761-04:00","source":{"id":"0","name":"eventBus"}}
{"__type":"$$EventMessageWorkflow","id":"a5e76d00-e5ce-4f54-a7d0-1a7b5e715af3","ts":"2026-08-28T11:25:12.761-04:00","eventName":"n8n.workflow.success","message":"n8n.workflow.success","payload":{"executionId":"617","success":true,"isManual":false,"mode":"webhook","workflowId":"Nf7epVT7BKEQjvwP","workflowName":"AI Prep Suggestion v3","projectId":"f9jtqSpqgxocA0Fw","projectName":"artemii borisov22 <artemii.borisov22@icloud.com>"}}
{"__type":"$$EventMessageConfirm","confirm":"a5e76d00-e5ce-4f54-a7d0-1a7b5e715af3","ts":"2026-08-28T11:25:12.761-04:00","source":{"id":"0","name":"eventBus"}}
{"__type":"$$EventMessageAudit","id":"3c4bc1c5-696e-4b77-a8df-b28ed3eeb17c","ts":"2026-08-28T11:25:12.842-04:00","eventName":"n8n.audit.workflow.executed","message":"n8n.audit.workflow.executed","payload":{"workflowId":"Nf7epVT7BKEQjvwP","workflowName":"AI Prep Suggestion v3","executionId":"618","projectId":"f9jtqSpqgxocA0Fw","projectName":"artemii borisov22 <artemii.borisov22@icloud.com>","source":"webhook"}}
{"__type":"$$EventMessageConfirm","confirm":"3c4bc1c5-696e-4b77-a8df-b28ed3eeb17c","ts":"2026-08-28T11:25:12.842-04:00","source":{"id":"0","name":"eventBus"}}
{"__type":"$$EventMessageWorkflow","id":"619eb7d3-db2f-4b06-87e7-f206c5aefa2a","ts":"2026-08-28T11:25:12.890-04:00","eventName":"n8n.workflow.started","message":"n8n.workflow.started","payload":{"executionId":"618","workflowId":"Nf7epVT7BKEQjvwP","isManual":false,"mode":"webhook","workflowName":"AI Prep Suggestion v3","projectId":"f9jtqSpqgxocA0Fw","projectName":"artemii borisov22 <artemii.borisov22@icloud.com>"}}
{"__type":"$$EventMessageConfirm","confirm":"619eb7d3-db2f-4b06-87e7-f206c5aefa2a","ts":"2026-08-28T11:25:12.890-04:00","source":{"id":"0","name":"eventBus"}}
{"__type":"$$EventMessageNode","id":"b40163f9-fd93-4715-9d42-5f0906460057","ts":"2026-08-28T11:25:12.890-04:00","eventName":"n8n.node.started","message":"n8n.node.started","payload":{"workflowId":"Nf7epVT7BKEQjvwP","workflowName":"AI Prep Suggestion v3","executionId":"618","nodeType":"n8n-nodes-base.webhook","nodeName":"Webhook","nodeId":"1"}}
{"__type":"$$EventMessageConfirm","confirm":"b40163f9-fd93-4715-9d42-5f0906460057","ts":"2026-08-28T11:25:12.890-04:00","source":{"id":"0","name":"eventBus"}}
{"__type":"$$EventMessageNode","id":"b8b9cb69-6531-4e7c-bdda-01d89f4901c3","ts":"2026-08-28T11:25:12.890-04:00","eventName":"n8n.node.finished","message":"n8n.node.finished","payload":{"workflowId":"Nf7epVT7BKEQjvwP","workflowName":"AI Prep Suggestion v3","executionId":"618","nodeType":"n8n-nodes-base.webhook","nodeName":"Webhook","nodeId":"1"}}
{"__type":"$$EventMessageConfirm","confirm":"b8b9cb69-6531-4e7c-bdda-01d89f4901c3","ts":"2026-08-28T11:25:12.890-04:00","source":{"id":"0","name":"eventBus"}}
{"__type":"$$EventMessageNode","id":"0c4248d0-0504-455b-bc2a-f577a1d16808","ts":"2026-08-28T11:25:12.890-04:00","eventName":"n8n.node.started","message":"n8n.node.started","payload":{"workflowId":"Nf7epVT7BKEQjvwP","workflowName":"AI Prep Suggestion v3","executionId":"618","nodeType":"n8n-nodes-base.function","nodeName":"Function","nodeId":"2"}}
{"__type":"$$EventMessageConfirm","confirm":"0c4248d0-0504-455b-bc2a-f577a1d16808","ts":"2026-08-28T11:25:12.890-04:00","source":{"id":"0","name":"eventBus"}}
{"__type":"$$EventMessageNode","id":"0fdc6a68-be41-4ab4-b76a-2619195aeab7","ts":"2026-08-28T11:25:12.893-04:00","eventName":"n8n.node.finished","message":"n8n.node.finished","payload":{"workflowId":"Nf7epVT7BKEQjvwP","workflowName":"AI Prep Suggestion v3","executionId":"618","nodeType":"n8n-nodes-base.function","nodeName":"Function","nodeId":"2"}}
{"__type":"$$EventMessageConfirm","confirm":"0fdc6a68-be41-4ab4-b76a-2619195aeab7","ts":"2026-08-28T11:25:12.894-04:00","source":{"id":"0","name":"eventBus"}}
{"__type":"$$EventMessageWorkflow","id":"341c6c38-b4bb-49b9-a3cb-2f1cf84440de","ts":"2026-08-28T11:25:12.894-04:00","eventName":"n8n.workflow.success","message":"n8n.workflow.success","payload":{"executionId":"618","success":true,"isManual":false,"mode":"webhook","workflowId":"Nf7epVT7BKEQjvwP","workflowName":"AI Prep Suggestion v3","projectId":"f9jtqSpqgxocA0Fw","projectName":"artemii borisov22 <artemii.borisov22@icloud.com>"}}
{"__type":"$$EventMessageConfirm","confirm":"341c6c38-b4bb-49b9-a3cb-2f1cf84440de","ts":"2026-08-28T11:25:12.894-04:00","source":{"id":"0","name":"eventBus"}}
{"__type":"$$EventMessageAudit","id":"1d9350cc-7f4d-4144-a8e6-8abc439499cf","ts":"2026-08-28T11:25:12.919-04:00","eventName":"n8n.audit.workflow.executed","message":"n8n.audit.workflow.executed","payload":{"workflowId":"Nf7epVT7BKEQjvwP","workflowName":"AI Prep Suggestion v3","executionId":"619","projectId":"f9jtqSpqgxocA0Fw","projectName":"artemii borisov22 <artemii.borisov22@icloud.com>","source":"webhook"}}
{"__type":"$$EventMessageConfirm","confirm":"1d9350cc-7f4d-4144-a8e6-8abc439499cf","ts":"2026-08-28T11:25:12.919-04:00","source":{"id":"0","name":"eventBus"}}
{"__type":"$$EventMessageWorkflow","id":"1557a0fd-1430-46b3-ad43-6493d5b31ebc","ts":"2026-08-28T11:25:12.949-04:00","eventName":"n8n.workflow.started","message":"n8n.workflow.started","payload":{"executionId":"619","workflowId":"Nf7epVT7BKEQjvwP","isManual":false,"mode":"webhook","workflowName":"AI Prep Suggestion v3","projectId":"f9jtqSpqgxocA0Fw","projectName":"artemii borisov22 <artemii.borisov22@icloud.com>"}}
{"__type":"$$EventMessageConfirm","confirm":"1557a0fd-1430-46b3-ad43-6493d5b31ebc","ts":"2026-08-28T11:25:12.949-04:00","source":{"id":"0","name":"eventBus"}}
{"__type":"$$EventMessageNode","id":"1ae7dda6-8399-4eec-a69b-323e26b20ca8","ts":"2026-08-28T11:25:12.949-04:00","eventName":"n8n.node.started","message":"n8n.node.started","payload":{"workflowId":"Nf7epVT7BKEQjvwP","workflowName":"AI Prep Suggestion v3","executionId":"619","nodeType":"n8n-nodes-base.webhook","nodeName":"Webhook","nodeId":"1"}}
{"__type":"$$EventMessageConfirm","confirm":"1ae7dda6-8399-4eec-a69b-323e26b20ca8","ts":"2026-08-28T11:25:12.949-04:00","source":{"id":"0","name":"eventBus"}}
{"__type":"$$EventMessageNode","id":"039d88a7-69d7-440d-a5e5-74cd705a678e","ts":"2026-08-28T11:25:12.949-04:00","eventName":"n8n.node.finished","message":"n8n.node.finished","payload":{"workflowId":"Nf7epVT7BKEQjvwP","workflowName":"AI Prep Suggestion v3","executionId":"619","nodeType":"n8n-nodes-base.webhook","nodeName":"Webhook","nodeId":"1"}}
{"__type":"$$EventMessageConfirm","confirm":"039d88a7-69d7-440d-a5e5-74cd705a678e","ts":"2026-08-28T11:25:12.949-04:00","source":{"id":"0","name":"eventBus"}}
{"__type":"$$EventMessageNode","id":"bef60c11-946a-46ac-8cce-40f0efac83d6","ts":"2026-08-28T11:25:12.949-04:00","eventName":"n8n.node.started","message":"n8n.node.started","payload":{"workflowId":"Nf7epVT7BKEQjvwP","workflowName":"AI Prep Suggestion v3","executionId":"619","nodeType":"n8n-nodes-base.function","nodeName":"Function","nodeId":"2"}}
{"__type":"$$EventMessageConfirm","confirm":"bef60c11-946a-46ac-8cce-40f0efac83d6","ts":"2026-08-28T11:25:12.949-04:00","source":{"id":"0","name":"eventBus"}}
{"__type":"$$EventMessageNode","id":"6fa707d4-174d-4884-b340-922336ebb1e6","ts":"2026-08-28T11:25:12.953-04:00","eventName":"n8n.node.finished","message":"n8n.node.finished","payload":{"workflowId":"Nf7epVT7BKEQjvwP","workflowName":"AI Prep Suggestion v3","executionId":"619","nodeType":"n8n-nodes-base.function","nodeName":"Function","nodeId":"2"}}
{"__type":"$$EventMessageConfirm","confirm":"6fa707d4-174d-4884-b340-922336ebb1e6","ts":"2026-08-28T11:25:12.953-04:00","source":{"id":"0","name":"eventBus"}}
{"__type":"$$EventMessageWorkflow","id":"23d781fe-dfa2-4e67-a1ff-3c54777c3a2a","ts":"2026-08-28T11:25:12.953-04:00","eventName":"n8n.workflow.success","message":"n8n.workflow.success","payload":{"executionId":"619","success":true,"isManual":false,"mode":"webhook","workflowId":"Nf7epVT7BKEQjvwP","workflowName":"AI Prep Suggestion v3","projectId":"f9jtqSpqgxocA0Fw","projectName":"artemii borisov22 <artemii.borisov22@icloud.com>"}}
{"__type":"$$EventMessageConfirm","confirm":"23d781fe-dfa2-4e67-a1ff-3c54777c3a2a","ts":"2026-08-28T11:25:12.953-04:00","source":{"id":"0","name":"eventBus"}}
{"__type":"$$EventMessageAudit","id":"32151a4f-e30a-40ca-8db5-a555e4ac0037","ts":"2026-08-28T11:25:12.980-04:00","eventName":"n8n.audit.workflow.executed","message":"n8n.audit.workflow.executed","payload":{"workflowId":"Nf7epVT7BKEQjvwP","workflowName":"AI Prep Suggestion v3","executionId":"620","projectId":"f9jtqSpqgxocA0Fw","projectName":"artemii borisov22 <artemii.borisov22@icloud.com>","source":"webhook"}}
{"__type":"$$EventMessageConfirm","confirm":"32151a4f-e30a-40ca-8db5-a555e4ac0037","ts":"2026-08-28T11:25:12.980-04:00","source":{"id":"0","name":"eventBus"}}
{"__type":"$$EventMessageWorkflow","id":"09e221a0-bdf7-4278-8b66-24a1ff11e1b7","ts":"2026-08-28T11:25:13.009-04:00","eventName":"n8n.workflow.started","message":"n8n.workflow.started","payload":{"executionId":"620","workflowId":"Nf7epVT7BKEQjvwP","isManual":false,"mode":"webhook","workflowName":"AI Prep Suggestion v3","projectId":"f9jtqSpqgxocA0Fw","projectName":"artemii borisov22 <artemii.borisov22@icloud.com>"}}
{"__type":"$$EventMessageConfirm","confirm":"09e221a0-bdf7-4278-8b66-24a1ff11e1b7","ts":"2026-08-28T11:25:13.010-04:00","source":{"id":"0","name":"eventBus"}}
{"__type":"$$EventMessageNode","id":"39dc30bc-67c9-48d8-9d0d-65ca181ea448","ts":"2026-08-28T11:25:13.010-04:00","eventName":"n8n.node.started","message":"n8n.node.started","payload":{"workflowId":"Nf7epVT7BKEQjvwP","workflowName":"AI Prep Suggestion v3","executionId":"620","nodeType":"n8n-nodes-base.webhook","nodeName":"Webhook","nodeId":"1"}}
{"__type":"$$EventMessageConfirm","confirm":"39dc30bc-67c9-48d8-9d0d-65ca181ea448","ts":"2026-08-28T11:25:13.010-04:00","source":{"id":"0","name":"eventBus"}}
{"__type":"$$EventMessageNode","id":"069cb65d-e5cc-481c-af59-e3d02ac9bc07","ts":"2026-08-28T11:25:13.010-04:00","eventName":"n8n.node.finished","message":"n8n.node.finished","payload":{"workflowId":"Nf7epVT7BKEQjvwP","workflowName":"AI Prep Suggestion v3","executionId":"620","nodeType":"n8n-nodes-base.webhook","nodeName":"Webhook","nodeId":"1"}}
{"__type":"$$EventMessageConfirm","confirm":"069cb65d-e5cc-481c-af59-e3d02ac9bc07","ts":"2026-08-28T11:25:13.010-04:00","source":{"id":"0","name":"eventBus"}}
{"__type":"$$EventMessageNode","id":"d8483f7d-a8bd-4d81-b4a0-57a4310845e1","ts":"2026-08-28T11:25:13.010-04:00","eventName":"n8n.node.started","message":"n8n.node.started","payload":{"workflowId":"Nf7epVT7BKEQjvwP","workflowName":"AI Prep Suggestion v3","executionId":"620","nodeType":"n8n-nodes-base.function","nodeName":"Function","nodeId":"2"}}
{"__type":"$$EventMessageConfirm","confirm":"d8483f7d-a8bd-4d81-b4a0-57a4310845e1","ts":"2026-08-28T11:25:13.010-04:00","source":{"id":"0","name":"eventBus"}}
{"__type":"$$EventMessageNode","id":"d9b3d6d5-f877-4552-a462-8aa01e9de9fe","ts":"2026-08-28T11:25:13.013-04:00","eventName":"n8n.node.finished","message":"n8n.node.finished","payload":{"workflowId":"Nf7epVT7BKEQjvwP","workflowName":"AI Prep Suggestion v3","executionId":"620","nodeType":"n8n-nodes-base.function","nodeName":"Function","nodeId":"2"}}
{"__type":"$$EventMessageConfirm","confirm":"d9b3d6d5-f877-4552-a462-8aa01e9de9fe","ts":"2026-08-28T11:25:13.013-04:00","source":{"id":"0","name":"eventBus"}}
{"__type":"$$EventMessageWorkflow","id":"ba3dd836-89d6-458e-854e-b40d90f3b3ba","ts":"2026-08-28T11:25:13.013-04:00","eventName":"n8n.workflow.success","message":"n8n.workflow.success","payload":{"executionId":"620","success":true,"isManual":false,"mode":"webhook","workflowId":"Nf7epVT7BKEQjvwP","workflowName":"AI Prep Suggestion v3","projectId":"f9jtqSpqgxocA0Fw","projectName":"artemii borisov22 <artemii.borisov22@icloud.com>"}}
{"__type":"$$EventMessageConfirm","confirm":"ba3dd836-89d6-458e-854e-b40d90f3b3ba","ts":"2026-08-28T11:25:13.013-04:00","source":{"id":"0","name":"eventBus"}}
{"__type":"$$EventMessageAudit","id":"dee2576a-c846-41e0-aedd-9fe112ab8912","ts":"2026-08-28T11:28:36.096-04:00","eventName":"n8n.audit.workflow.executed","message":"n8n.audit.workflow.executed","payload":{"workflowId":"Nf7epVT7BKEQjvwP","workflowName":"AI Prep Suggestion v3","executionId":"621","projectId":"f9jtqSpqgxocA0Fw","projectName":"artemii borisov22 <artemii.borisov22@icloud.com>","source":"webhook"}}
{"__type":"$$EventMessageConfirm","confirm":"dee2576a-c846-41e0-aedd-9fe112ab8912","ts":"2026-08-28T11:28:36.098-04:00","source":{"id":"0","name":"eventBus"}}
{"__type":"$$EventMessageWorkflow","id":"e5f3b5ac-df70-478c-b9a8-2bc5534d5b32","ts":"2026-08-28T11:28:36.152-04:00","eventName":"n8n.workflow.started","message":"n8n.workflow.started","payload":{"executionId":"621","workflowId":"Nf7epVT7BKEQjvwP","isManual":false,"mode":"webhook","workflowName":"AI Prep Suggestion v3","projectId":"f9jtqSpqgxocA0Fw","projectName":"artemii borisov22 <artemii.borisov22@icloud.com>"}}
{"__type":"$$EventMessageConfirm","confirm":"e5f3b5ac-df70-478c-b9a8-2bc5534d5b32","ts":"2026-08-28T11:28:36.152-04:00","source":{"id":"0","name":"eventBus"}}
{"__type":"$$EventMessageNode","id":"b6b6ffa0-f841-49c2-b6d9-4cd651ca2d57","ts":"2026-08-28T11:28:36.153-04:00","eventName":"n8n.node.started","message":"n8n.node.started","payload":{"workflowId":"Nf7epVT7BKEQjvwP","workflowName":"AI Prep Suggestion v3","executionId":"621","nodeType":"n8n-nodes-base.webhook","nodeName":"Webhook","nodeId":"1"}}
{"__type":"$$EventMessageConfirm","confirm":"b6b6ffa0-f841-49c2-b6d9-4cd651ca2d57","ts":"2026-08-28T11:28:36.153-04:00","source":{"id":"0","name":"eventBus"}}
{"__type":"$$EventMessageNode","id":"065d0fdb-79d4-4909-bcb7-f40e75106b6f","ts":"2026-08-28T11:28:36.153-04:00","eventName":"n8n.node.finished","message":"n8n.node.finished","payload":{"workflowId":"Nf7epVT7BKEQjvwP","workflowName":"AI Prep Suggestion v3","executionId":"621","nodeType":"n8n-nodes-base.webhook","nodeName":"Webhook","nodeId":"1"}}
{"__type":"$$EventMessageConfirm","confirm":"065d0fdb-79d4-4909-bcb7-f40e75106b6f","ts":"2026-08-28T11:28:36.153-04:00","source":{"id":"0","name":"eventBus"}}
{"__type":"$$EventMessageNode","id":"6e386859-34a6-41bb-ae69-54ebe86d0718","ts":"2026-08-28T11:28:36.153-04:00","eventName":"n8n.node.started","message":"n8n.node.started","payload":{"workflowId":"Nf7epVT7BKEQjvwP","workflowName":"AI Prep Suggestion v3","executionId":"621","nodeType":"n8n-nodes-base.function","nodeName":"Function","nodeId":"2"}}
{"__type":"$$EventMessageConfirm","confirm":"6e386859-34a6-41bb-ae69-54ebe86d0718","ts":"2026-08-28T11:28:36.153-04:00","source":{"id":"0","name":"eventBus"}}
{"__type":"$$EventMessageNode","id":"30507898-6bfc-4fa0-bf9c-aa83e8087587","ts":"2026-08-28T11:28:36.162-04:00","eventName":"n8n.node.finished","message":"n8n.node.finished","payload":{"workflowId":"Nf7epVT7BKEQjvwP","workflowName":"AI Prep Suggestion v3","executionId":"621","nodeType":"n8n-nodes-base.function","nodeName":"Function","nodeId":"2"}}
{"__type":"$$EventMessageConfirm","confirm":"30507898-6bfc-4fa0-bf9c-aa83e8087587","ts":"2026-08-28T11:28:36.162-04:00","source":{"id":"0","name":"eventBus"}}
{"__type":"$$EventMessageWorkflow","id":"1c602b72-7938-42c5-9d70-3c6d985e0781","ts":"2026-08-28T11:28:36.162-04:00","eventName":"n8n.workflow.success","message":"n8n.workflow.success","payload":{"executionId":"621","success":true,"isManual":false,"mode":"webhook","workflowId":"Nf7epVT7BKEQjvwP","workflowName":"AI Prep Suggestion v3","projectId":"f9jtqSpqgxocA0Fw","projectName":"artemii borisov22 <artemii.borisov22@icloud.com>"}}
{"__type":"$$EventMessageConfirm","confirm":"1c602b72-7938-42c5-9d70-3c6d985e0781","ts":"2026-08-28T11:28:36.162-04:00","source":{"id":"0","name":"eventBus"}}
{"__type":"$$EventMessageAudit","id":"69b473f4-844c-4012-9def-44c964a85c3c","ts":"2026-08-28T11:29:25.901-04:00","eventName":"n8n.audit.workflow.created","message":"n8n.audit.workflow.created","payload":{"userId":"34a5222c-9bc6-488d-b5f7-c56ffdc3bffa","_email":"artemii.borisov22@icloud.com","_firstName":"artemii","_lastName":"borisov22","globalRole":"global:owner","workflowId":"cCZMJ5BVG0Goha9B","workflowName":"AI Prep Suggestion Debug"}}
{"__type":"$$EventMessageConfirm","confirm":"69b473f4-844c-4012-9def-44c964a85c3c","ts":"2026-08-28T11:29:25.901-04:00","source":{"id":"0","name":"eventBus"}}
{"__type":"$$EventMessageAudit","id":"e24a93f9-ff06-498b-9784-09999e8c2517","ts":"2026-08-28T11:29:29.627-04:00","eventName":"n8n.audit.workflow.activated","message":"n8n.audit.workflow.activated","payload":{"userId":"34a5222c-9bc6-488d-b5f7-c56ffdc3bffa","_email":"artemii.borisov22@icloud.com","_firstName":"artemii","_lastName":"borisov22","globalRole":"global:owner","workflowId":"cCZMJ5BVG0Goha9B","workflowName":"AI Prep Suggestion Debug","activeVersionId":"55e32e16-6645-41b5-a1da-1ae704c7c6e0"}}
{"__type":"$$EventMessageConfirm","confirm":"e24a93f9-ff06-498b-9784-09999e8c2517","ts":"2026-08-28T11:29:29.628-04:00","source":{"id":"0","name":"eventBus"}}
{"__type":"$$EventMessageAudit","id":"86793ea6-b9a5-48d7-8647-74a78130200f","ts":"2026-08-28T11:29:42.397-04:00","eventName":"n8n.audit.workflow.executed","message":"n8n.audit.workflow.executed","payload":{"workflowId":"cCZMJ5BVG0Goha9B","workflowName":"AI Prep Suggestion Debug","executionId":"622","projectId":"f9jtqSpqgxocA0Fw","projectName":"artemii borisov22 <artemii.borisov22@icloud.com>","source":"webhook"}}
{"__type":"$$EventMessageConfirm","confirm":"86793ea6-b9a5-48d7-8647-74a78130200f","ts":"2026-08-28T11:29:42.397-04:00","source":{"id":"0","name":"eventBus"}}
{"__type":"$$EventMessageWorkflow","id":"052a11da-0165-42c5-87bf-6aae26cc1f31","ts":"2026-08-28T11:29:42.451-04:00","eventName":"n8n.workflow.started","message":"n8n.workflow.started","payload":{"executionId":"622","workflowId":"cCZMJ5BVG0Goha9B","isManual":false,"mode":"webhook","workflowName":"AI Prep Suggestion Debug","projectId":"f9jtqSpqgxocA0Fw","projectName":"artemii borisov22 <artemii.borisov22@icloud.com>"}}
{"__type":"$$EventMessageConfirm","confirm":"052a11da-0165-42c5-87bf-6aae26cc1f31","ts":"2026-08-28T11:29:42.451-04:00","source":{"id":"0","name":"eventBus"}}
{"__type":"$$EventMessageNode","id":"759e47d9-afb4-43a7-9f02-4d71fbc809b8","ts":"2026-08-28T11:29:42.451-04:00","eventName":"n8n.node.started","message":"n8n.node.started","payload":{"workflowId":"cCZMJ5BVG0Goha9B","workflowName":"AI Prep Suggestion Debug","executionId":"622","nodeType":"n8n-nodes-base.webhook","nodeName":"Webhook","nodeId":"1"}}
{"__type":"$$EventMessageConfirm","confirm":"759e47d9-afb4-43a7-9f02-4d71fbc809b8","ts":"2026-08-28T11:29:42.451-04:00","source":{"id":"0","name":"eventBus"}}
{"__type":"$$EventMessageNode","id":"446ca44d-97fa-45c3-9c22-44df2689e2ca","ts":"2026-08-28T11:29:42.451-04:00","eventName":"n8n.node.finished","message":"n8n.node.finished","payload":{"workflowId":"cCZMJ5BVG0Goha9B","workflowName":"AI Prep Suggestion Debug","executionId":"622","nodeType":"n8n-nodes-base.webhook","nodeName":"Webhook","nodeId":"1"}}
{"__type":"$$EventMessageConfirm","confirm":"446ca44d-97fa-45c3-9c22-44df2689e2ca","ts":"2026-08-28T11:29:42.451-04:00","source":{"id":"0","name":"eventBus"}}
{"__type":"$$EventMessageNode","id":"8c488797-afa4-48d1-aed3-3d0178c2e9da","ts":"2026-08-28T11:29:42.451-04:00","eventName":"n8n.node.started","message":"n8n.node.started","payload":{"workflowId":"cCZMJ5BVG0Goha9B","workflowName":"AI Prep Suggestion Debug","executionId":"622","nodeType":"n8n-nodes-base.function","nodeName":"Function","nodeId":"2"}}
{"__type":"$$EventMessageConfirm","confirm":"8c488797-afa4-48d1-aed3-3d0178c2e9da","ts":"2026-08-28T11:29:42.451-04:00","source":{"id":"0","name":"eventBus"}}
{"__type":"$$EventMessageNode","id":"dec24d12-a5a1-42d3-a8bc-618d3dd573ed","ts":"2026-08-28T11:29:42.458-04:00","eventName":"n8n.node.finished","message":"n8n.node.finished","payload":{"workflowId":"cCZMJ5BVG0Goha9B","workflowName":"AI Prep Suggestion Debug","executionId":"622","nodeType":"n8n-nodes-base.function","nodeName":"Function","nodeId":"2"}}
{"__type":"$$EventMessageConfirm","confirm":"dec24d12-a5a1-42d3-a8bc-618d3dd573ed","ts":"2026-08-28T11:29:42.458-04:00","source":{"id":"0","name":"eventBus"}}
{"__type":"$$EventMessageWorkflow","id":"82164706-64a1-49e7-a45a-986d403475de","ts":"2026-08-28T11:29:42.459-04:00","eventName":"n8n.workflow.success","message":"n8n.workflow.success","payload":{"executionId":"622","success":true,"isManual":false,"mode":"webhook","workflowId":"cCZMJ5BVG0Goha9B","workflowName":"AI Prep Suggestion Debug","projectId":"f9jtqSpqgxocA0Fw","projectName":"artemii borisov22 <artemii.borisov22@icloud.com>"}}
{"__type":"$$EventMessageConfirm","confirm":"82164706-64a1-49e7-a45a-986d403475de","ts":"2026-08-28T11:29:42.459-04:00","source":{"id":"0","name":"eventBus"}}
{"__type":"$$EventMessageAudit","id":"492debd9-f9af-46de-8729-e379411de2b8","ts":"2026-08-28T11:30:11.422-04:00","eventName":"n8n.audit.workflow.updated","message":"n8n.audit.workflow.updated","payload":{"userId":"34a5222c-9bc6-488d-b5f7-c56ffdc3bffa","_email":"artemii.borisov22@icloud.com","_firstName":"artemii","_lastName":"borisov22","globalRole":"global:owner","workflowId":"cCZMJ5BVG0Goha9B","workflowName":"AI Prep Suggestion Debug"}}
{"__type":"$$EventMessageConfirm","confirm":"492debd9-f9af-46de-8729-e379411de2b8","ts":"2026-08-28T11:30:11.422-04:00","source":{"id":"0","name":"eventBus"}}
{"__type":"$$EventMessageAudit","id":"0fd6a6d1-5bd0-46b3-96b4-4dcb17cb1f6f","ts":"2026-08-28T11:30:11.533-04:00","eventName":"n8n.audit.workflow.deactivated","message":"n8n.audit.workflow.deactivated","payload":{"userId":"34a5222c-9bc6-488d-b5f7-c56ffdc3bffa","_email":"artemii.borisov22@icloud.com","_firstName":"artemii","_lastName":"borisov22","globalRole":"global:owner","workflowId":"cCZMJ5BVG0Goha9B","workflowName":"AI Prep Suggestion Debug","deactivatedVersionId":"55e32e16-6645-41b5-a1da-1ae704c7c6e0"}}
{"__type":"$$EventMessageConfirm","confirm":"0fd6a6d1-5bd0-46b3-96b4-4dcb17cb1f6f","ts":"2026-08-28T11:30:11.533-04:00","source":{"id":"0","name":"eventBus"}}
{"__type":"$$EventMessageAudit","id":"60b2dc73-8e9a-413f-9fe8-b6912c96cd4e","ts":"2026-08-28T11:30:11.543-04:00","eventName":"n8n.audit.workflow.activated","message":"n8n.audit.workflow.activated","payload":{"userId":"34a5222c-9bc6-488d-b5f7-c56ffdc3bffa","_email":"artemii.borisov22@icloud.com","_firstName":"artemii","_lastName":"borisov22","globalRole":"global:owner","workflowId":"cCZMJ5BVG0Goha9B","workflowName":"AI Prep Suggestion Debug","activeVersionId":"87face75-e30d-4d9d-8b68-28029dd3834d"}}
{"__type":"$$EventMessageConfirm","confirm":"60b2dc73-8e9a-413f-9fe8-b6912c96cd4e","ts":"2026-08-28T11:30:11.543-04:00","source":{"id":"0","name":"eventBus"}}
{"__type":"$$EventMessageAudit","id":"d0a1412b-9f58-4a3d-835b-409a5077d2d5","ts":"2026-08-28T11:30:19.694-04:00","eventName":"n8n.audit.workflow.executed","message":"n8n.audit.workflow.executed","payload":{"workflowId":"cCZMJ5BVG0Goha9B","workflowName":"AI Prep Suggestion Debug","executionId":"623","projectId":"f9jtqSpqgxocA0Fw","projectName":"artemii borisov22 <artemii.borisov22@icloud.com>","source":"webhook"}}
{"__type":"$$EventMessageConfirm","confirm":"d0a1412b-9f58-4a3d-835b-409a5077d2d5","ts":"2026-08-28T11:30:19.694-04:00","source":{"id":"0","name":"eventBus"}}
{"__type":"$$EventMessageWorkflow","id":"e78697df-a5a4-4caf-b221-b9f1d4a24cd8","ts":"2026-08-28T11:30:19.775-04:00","eventName":"n8n.workflow.started","message":"n8n.workflow.started","payload":{"executionId":"623","workflowId":"cCZMJ5BVG0Goha9B","isManual":false,"mode":"webhook","workflowName":"AI Prep Suggestion Debug","projectId":"f9jtqSpqgxocA0Fw","projectName":"artemii borisov22 <artemii.borisov22@icloud.com>"}}
{"__type":"$$EventMessageConfirm","confirm":"e78697df-a5a4-4caf-b221-b9f1d4a24cd8","ts":"2026-08-28T11:30:19.775-04:00","source":{"id":"0","name":"eventBus"}}
{"__type":"$$EventMessageNode","id":"099dea84-057d-451e-ae7f-1e656e844088","ts":"2026-08-28T11:30:19.776-04:00","eventName":"n8n.node.started","message":"n8n.node.started","payload":{"workflowId":"cCZMJ5BVG0Goha9B","workflowName":"AI Prep Suggestion Debug","executionId":"623","nodeType":"n8n-nodes-base.webhook","nodeName":"Webhook","nodeId":"1"}}
{"__type":"$$EventMessageConfirm","confirm":"099dea84-057d-451e-ae7f-1e656e844088","ts":"2026-08-28T11:30:19.776-04:00","source":{"id":"0","name":"eventBus"}}
{"__type":"$$EventMessageNode","id":"14db3de5-dbe9-46b0-96c5-67c8d122752c","ts":"2026-08-28T11:30:19.776-04:00","eventName":"n8n.node.finished","message":"n8n.node.finished","payload":{"workflowId":"cCZMJ5BVG0Goha9B","workflowName":"AI Prep Suggestion Debug","executionId":"623","nodeType":"n8n-nodes-base.webhook","nodeName":"Webhook","nodeId":"1"}}
{"__type":"$$EventMessageConfirm","confirm":"14db3de5-dbe9-46b0-96c5-67c8d122752c","ts":"2026-08-28T11:30:19.776-04:00","source":{"id":"0","name":"eventBus"}}
{"__type":"$$EventMessageNode","id":"d570c5c6-8039-4f7e-bf02-d2d3902d247a","ts":"2026-08-28T11:30:19.776-04:00","eventName":"n8n.node.started","message":"n8n.node.started","payload":{"workflowId":"cCZMJ5BVG0Goha9B","workflowName":"AI Prep Suggestion Debug","executionId":"623","nodeType":"n8n-nodes-base.function","nodeName":"Function","nodeId":"2"}}
{"__type":"$$EventMessageConfirm","confirm":"d570c5c6-8039-4f7e-bf02-d2d3902d247a","ts":"2026-08-28T11:30:19.776-04:00","source":{"id":"0","name":"eventBus"}}
{"__type":"$$EventMessageNode","id":"32ef78b1-c869-4d4c-ba79-2c3a9d8c60ee","ts":"2026-08-28T11:30:19.783-04:00","eventName":"n8n.node.finished","message":"n8n.node.finished","payload":{"workflowId":"cCZMJ5BVG0Goha9B","workflowName":"AI Prep Suggestion Debug","executionId":"623","nodeType":"n8n-nodes-base.function","nodeName":"Function","nodeId":"2"}}
{"__type":"$$EventMessageConfirm","confirm":"32ef78b1-c869-4d4c-ba79-2c3a9d8c60ee","ts":"2026-08-28T11:30:19.784-04:00","source":{"id":"0","name":"eventBus"}}
{"__type":"$$EventMessageWorkflow","id":"ca7a632c-3bb3-4419-863c-febab92db704","ts":"2026-08-28T11:30:19.784-04:00","eventName":"n8n.workflow.success","message":"n8n.workflow.success","payload":{"executionId":"623","success":true,"isManual":false,"mode":"webhook","workflowId":"cCZMJ5BVG0Goha9B","workflowName":"AI Prep Suggestion Debug","projectId":"f9jtqSpqgxocA0Fw","projectName":"artemii borisov22 <artemii.borisov22@icloud.com>"}}
{"__type":"$$EventMessageConfirm","confirm":"ca7a632c-3bb3-4419-863c-febab92db704","ts":"2026-08-28T11:30:19.784-04:00","source":{"id":"0","name":"eventBus"}}
{"__type":"$$EventMessageAudit","id":"9796e708-7e13-4733-bf40-b3df152571b3","ts":"2026-08-28T11:31:03.984-04:00","eventName":"n8n.audit.workflow.created","message":"n8n.audit.workflow.created","payload":{"userId":"34a5222c-9bc6-488d-b5f7-c56ffdc3bffa","_email":"artemii.borisov22@icloud.com","_firstName":"artemii","_lastName":"borisov22","globalRole":"global:owner","workflowId":"jOpuDpI8GutY4IPy","workflowName":"Test Webhook Data"}}
{"__type":"$$EventMessageConfirm","confirm":"9796e708-7e13-4733-bf40-b3df152571b3","ts":"2026-08-28T11:31:03.984-04:00","source":{"id":"0","name":"eventBus"}}
{"__type":"$$EventMessageAudit","id":"308024cd-9977-46f3-87cb-01e5448d10d1","ts":"2026-08-28T11:31:07.962-04:00","eventName":"n8n.audit.workflow.activated","message":"n8n.audit.workflow.activated","payload":{"userId":"34a5222c-9bc6-488d-b5f7-c56ffdc3bffa","_email":"artemii.borisov22@icloud.com","_firstName":"artemii","_lastName":"borisov22","globalRole":"global:owner","workflowId":"jOpuDpI8GutY4IPy","workflowName":"Test Webhook Data","activeVersionId":"e1bde285-8dd1-4eeb-be02-c15e91889fd1"}}
{"__type":"$$EventMessageConfirm","confirm":"308024cd-9977-46f3-87cb-01e5448d10d1","ts":"2026-08-28T11:31:07.962-04:00","source":{"id":"0","name":"eventBus"}}
{"__type":"$$EventMessageAudit","id":"6e202004-fa58-474e-9a08-6c34ad19fa8a","ts":"2026-08-28T11:31:13.093-04:00","eventName":"n8n.audit.workflow.executed","message":"n8n.audit.workflow.executed","payload":{"workflowId":"jOpuDpI8GutY4IPy","workflowName":"Test Webhook Data","executionId":"624","projectId":"f9jtqSpqgxocA0Fw","projectName":"artemii borisov22 <artemii.borisov22@icloud.com>","source":"webhook"}}
{"__type":"$$EventMessageConfirm","confirm":"6e202004-fa58-474e-9a08-6c34ad19fa8a","ts":"2026-08-28T11:31:13.093-04:00","source":{"id":"0","name":"eventBus"}}
{"__type":"$$EventMessageWorkflow","id":"4ae63691-03e2-431b-898e-26de49042a20","ts":"2026-08-28T11:31:13.141-04:00","eventName":"n8n.workflow.started","message":"n8n.workflow.started","payload":{"executionId":"624","workflowId":"jOpuDpI8GutY4IPy","isManual":false,"mode":"webhook","workflowName":"Test Webhook Data","projectId":"f9jtqSpqgxocA0Fw","projectName":"artemii borisov22 <artemii.borisov22@icloud.com>"}}
{"__type":"$$EventMessageConfirm","confirm":"4ae63691-03e2-431b-898e-26de49042a20","ts":"2026-08-28T11:31:13.141-04:00","source":{"id":"0","name":"eventBus"}}
{"__type":"$$EventMessageNode","id":"d19666c0-91dc-4273-8ee6-6b7112c934c3","ts":"2026-08-28T11:31:13.142-04:00","eventName":"n8n.node.started","message":"n8n.node.started","payload":{"workflowId":"jOpuDpI8GutY4IPy","workflowName":"Test Webhook Data","executionId":"624","nodeType":"n8n-nodes-base.webhook","nodeName":"Webhook","nodeId":"1"}}
{"__type":"$$EventMessageConfirm","confirm":"d19666c0-91dc-4273-8ee6-6b7112c934c3","ts":"2026-08-28T11:31:13.143-04:00","source":{"id":"0","name":"eventBus"}}
{"__type":"$$EventMessageNode","id":"077d2c65-f11d-461a-810c-b7c243271751","ts":"2026-08-28T11:31:13.144-04:00","eventName":"n8n.node.finished","message":"n8n.node.finished","payload":{"workflowId":"jOpuDpI8GutY4IPy","workflowName":"Test Webhook Data","executionId":"624","nodeType":"n8n-nodes-base.webhook","nodeName":"Webhook","nodeId":"1"}}
{"__type":"$$EventMessageConfirm","confirm":"077d2c65-f11d-461a-810c-b7c243271751","ts":"2026-08-28T11:31:13.144-04:00","source":{"id":"0","name":"eventBus"}}
{"__type":"$$EventMessageNode","id":"00d104d8-820c-4cde-92d3-7f8266d72f75","ts":"2026-08-28T11:31:13.144-04:00","eventName":"n8n.node.started","message":"n8n.node.started","payload":{"workflowId":"jOpuDpI8GutY4IPy","workflowName":"Test Webhook Data","executionId":"624","nodeType":"n8n-nodes-base.function","nodeName":"Function","nodeId":"2"}}
{"__type":"$$EventMessageConfirm","confirm":"00d104d8-820c-4cde-92d3-7f8266d72f75","ts":"2026-08-28T11:31:13.144-04:00","source":{"id":"0","name":"eventBus"}}
{"__type":"$$EventMessageNode","id":"38b1236a-d008-45af-8d44-720a956a12e7","ts":"2026-08-28T11:31:13.154-04:00","eventName":"n8n.node.finished","message":"n8n.node.finished","payload":{"workflowId":"jOpuDpI8GutY4IPy","workflowName":"Test Webhook Data","executionId":"624","nodeType":"n8n-nodes-base.function","nodeName":"Function","nodeId":"2"}}
{"__type":"$$EventMessageConfirm","confirm":"38b1236a-d008-45af-8d44-720a956a12e7","ts":"2026-08-28T11:31:13.154-04:00","source":{"id":"0","name":"eventBus"}}
{"__type":"$$EventMessageWorkflow","id":"cb3d90de-cc06-43dc-8732-e8c11450adfb","ts":"2026-08-28T11:31:13.156-04:00","eventName":"n8n.workflow.success","message":"n8n.workflow.success","payload":{"executionId":"624","success":true,"isManual":false,"mode":"webhook","workflowId":"jOpuDpI8GutY4IPy","workflowName":"Test Webhook Data","projectId":"f9jtqSpqgxocA0Fw","projectName":"artemii borisov22 <artemii.borisov22@icloud.com>"}}
{"__type":"$$EventMessageConfirm","confirm":"cb3d90de-cc06-43dc-8732-e8c11450adfb","ts":"2026-08-28T11:31:13.156-04:00","source":{"id":"0","name":"eventBus"}}
{"__type":"$$EventMessageAudit","id":"7a02e2e4-b028-41e7-a497-587dff00bc83","ts":"2026-08-28T11:33:55.279-04:00","eventName":"n8n.audit.workflow.created","message":"n8n.audit.workflow.created","payload":{"userId":"34a5222c-9bc6-488d-b5f7-c56ffdc3bffa","_email":"artemii.borisov22@icloud.com","_firstName":"artemii","_lastName":"borisov22","globalRole":"global:owner","workflowId":"5MOL8kKCOYcqTJCD","workflowName":"AI Prep Suggestion Corrected"}}
{"__type":"$$EventMessageConfirm","confirm":"7a02e2e4-b028-41e7-a497-587dff00bc83","ts":"2026-08-28T11:33:55.280-04:00","source":{"id":"0","name":"eventBus"}}
{"__type":"$$EventMessageAudit","id":"03da6627-7a13-4929-afff-aa23f46a00a2","ts":"2026-08-28T11:34:01.845-04:00","eventName":"n8n.audit.workflow.activated","message":"n8n.audit.workflow.activated","payload":{"userId":"34a5222c-9bc6-488d-b5f7-c56ffdc3bffa","_email":"artemii.borisov22@icloud.com","_firstName":"artemii","_lastName":"borisov22","globalRole":"global:owner","workflowId":"5MOL8kKCOYcqTJCD","workflowName":"AI Prep Suggestion Corrected","activeVersionId":"ab627c30-e6b3-42ef-8d97-65c0541d1cec"}}
{"__type":"$$EventMessageConfirm","confirm":"03da6627-7a13-4929-afff-aa23f46a00a2","ts":"2026-08-28T11:34:01.845-04:00","source":{"id":"0","name":"eventBus"}}
{"__type":"$$EventMessageAudit","id":"60a7c85e-4516-49a8-9f1d-567a56574bd8","ts":"2026-08-28T11:34:07.065-04:00","eventName":"n8n.audit.workflow.executed","message":"n8n.audit.workflow.executed","payload":{"workflowId":"5MOL8kKCOYcqTJCD","workflowName":"AI Prep Suggestion Corrected","executionId":"625","projectId":"f9jtqSpqgxocA0Fw","projectName":"artemii borisov22 <artemii.borisov22@icloud.com>","source":"webhook"}}
{"__type":"$$EventMessageConfirm","confirm":"60a7c85e-4516-49a8-9f1d-567a56574bd8","ts":"2026-08-28T11:34:07.065-04:00","source":{"id":"0","name":"eventBus"}}
{"__type":"$$EventMessageWorkflow","id":"999a5a37-8cc2-482c-9c09-0440196c6624","ts":"2026-08-28T11:34:07.109-04:00","eventName":"n8n.workflow.started","message":"n8n.workflow.started","payload":{"executionId":"625","workflowId":"5MOL8kKCOYcqTJCD","isManual":false,"mode":"webhook","workflowName":"AI Prep Suggestion Corrected","projectId":"f9jtqSpqgxocA0Fw","projectName":"artemii borisov22 <artemii.borisov22@icloud.com>"}}
{"__type":"$$EventMessageConfirm","confirm":"999a5a37-8cc2-482c-9c09-0440196c6624","ts":"2026-08-28T11:34:07.109-04:00","source":{"id":"0","name":"eventBus"}}
{"__type":"$$EventMessageNode","id":"ebf79dc0-bae5-4f46-a3ba-4850834662f2","ts":"2026-08-28T11:34:07.109-04:00","eventName":"n8n.node.started","message":"n8n.node.started","payload":{"workflowId":"5MOL8kKCOYcqTJCD","workflowName":"AI Prep Suggestion Corrected","executionId":"625","nodeType":"n8n-nodes-base.webhook","nodeName":"Webhook","nodeId":"1"}}
{"__type":"$$EventMessageConfirm","confirm":"ebf79dc0-bae5-4f46-a3ba-4850834662f2","ts":"2026-08-28T11:34:07.109-04:00","source":{"id":"0","name":"eventBus"}}
{"__type":"$$EventMessageNode","id":"7e5e67c7-cf2c-4a31-b895-6d43030b791a","ts":"2026-08-28T11:34:07.109-04:00","eventName":"n8n.node.finished","message":"n8n.node.finished","payload":{"workflowId":"5MOL8kKCOYcqTJCD","workflowName":"AI Prep Suggestion Corrected","executionId":"625","nodeType":"n8n-nodes-base.webhook","nodeName":"Webhook","nodeId":"1"}}
{"__type":"$$EventMessageConfirm","confirm":"7e5e67c7-cf2c-4a31-b895-6d43030b791a","ts":"2026-08-28T11:34:07.109-04:00","source":{"id":"0","name":"eventBus"}}
{"__type":"$$EventMessageNode","id":"76efc358-f282-4add-b9cd-86d98dfa31ea","ts":"2026-08-28T11:34:07.109-04:00","eventName":"n8n.node.started","message":"n8n.node.started","payload":{"workflowId":"5MOL8kKCOYcqTJCD","workflowName":"AI Prep Suggestion Corrected","executionId":"625","nodeType":"n8n-nodes-base.function","nodeName":"Function","nodeId":"2"}}
{"__type":"$$EventMessageConfirm","confirm":"76efc358-f282-4add-b9cd-86d98dfa31ea","ts":"2026-08-28T11:34:07.109-04:00","source":{"id":"0","name":"eventBus"}}
{"__type":"$$EventMessageNode","id":"a658262d-e5c8-4914-b942-6c2188488740","ts":"2026-08-28T11:34:07.119-04:00","eventName":"n8n.node.finished","message":"n8n.node.finished","payload":{"workflowId":"5MOL8kKCOYcqTJCD","workflowName":"AI Prep Suggestion Corrected","executionId":"625","nodeType":"n8n-nodes-base.function","nodeName":"Function","nodeId":"2"}}
{"__type":"$$EventMessageConfirm","confirm":"a658262d-e5c8-4914-b942-6c2188488740","ts":"2026-08-28T11:34:07.119-04:00","source":{"id":"0","name":"eventBus"}}
{"__type":"$$EventMessageWorkflow","id":"f26f019f-4ecb-48f6-98ca-ce4d39949df4","ts":"2026-08-28T11:34:07.120-04:00","eventName":"n8n.workflow.success","message":"n8n.workflow.success","payload":{"executionId":"625","success":true,"isManual":false,"mode":"webhook","workflowId":"5MOL8kKCOYcqTJCD","workflowName":"AI Prep Suggestion Corrected","projectId":"f9jtqSpqgxocA0Fw","projectName":"artemii borisov22 <artemii.borisov22@icloud.com>"}}
{"__type":"$$EventMessageConfirm","confirm":"f26f019f-4ecb-48f6-98ca-ce4d39949df4","ts":"2026-08-28T11:34:07.120-04:00","source":{"id":"0","name":"eventBus"}}
{"__type":"$$EventMessageAudit","id":"e98df999-9929-4796-8896-66c0d46b2ed2","ts":"2026-08-28T11:34:17.040-04:00","eventName":"n8n.audit.workflow.executed","message":"n8n.audit.workflow.executed","payload":{"workflowId":"5MOL8kKCOYcqTJCD","workflowName":"AI Prep Suggestion Corrected","executionId":"626","projectId":"f9jtqSpqgxocA0Fw","projectName":"artemii borisov22 <artemii.borisov22@icloud.com>","source":"webhook"}}
{"__type":"$$EventMessageConfirm","confirm":"e98df999-9929-4796-8896-66c0d46b2ed2","ts":"2026-08-28T11:34:17.041-04:00","source":{"id":"0","name":"eventBus"}}
{"__type":"$$EventMessageWorkflow","id":"5a79f2e3-89cc-4a08-99a3-4cbcd5e42954","ts":"2026-08-28T11:34:17.088-04:00","eventName":"n8n.workflow.started","message":"n8n.workflow.started","payload":{"executionId":"626","workflowId":"5MOL8kKCOYcqTJCD","isManual":false,"mode":"webhook","workflowName":"AI Prep Suggestion Corrected","projectId":"f9jtqSpqgxocA0Fw","projectName":"artemii borisov22 <artemii.borisov22@icloud.com>"}}
{"__type":"$$EventMessageConfirm","confirm":"5a79f2e3-89cc-4a08-99a3-4cbcd5e42954","ts":"2026-08-28T11:34:17.088-04:00","source":{"id":"0","name":"eventBus"}}
{"__type":"$$EventMessageNode","id":"2fb9bad3-2838-4231-9947-260a5d73040c","ts":"2026-08-28T11:34:17.088-04:00","eventName":"n8n.node.started","message":"n8n.node.started","payload":{"workflowId":"5MOL8kKCOYcqTJCD","workflowName":"AI Prep Suggestion Corrected","executionId":"626","nodeType":"n8n-nodes-base.webhook","nodeName":"Webhook","nodeId":"1"}}
{"__type":"$$EventMessageConfirm","confirm":"2fb9bad3-2838-4231-9947-260a5d73040c","ts":"2026-08-28T11:34:17.088-04:00","source":{"id":"0","name":"eventBus"}}
{"__type":"$$EventMessageNode","id":"16e1fedf-f1fc-41a4-a652-64de4c55c552","ts":"2026-08-28T11:34:17.088-04:00","eventName":"n8n.node.finished","message":"n8n.node.finished","payload":{"workflowId":"5MOL8kKCOYcqTJCD","workflowName":"AI Prep Suggestion Corrected","executionId":"626","nodeType":"n8n-nodes-base.webhook","nodeName":"Webhook","nodeId":"1"}}
{"__type":"$$EventMessageConfirm","confirm":"16e1fedf-f1fc-41a4-a652-64de4c55c552","ts":"2026-08-28T11:34:17.088-04:00","source":{"id":"0","name":"eventBus"}}
{"__type":"$$EventMessageNode","id":"56a3787c-c92d-4440-98bf-8a5fa65583ed","ts":"2026-08-28T11:34:17.088-04:00","eventName":"n8n.node.started","message":"n8n.node.started","payload":{"workflowId":"5MOL8kKCOYcqTJCD","workflowName":"AI Prep Suggestion Corrected","executionId":"626","nodeType":"n8n-nodes-base.function","nodeName":"Function","nodeId":"2"}}
{"__type":"$$EventMessageConfirm","confirm":"56a3787c-c92d-4440-98bf-8a5fa65583ed","ts":"2026-08-28T11:34:17.088-04:00","source":{"id":"0","name":"eventBus"}}
{"__type":"$$EventMessageNode","id":"66d24323-27a0-4db7-bb06-5fb0603133ce","ts":"2026-08-28T11:34:17.095-04:00","eventName":"n8n.node.finished","message":"n8n.node.finished","payload":{"workflowId":"5MOL8kKCOYcqTJCD","workflowName":"AI Prep Suggestion Corrected","executionId":"626","nodeType":"n8n-nodes-base.function","nodeName":"Function","nodeId":"2"}}
{"__type":"$$EventMessageConfirm","confirm":"66d24323-27a0-4db7-bb06-5fb0603133ce","ts":"2026-08-28T11:34:17.095-04:00","source":{"id":"0","name":"eventBus"}}
{"__type":"$$EventMessageWorkflow","id":"fdf5c9dd-470d-498f-91e0-926820c4f0bc","ts":"2026-08-28T11:34:17.095-04:00","eventName":"n8n.workflow.success","message":"n8n.workflow.success","payload":{"executionId":"626","success":true,"isManual":false,"mode":"webhook","workflowId":"5MOL8kKCOYcqTJCD","workflowName":"AI Prep Suggestion Corrected","projectId":"f9jtqSpqgxocA0Fw","projectName":"artemii borisov22 <artemii.borisov22@icloud.com>"}}
{"__type":"$$EventMessageConfirm","confirm":"fdf5c9dd-470d-498f-91e0-926820c4f0bc","ts":"2026-08-28T11:34:17.095-04:00","source":{"id":"0","name":"eventBus"}}
{"__type":"$$EventMessageAudit","id":"b8207016-427f-467b-ba23-8febc3411bc6","ts":"2026-08-28T11:34:22.179-04:00","eventName":"n8n.audit.workflow.executed","message":"n8n.audit.workflow.executed","payload":{"workflowId":"5MOL8kKCOYcqTJCD","workflowName":"AI Prep Suggestion Corrected","executionId":"627","projectId":"f9jtqSpqgxocA0Fw","projectName":"artemii borisov22 <artemii.borisov22@icloud.com>","source":"webhook"}}
{"__type":"$$EventMessageConfirm","confirm":"b8207016-427f-467b-ba23-8febc3411bc6","ts":"2026-08-28T11:34:22.179-04:00","source":{"id":"0","name":"eventBus"}}
{"__type":"$$EventMessageWorkflow","id":"5c22309a-e443-4866-aaff-c69ba05a654a","ts":"2026-08-28T11:34:22.226-04:00","eventName":"n8n.workflow.started","message":"n8n.workflow.started","payload":{"executionId":"627","workflowId":"5MOL8kKCOYcqTJCD","isManual":false,"mode":"webhook","workflowName":"AI Prep Suggestion Corrected","projectId":"f9jtqSpqgxocA0Fw","projectName":"artemii borisov22 <artemii.borisov22@icloud.com>"}}
{"__type":"$$EventMessageConfirm","confirm":"5c22309a-e443-4866-aaff-c69ba05a654a","ts":"2026-08-28T11:34:22.226-04:00","source":{"id":"0","name":"eventBus"}}
{"__type":"$$EventMessageNode","id":"a0678360-7d9d-4d6f-81ea-fbcd7e788e5c","ts":"2026-08-28T11:34:22.227-04:00","eventName":"n8n.node.started","message":"n8n.node.started","payload":{"workflowId":"5MOL8kKCOYcqTJCD","workflowName":"AI Prep Suggestion Corrected","executionId":"627","nodeType":"n8n-nodes-base.webhook","nodeName":"Webhook","nodeId":"1"}}
{"__type":"$$EventMessageConfirm","confirm":"a0678360-7d9d-4d6f-81ea-fbcd7e788e5c","ts":"2026-08-28T11:34:22.227-04:00","source":{"id":"0","name":"eventBus"}}
{"__type":"$$EventMessageNode","id":"278307c1-7f0d-42ea-a52f-7f6a3f90b338","ts":"2026-08-28T11:34:22.227-04:00","eventName":"n8n.node.finished","message":"n8n.node.finished","payload":{"workflowId":"5MOL8kKCOYcqTJCD","workflowName":"AI Prep Suggestion Corrected","executionId":"627","nodeType":"n8n-nodes-base.webhook","nodeName":"Webhook","nodeId":"1"}}
{"__type":"$$EventMessageConfirm","confirm":"278307c1-7f0d-42ea-a52f-7f6a3f90b338","ts":"2026-08-28T11:34:22.227-04:00","source":{"id":"0","name":"eventBus"}}
{"__type":"$$EventMessageNode","id":"06d39688-3e13-45d5-9d3a-7cdd2dbb36d2","ts":"2026-08-28T11:34:22.227-04:00","eventName":"n8n.node.started","message":"n8n.node.started","payload":{"workflowId":"5MOL8kKCOYcqTJCD","workflowName":"AI Prep Suggestion Corrected","executionId":"627","nodeType":"n8n-nodes-base.function","nodeName":"Function","nodeId":"2"}}
{"__type":"$$EventMessageConfirm","confirm":"06d39688-3e13-45d5-9d3a-7cdd2dbb36d2","ts":"2026-08-28T11:34:22.227-04:00","source":{"id":"0","name":"eventBus"}}
{"__type":"$$EventMessageNode","id":"60bf75c1-8992-4b8d-8de0-8467819a1423","ts":"2026-08-28T11:34:22.237-04:00","eventName":"n8n.node.finished","message":"n8n.node.finished","payload":{"workflowId":"5MOL8kKCOYcqTJCD","workflowName":"AI Prep Suggestion Corrected","executionId":"627","nodeType":"n8n-nodes-base.function","nodeName":"Function","nodeId":"2"}}
{"__type":"$$EventMessageConfirm","confirm":"60bf75c1-8992-4b8d-8de0-8467819a1423","ts":"2026-08-28T11:34:22.237-04:00","source":{"id":"0","name":"eventBus"}}
{"__type":"$$EventMessageWorkflow","id":"7471759a-430f-4b93-8eab-6d1cf961d051","ts":"2026-08-28T11:34:22.237-04:00","eventName":"n8n.workflow.success","message":"n8n.workflow.success","payload":{"executionId":"627","success":true,"isManual":false,"mode":"webhook","workflowId":"5MOL8kKCOYcqTJCD","workflowName":"AI Prep Suggestion Corrected","projectId":"f9jtqSpqgxocA0Fw","projectName":"artemii borisov22 <artemii.borisov22@icloud.com>"}}
{"__type":"$$EventMessageConfirm","confirm":"7471759a-430f-4b93-8eab-6d1cf961d051","ts":"2026-08-28T11:34:22.237-04:00","source":{"id":"0","name":"eventBus"}}
{"__type":"$$EventMessageAudit","id":"2a5b9cfa-9a36-4986-944c-020d16f784c6","ts":"2026-08-28T11:34:30.845-04:00","eventName":"n8n.audit.workflow.executed","message":"n8n.audit.workflow.executed","payload":{"workflowId":"5MOL8kKCOYcqTJCD","workflowName":"AI Prep Suggestion Corrected","executionId":"628","projectId":"f9jtqSpqgxocA0Fw","projectName":"artemii borisov22 <artemii.borisov22@icloud.com>","source":"webhook"}}
{"__type":"$$EventMessageConfirm","confirm":"2a5b9cfa-9a36-4986-944c-020d16f784c6","ts":"2026-08-28T11:34:30.847-04:00","source":{"id":"0","name":"eventBus"}}
{"__type":"$$EventMessageWorkflow","id":"f375a311-09d9-4169-b1eb-16ab0c8b9b8c","ts":"2026-08-28T11:34:30.892-04:00","eventName":"n8n.workflow.started","message":"n8n.workflow.started","payload":{"executionId":"628","workflowId":"5MOL8kKCOYcqTJCD","isManual":false,"mode":"webhook","workflowName":"AI Prep Suggestion Corrected","projectId":"f9jtqSpqgxocA0Fw","projectName":"artemii borisov22 <artemii.borisov22@icloud.com>"}}
{"__type":"$$EventMessageConfirm","confirm":"f375a311-09d9-4169-b1eb-16ab0c8b9b8c","ts":"2026-08-28T11:34:30.892-04:00","source":{"id":"0","name":"eventBus"}}
{"__type":"$$EventMessageNode","id":"8efc5b5e-a437-4d7e-84b9-f4ef78978266","ts":"2026-08-28T11:34:30.893-04:00","eventName":"n8n.node.started","message":"n8n.node.started","payload":{"workflowId":"5MOL8kKCOYcqTJCD","workflowName":"AI Prep Suggestion Corrected","executionId":"628","nodeType":"n8n-nodes-base.webhook","nodeName":"Webhook","nodeId":"1"}}
{"__type":"$$EventMessageConfirm","confirm":"8efc5b5e-a437-4d7e-84b9-f4ef78978266","ts":"2026-08-28T11:34:30.893-04:00","source":{"id":"0","name":"eventBus"}}
{"__type":"$$EventMessageNode","id":"4dc63ce6-0864-4b61-ad47-ccb86f62c086","ts":"2026-08-28T11:34:30.894-04:00","eventName":"n8n.node.finished","message":"n8n.node.finished","payload":{"workflowId":"5MOL8kKCOYcqTJCD","workflowName":"AI Prep Suggestion Corrected","executionId":"628","nodeType":"n8n-nodes-base.webhook","nodeName":"Webhook","nodeId":"1"}}
{"__type":"$$EventMessageConfirm","confirm":"4dc63ce6-0864-4b61-ad47-ccb86f62c086","ts":"2026-08-28T11:34:30.894-04:00","source":{"id":"0","name":"eventBus"}}
{"__type":"$$EventMessageNode","id":"75f4c43e-8e9a-4c55-890a-e0aa45009090","ts":"2026-08-28T11:34:30.894-04:00","eventName":"n8n.node.started","message":"n8n.node.started","payload":{"workflowId":"5MOL8kKCOYcqTJCD","workflowName":"AI Prep Suggestion Corrected","executionId":"628","nodeType":"n8n-nodes-base.function","nodeName":"Function","nodeId":"2"}}
{"__type":"$$EventMessageConfirm","confirm":"75f4c43e-8e9a-4c55-890a-e0aa45009090","ts":"2026-08-28T11:34:30.894-04:00","source":{"id":"0","name":"eventBus"}}
{"__type":"$$EventMessageNode","id":"f6cea255-91b7-4837-9779-8e7b349ebc5e","ts":"2026-08-28T11:34:30.903-04:00","eventName":"n8n.node.finished","message":"n8n.node.finished","payload":{"workflowId":"5MOL8kKCOYcqTJCD","workflowName":"AI Prep Suggestion Corrected","executionId":"628","nodeType":"n8n-nodes-base.function","nodeName":"Function","nodeId":"2"}}
{"__type":"$$EventMessageConfirm","confirm":"f6cea255-91b7-4837-9779-8e7b349ebc5e","ts":"2026-08-28T11:34:30.903-04:00","source":{"id":"0","name":"eventBus"}}
{"__type":"$$EventMessageWorkflow","id":"ad1df37a-eb64-4007-acf8-7a175f3f5e04","ts":"2026-08-28T11:34:30.903-04:00","eventName":"n8n.workflow.success","message":"n8n.workflow.success","payload":{"executionId":"628","success":true,"isManual":false,"mode":"webhook","workflowId":"5MOL8kKCOYcqTJCD","workflowName":"AI Prep Suggestion Corrected","projectId":"f9jtqSpqgxocA0Fw","projectName":"artemii borisov22 <artemii.borisov22@icloud.com>"}}
{"__type":"$$EventMessageConfirm","confirm":"ad1df37a-eb64-4007-acf8-7a175f3f5e04","ts":"2026-08-28T11:34:30.903-04:00","source":{"id":"0","name":"eventBus"}}
{"__type":"$$EventMessageAudit","id":"ad551d69-d008-46b8-846c-51f7a1af6ebb","ts":"2026-08-28T11:34:48.038-04:00","eventName":"n8n.audit.workflow.executed","message":"n8n.audit.workflow.executed","payload":{"workflowId":"5MOL8kKCOYcqTJCD","workflowName":"AI Prep Suggestion Corrected","executionId":"629","projectId":"f9jtqSpqgxocA0Fw","projectName":"artemii borisov22 <artemii.borisov22@icloud.com>","source":"webhook"}}
{"__type":"$$EventMessageConfirm","confirm":"ad551d69-d008-46b8-846c-51f7a1af6ebb","ts":"2026-08-28T11:34:48.038-04:00","source":{"id":"0","name":"eventBus"}}
{"__type":"$$EventMessageWorkflow","id":"64e188e2-a850-4c85-9ff0-a8de9a340470","ts":"2026-08-28T11:34:48.084-04:00","eventName":"n8n.workflow.started","message":"n8n.workflow.started","payload":{"executionId":"629","workflowId":"5MOL8kKCOYcqTJCD","isManual":false,"mode":"webhook","workflowName":"AI Prep Suggestion Corrected","projectId":"f9jtqSpqgxocA0Fw","projectName":"artemii borisov22 <artemii.borisov22@icloud.com>"}}
{"__type":"$$EventMessageConfirm","confirm":"64e188e2-a850-4c85-9ff0-a8de9a340470","ts":"2026-08-28T11:34:48.084-04:00","source":{"id":"0","name":"eventBus"}}
{"__type":"$$EventMessageNode","id":"5ddc7144-cc63-4497-9ead-c8b8c76c3e49","ts":"2026-08-28T11:34:48.084-04:00","eventName":"n8n.node.started","message":"n8n.node.started","payload":{"workflowId":"5MOL8kKCOYcqTJCD","workflowName":"AI Prep Suggestion Corrected","executionId":"629","nodeType":"n8n-nodes-base.webhook","nodeName":"Webhook","nodeId":"1"}}
{"__type":"$$EventMessageConfirm","confirm":"5ddc7144-cc63-4497-9ead-c8b8c76c3e49","ts":"2026-08-28T11:34:48.085-04:00","source":{"id":"0","name":"eventBus"}}
{"__type":"$$EventMessageNode","id":"f3b47131-494f-4fbf-b3a1-c809b4748a24","ts":"2026-08-28T11:34:48.085-04:00","eventName":"n8n.node.finished","message":"n8n.node.finished","payload":{"workflowId":"5MOL8kKCOYcqTJCD","workflowName":"AI Prep Suggestion Corrected","executionId":"629","nodeType":"n8n-nodes-base.webhook","nodeName":"Webhook","nodeId":"1"}}
{"__type":"$$EventMessageConfirm","confirm":"f3b47131-494f-4fbf-b3a1-c809b4748a24","ts":"2026-08-28T11:34:48.085-04:00","source":{"id":"0","name":"eventBus"}}
{"__type":"$$EventMessageNode","id":"5d5ad434-8b53-4ea7-84f9-ee424cc6107d","ts":"2026-08-28T11:34:48.085-04:00","eventName":"n8n.node.started","message":"n8n.node.started","payload":{"workflowId":"5MOL8kKCOYcqTJCD","workflowName":"AI Prep Suggestion Corrected","executionId":"629","nodeType":"n8n-nodes-base.function","nodeName":"Function","nodeId":"2"}}
{"__type":"$$EventMessageConfirm","confirm":"5d5ad434-8b53-4ea7-84f9-ee424cc6107d","ts":"2026-08-28T11:34:48.085-04:00","source":{"id":"0","name":"eventBus"}}
{"__type":"$$EventMessageNode","id":"b10ad7ac-b5a9-497b-9fb1-55a5e66f33be","ts":"2026-08-28T11:34:48.091-04:00","eventName":"n8n.node.finished","message":"n8n.node.finished","payload":{"workflowId":"5MOL8kKCOYcqTJCD","workflowName":"AI Prep Suggestion Corrected","executionId":"629","nodeType":"n8n-nodes-base.function","nodeName":"Function","nodeId":"2"}}
{"__type":"$$EventMessageConfirm","confirm":"b10ad7ac-b5a9-497b-9fb1-55a5e66f33be","ts":"2026-08-28T11:34:48.091-04:00","source":{"id":"0","name":"eventBus"}}
{"__type":"$$EventMessageWorkflow","id":"26df0484-49fd-4596-b789-7ae98577f7ed","ts":"2026-08-28T11:34:48.091-04:00","eventName":"n8n.workflow.success","message":"n8n.workflow.success","payload":{"executionId":"629","success":true,"isManual":false,"mode":"webhook","workflowId":"5MOL8kKCOYcqTJCD","workflowName":"AI Prep Suggestion Corrected","projectId":"f9jtqSpqgxocA0Fw","projectName":"artemii borisov22 <artemii.borisov22@icloud.com>"}}
{"__type":"$$EventMessageConfirm","confirm":"26df0484-49fd-4596-b789-7ae98577f7ed","ts":"2026-08-28T11:34:48.091-04:00","source":{"id":"0","name":"eventBus"}}
{"__type":"$$EventMessageAudit","id":"5b088771-9096-4105-8335-11d5760582c8","ts":"2026-08-28T11:34:53.002-04:00","eventName":"n8n.audit.workflow.executed","message":"n8n.audit.workflow.executed","payload":{"workflowId":"5MOL8kKCOYcqTJCD","workflowName":"AI Prep Suggestion Corrected","executionId":"630","projectId":"f9jtqSpqgxocA0Fw","projectName":"artemii borisov22 <artemii.borisov22@icloud.com>","source":"webhook"}}
{"__type":"$$EventMessageConfirm","confirm":"5b088771-9096-4105-8335-11d5760582c8","ts":"2026-08-28T11:34:53.002-04:00","source":{"id":"0","name":"eventBus"}}
{"__type":"$$EventMessageWorkflow","id":"e94f6122-a5a2-4e4b-80a1-426c75e48920","ts":"2026-08-28T11:34:53.048-04:00","eventName":"n8n.workflow.started","message":"n8n.workflow.started","payload":{"executionId":"630","workflowId":"5MOL8kKCOYcqTJCD","isManual":false,"mode":"webhook","workflowName":"AI Prep Suggestion Corrected","projectId":"f9jtqSpqgxocA0Fw","projectName":"artemii borisov22 <artemii.borisov22@icloud.com>"}}
{"__type":"$$EventMessageConfirm","confirm":"e94f6122-a5a2-4e4b-80a1-426c75e48920","ts":"2026-08-28T11:34:53.048-04:00","source":{"id":"0","name":"eventBus"}}
{"__type":"$$EventMessageNode","id":"aeb515f6-4882-43de-9181-f379b229cf6e","ts":"2026-08-28T11:34:53.048-04:00","eventName":"n8n.node.started","message":"n8n.node.started","payload":{"workflowId":"5MOL8kKCOYcqTJCD","workflowName":"AI Prep Suggestion Corrected","executionId":"630","nodeType":"n8n-nodes-base.webhook","nodeName":"Webhook","nodeId":"1"}}
{"__type":"$$EventMessageConfirm","confirm":"aeb515f6-4882-43de-9181-f379b229cf6e","ts":"2026-08-28T11:34:53.048-04:00","source":{"id":"0","name":"eventBus"}}
{"__type":"$$EventMessageNode","id":"e5a0a6d2-2cd8-4024-a699-f0d94c00227b","ts":"2026-08-28T11:34:53.049-04:00","eventName":"n8n.node.finished","message":"n8n.node.finished","payload":{"workflowId":"5MOL8kKCOYcqTJCD","workflowName":"AI Prep Suggestion Corrected","executionId":"630","nodeType":"n8n-nodes-base.webhook","nodeName":"Webhook","nodeId":"1"}}
{"__type":"$$EventMessageConfirm","confirm":"e5a0a6d2-2cd8-4024-a699-f0d94c00227b","ts":"2026-08-28T11:34:53.049-04:00","source":{"id":"0","name":"eventBus"}}
{"__type":"$$EventMessageNode","id":"51d3bf58-fa9d-4a6b-adb4-8c9b3dde627a","ts":"2026-08-28T11:34:53.049-04:00","eventName":"n8n.node.started","message":"n8n.node.started","payload":{"workflowId":"5MOL8kKCOYcqTJCD","workflowName":"AI Prep Suggestion Corrected","executionId":"630","nodeType":"n8n-nodes-base.function","nodeName":"Function","nodeId":"2"}}
{"__type":"$$EventMessageConfirm","confirm":"51d3bf58-fa9d-4a6b-adb4-8c9b3dde627a","ts":"2026-08-28T11:34:53.049-04:00","source":{"id":"0","name":"eventBus"}}
{"__type":"$$EventMessageNode","id":"4f298f67-3769-4136-9b9d-dca10a8a3b19","ts":"2026-08-28T11:34:53.056-04:00","eventName":"n8n.node.finished","message":"n8n.node.finished","payload":{"workflowId":"5MOL8kKCOYcqTJCD","workflowName":"AI Prep Suggestion Corrected","executionId":"630","nodeType":"n8n-nodes-base.function","nodeName":"Function","nodeId":"2"}}
{"__type":"$$EventMessageConfirm","confirm":"4f298f67-3769-4136-9b9d-dca10a8a3b19","ts":"2026-08-28T11:34:53.056-04:00","source":{"id":"0","name":"eventBus"}}
{"__type":"$$EventMessageWorkflow","id":"49aa947c-73f2-486b-b05c-d02d90cd5647","ts":"2026-08-28T11:34:53.056-04:00","eventName":"n8n.workflow.success","message":"n8n.workflow.success","payload":{"executionId":"630","success":true,"isManual":false,"mode":"webhook","workflowId":"5MOL8kKCOYcqTJCD","workflowName":"AI Prep Suggestion Corrected","projectId":"f9jtqSpqgxocA0Fw","projectName":"artemii borisov22 <artemii.borisov22@icloud.com>"}}
{"__type":"$$EventMessageConfirm","confirm":"49aa947c-73f2-486b-b05c-d02d90cd5647","ts":"2026-08-28T11:34:53.056-04:00","source":{"id":"0","name":"eventBus"}}
{"__type":"$$EventMessageAudit","id":"67830a22-49c0-4909-a1b1-d01a70b4a355","ts":"2026-08-28T11:35:06.358-04:00","eventName":"n8n.audit.workflow.executed","message":"n8n.audit.workflow.executed","payload":{"workflowId":"5MOL8kKCOYcqTJCD","workflowName":"AI Prep Suggestion Corrected","executionId":"631","projectId":"f9jtqSpqgxocA0Fw","projectName":"artemii borisov22 <artemii.borisov22@icloud.com>","source":"webhook"}}
{"__type":"$$EventMessageConfirm","confirm":"67830a22-49c0-4909-a1b1-d01a70b4a355","ts":"2026-08-28T11:35:06.359-04:00","source":{"id":"0","name":"eventBus"}}
{"__type":"$$EventMessageWorkflow","id":"3f8a4e67-03e1-44fd-bba0-f94c0c56a82e","ts":"2026-08-28T11:35:06.428-04:00","eventName":"n8n.workflow.started","message":"n8n.workflow.started","payload":{"executionId":"631","workflowId":"5MOL8kKCOYcqTJCD","isManual":false,"mode":"webhook","workflowName":"AI Prep Suggestion Corrected","projectId":"f9jtqSpqgxocA0Fw","projectName":"artemii borisov22 <artemii.borisov22@icloud.com>"}}
{"__type":"$$EventMessageConfirm","confirm":"3f8a4e67-03e1-44fd-bba0-f94c0c56a82e","ts":"2026-08-28T11:35:06.428-04:00","source":{"id":"0","name":"eventBus"}}
{"__type":"$$EventMessageNode","id":"ef4cfdba-ac48-481f-a78b-66c622e27495","ts":"2026-08-28T11:35:06.428-04:00","eventName":"n8n.node.started","message":"n8n.node.started","payload":{"workflowId":"5MOL8kKCOYcqTJCD","workflowName":"AI Prep Suggestion Corrected","executionId":"631","nodeType":"n8n-nodes-base.webhook","nodeName":"Webhook","nodeId":"1"}}
{"__type":"$$EventMessageConfirm","confirm":"ef4cfdba-ac48-481f-a78b-66c622e27495","ts":"2026-08-28T11:35:06.428-04:00","source":{"id":"0","name":"eventBus"}}
{"__type":"$$EventMessageNode","id":"d0a7a54a-aaf7-44d5-b770-81d4c0d826ca","ts":"2026-08-28T11:35:06.428-04:00","eventName":"n8n.node.finished","message":"n8n.node.finished","payload":{"workflowId":"5MOL8kKCOYcqTJCD","workflowName":"AI Prep Suggestion Corrected","executionId":"631","nodeType":"n8n-nodes-base.webhook","nodeName":"Webhook","nodeId":"1"}}
{"__type":"$$EventMessageConfirm","confirm":"d0a7a54a-aaf7-44d5-b770-81d4c0d826ca","ts":"2026-08-28T11:35:06.428-04:00","source":{"id":"0","name":"eventBus"}}
{"__type":"$$EventMessageNode","id":"9cf10c33-c89b-4952-a050-d799410c5dbd","ts":"2026-08-28T11:35:06.428-04:00","eventName":"n8n.node.started","message":"n8n.node.started","payload":{"workflowId":"5MOL8kKCOYcqTJCD","workflowName":"AI Prep Suggestion Corrected","executionId":"631","nodeType":"n8n-nodes-base.function","nodeName":"Function","nodeId":"2"}}
{"__type":"$$EventMessageConfirm","confirm":"9cf10c33-c89b-4952-a050-d799410c5dbd","ts":"2026-08-28T11:35:06.428-04:00","source":{"id":"0","name":"eventBus"}}
{"__type":"$$EventMessageNode","id":"d31f6673-3e2c-46af-9a1d-50015b3237fe","ts":"2026-08-28T11:35:06.436-04:00","eventName":"n8n.node.finished","message":"n8n.node.finished","payload":{"workflowId":"5MOL8kKCOYcqTJCD","workflowName":"AI Prep Suggestion Corrected","executionId":"631","nodeType":"n8n-nodes-base.function","nodeName":"Function","nodeId":"2"}}
{"__type":"$$EventMessageConfirm","confirm":"d31f6673-3e2c-46af-9a1d-50015b3237fe","ts":"2026-08-28T11:35:06.436-04:00","source":{"id":"0","name":"eventBus"}}
{"__type":"$$EventMessageWorkflow","id":"89d6c058-5d44-4dcb-9e95-446b8e249839","ts":"2026-08-28T11:35:06.436-04:00","eventName":"n8n.workflow.success","message":"n8n.workflow.success","payload":{"executionId":"631","success":true,"isManual":false,"mode":"webhook","workflowId":"5MOL8kKCOYcqTJCD","workflowName":"AI Prep Suggestion Corrected","projectId":"f9jtqSpqgxocA0Fw","projectName":"artemii borisov22 <artemii.borisov22@icloud.com>"}}
{"__type":"$$EventMessageConfirm","confirm":"89d6c058-5d44-4dcb-9e95-446b8e249839","ts":"2026-08-28T11:35:06.436-04:00","source":{"id":"0","name":"eventBus"}}
{"__type":"$$EventMessageAudit","id":"8edaa10b-c516-4ae6-8815-20238e7f942a","ts":"2026-08-28T11:35:12.396-04:00","eventName":"n8n.audit.workflow.executed","message":"n8n.audit.workflow.executed","payload":{"workflowId":"5MOL8kKCOYcqTJCD","workflowName":"AI Prep Suggestion Corrected","executionId":"632","projectId":"f9jtqSpqgxocA0Fw","projectName":"artemii borisov22 <artemii.borisov22@icloud.com>","source":"webhook"}}
{"__type":"$$EventMessageConfirm","confirm":"8edaa10b-c516-4ae6-8815-20238e7f942a","ts":"2026-08-28T11:35:12.397-04:00","source":{"id":"0","name":"eventBus"}}
{"__type":"$$EventMessageWorkflow","id":"b42f0a74-c53a-4328-96e5-3934cdeae751","ts":"2026-08-28T11:35:12.447-04:00","eventName":"n8n.workflow.started","message":"n8n.workflow.started","payload":{"executionId":"632","workflowId":"5MOL8kKCOYcqTJCD","isManual":false,"mode":"webhook","workflowName":"AI Prep Suggestion Corrected","projectId":"f9jtqSpqgxocA0Fw","projectName":"artemii borisov22 <artemii.borisov22@icloud.com>"}}
{"__type":"$$EventMessageConfirm","confirm":"b42f0a74-c53a-4328-96e5-3934cdeae751","ts":"2026-08-28T11:35:12.447-04:00","source":{"id":"0","name":"eventBus"}}
{"__type":"$$EventMessageNode","id":"7b1d363f-46fc-497c-bed3-474ac865c7e2","ts":"2026-08-28T11:35:12.447-04:00","eventName":"n8n.node.started","message":"n8n.node.started","payload":{"workflowId":"5MOL8kKCOYcqTJCD","workflowName":"AI Prep Suggestion Corrected","executionId":"632","nodeType":"n8n-nodes-base.webhook","nodeName":"Webhook","nodeId":"1"}}
{"__type":"$$EventMessageConfirm","confirm":"7b1d363f-46fc-497c-bed3-474ac865c7e2","ts":"2026-08-28T11:35:12.447-04:00","source":{"id":"0","name":"eventBus"}}
{"__type":"$$EventMessageNode","id":"618218e3-76f6-44e2-a125-f00c7ee27ebe","ts":"2026-08-28T11:35:12.447-04:00","eventName":"n8n.node.finished","message":"n8n.node.finished","payload":{"workflowId":"5MOL8kKCOYcqTJCD","workflowName":"AI Prep Suggestion Corrected","executionId":"632","nodeType":"n8n-nodes-base.webhook","nodeName":"Webhook","nodeId":"1"}}
{"__type":"$$EventMessageConfirm","confirm":"618218e3-76f6-44e2-a125-f00c7ee27ebe","ts":"2026-08-28T11:35:12.447-04:00","source":{"id":"0","name":"eventBus"}}
{"__type":"$$EventMessageNode","id":"b8fcc0cb-9d76-4b1f-8c15-cf55fa41a756","ts":"2026-08-28T11:35:12.447-04:00","eventName":"n8n.node.started","message":"n8n.node.started","payload":{"workflowId":"5MOL8kKCOYcqTJCD","workflowName":"AI Prep Suggestion Corrected","executionId":"632","nodeType":"n8n-nodes-base.function","nodeName":"Function","nodeId":"2"}}
{"__type":"$$EventMessageConfirm","confirm":"b8fcc0cb-9d76-4b1f-8c15-cf55fa41a756","ts":"2026-08-28T11:35:12.447-04:00","source":{"id":"0","name":"eventBus"}}
{"__type":"$$EventMessageNode","id":"59aabcc8-292c-47b1-9746-d3bbb217a15e","ts":"2026-08-28T11:35:12.456-04:00","eventName":"n8n.node.finished","message":"n8n.node.finished","payload":{"workflowId":"5MOL8kKCOYcqTJCD","workflowName":"AI Prep Suggestion Corrected","executionId":"632","nodeType":"n8n-nodes-base.function","nodeName":"Function","nodeId":"2"}}
{"__type":"$$EventMessageConfirm","confirm":"59aabcc8-292c-47b1-9746-d3bbb217a15e","ts":"2026-08-28T11:35:12.456-04:00","source":{"id":"0","name":"eventBus"}}
{"__type":"$$EventMessageWorkflow","id":"bc715d85-5b08-4f26-8f6f-6043880d96ae","ts":"2026-08-28T11:35:12.457-04:00","eventName":"n8n.workflow.success","message":"n8n.workflow.success","payload":{"executionId":"632","success":true,"isManual":false,"mode":"webhook","workflowId":"5MOL8kKCOYcqTJCD","workflowName":"AI Prep Suggestion Corrected","projectId":"f9jtqSpqgxocA0Fw","projectName":"artemii borisov22 <artemii.borisov22@icloud.com>"}}
{"__type":"$$EventMessageConfirm","confirm":"bc715d85-5b08-4f26-8f6f-6043880d96ae","ts":"2026-08-28T11:35:12.457-04:00","source":{"id":"0","name":"eventBus"}}
{"__type":"$$EventMessageAudit","id":"81c48d8b-081c-493c-96a6-382f33e9183c","ts":"2026-08-28T11:38:22.966-04:00","eventName":"n8n.audit.workflow.executed","message":"n8n.audit.workflow.executed","payload":{"workflowId":"sBd1k3ZMlyi45C1g","workflowName":"AI Prep Suggestion","executionId":"633","projectId":"f9jtqSpqgxocA0Fw","projectName":"artemii borisov22 <artemii.borisov22@icloud.com>","source":"webhook"}}
{"__type":"$$EventMessageConfirm","confirm":"81c48d8b-081c-493c-96a6-382f33e9183c","ts":"2026-08-28T11:38:22.966-04:00","source":{"id":"0","name":"eventBus"}}
{"__type":"$$EventMessageWorkflow","id":"e7d1f69a-0a74-4c0a-a4ec-ae0a1718b1ae","ts":"2026-08-28T11:38:23.011-04:00","eventName":"n8n.workflow.started","message":"n8n.workflow.started","payload":{"executionId":"633","workflowId":"sBd1k3ZMlyi45C1g","isManual":false,"mode":"webhook","workflowName":"AI Prep Suggestion","projectId":"f9jtqSpqgxocA0Fw","projectName":"artemii borisov22 <artemii.borisov22@icloud.com>"}}
{"__type":"$$EventMessageConfirm","confirm":"e7d1f69a-0a74-4c0a-a4ec-ae0a1718b1ae","ts":"2026-08-28T11:38:23.012-04:00","source":{"id":"0","name":"eventBus"}}
{"__type":"$$EventMessageNode","id":"d403f82a-5272-48a0-ab20-9583e3b7c4a9","ts":"2026-08-28T11:38:23.012-04:00","eventName":"n8n.node.started","message":"n8n.node.started","payload":{"workflowId":"sBd1k3ZMlyi45C1g","workflowName":"AI Prep Suggestion","executionId":"633","nodeType":"n8n-nodes-base.webhook","nodeName":"Webhook","nodeId":"1"}}
{"__type":"$$EventMessageConfirm","confirm":"d403f82a-5272-48a0-ab20-9583e3b7c4a9","ts":"2026-08-28T11:38:23.012-04:00","source":{"id":"0","name":"eventBus"}}
{"__type":"$$EventMessageNode","id":"718166a2-81ef-425f-88ab-981cf912290c","ts":"2026-08-28T11:38:23.012-04:00","eventName":"n8n.node.finished","message":"n8n.node.finished","payload":{"workflowId":"sBd1k3ZMlyi45C1g","workflowName":"AI Prep Suggestion","executionId":"633","nodeType":"n8n-nodes-base.webhook","nodeName":"Webhook","nodeId":"1"}}
{"__type":"$$EventMessageConfirm","confirm":"718166a2-81ef-425f-88ab-981cf912290c","ts":"2026-08-28T11:38:23.012-04:00","source":{"id":"0","name":"eventBus"}}
{"__type":"$$EventMessageNode","id":"cd4fa411-6c93-41ab-8cb1-29543c9ea4f0","ts":"2026-08-28T11:38:23.012-04:00","eventName":"n8n.node.started","message":"n8n.node.started","payload":{"workflowId":"sBd1k3ZMlyi45C1g","workflowName":"AI Prep Suggestion","executionId":"633","nodeType":"n8n-nodes-base.function","nodeName":"Function","nodeId":"2"}}
{"__type":"$$EventMessageConfirm","confirm":"cd4fa411-6c93-41ab-8cb1-29543c9ea4f0","ts":"2026-08-28T11:38:23.012-04:00","source":{"id":"0","name":"eventBus"}}
{"__type":"$$EventMessageNode","id":"07958911-374b-4d6f-acd3-5d2778659c07","ts":"2026-08-28T11:38:23.023-04:00","eventName":"n8n.node.finished","message":"n8n.node.finished","payload":{"workflowId":"sBd1k3ZMlyi45C1g","workflowName":"AI Prep Suggestion","executionId":"633","nodeType":"n8n-nodes-base.function","nodeName":"Function","nodeId":"2"}}
{"__type":"$$EventMessageConfirm","confirm":"07958911-374b-4d6f-acd3-5d2778659c07","ts":"2026-08-28T11:38:23.023-04:00","source":{"id":"0","name":"eventBus"}}
{"__type":"$$EventMessageWorkflow","id":"c83898e7-5eaa-4ef8-948d-a8ce79c088b2","ts":"2026-08-28T11:38:23.024-04:00","eventName":"n8n.workflow.failed","message":"n8n.workflow.failed","payload":{"executionId":"633","success":false,"isManual":false,"mode":"webhook","workflowId":"sBd1k3ZMlyi45C1g","workflowName":"AI Prep Suggestion","projectId":"f9jtqSpqgxocA0Fw","projectName":"artemii borisov22 <artemii.borisov22@icloud.com>","lastNodeExecuted":"Function","errorMessage":"Expecting Unicode escape sequence \\uXXXX [Line 180]"}}
{"__type":"$$EventMessageConfirm","confirm":"c83898e7-5eaa-4ef8-948d-a8ce79c088b2","ts":"2026-08-28T11:38:23.024-04:00","source":{"id":"0","name":"eventBus"}}
{"__type":"$$EventMessageAudit","id":"d08dfc43-fa6b-4125-bb37-5f1b9e822386","ts":"2026-08-28T11:38:23.051-04:00","eventName":"n8n.audit.workflow.executed","message":"n8n.audit.workflow.executed","payload":{"workflowId":"sBd1k3ZMlyi45C1g","workflowName":"AI Prep Suggestion","executionId":"634","projectId":"f9jtqSpqgxocA0Fw","projectName":"artemii borisov22 <artemii.borisov22@icloud.com>","source":"webhook"}}
{"__type":"$$EventMessageConfirm","confirm":"d08dfc43-fa6b-4125-bb37-5f1b9e822386","ts":"2026-08-28T11:38:23.051-04:00","source":{"id":"0","name":"eventBus"}}
{"__type":"$$EventMessageWorkflow","id":"f4742ce1-6be4-4ed0-a9d9-928018e2c988","ts":"2026-08-28T11:38:23.087-04:00","eventName":"n8n.workflow.started","message":"n8n.workflow.started","payload":{"executionId":"634","workflowId":"sBd1k3ZMlyi45C1g","isManual":false,"mode":"webhook","workflowName":"AI Prep Suggestion","projectId":"f9jtqSpqgxocA0Fw","projectName":"artemii borisov22 <artemii.borisov22@icloud.com>"}}
{"__type":"$$EventMessageConfirm","confirm":"f4742ce1-6be4-4ed0-a9d9-928018e2c988","ts":"2026-08-28T11:38:23.087-04:00","source":{"id":"0","name":"eventBus"}}
{"__type":"$$EventMessageNode","id":"b998751f-ba7d-4dc7-9f22-a31113d2626c","ts":"2026-08-28T11:38:23.087-04:00","eventName":"n8n.node.started","message":"n8n.node.started","payload":{"workflowId":"sBd1k3ZMlyi45C1g","workflowName":"AI Prep Suggestion","executionId":"634","nodeType":"n8n-nodes-base.webhook","nodeName":"Webhook","nodeId":"1"}}
{"__type":"$$EventMessageConfirm","confirm":"b998751f-ba7d-4dc7-9f22-a31113d2626c","ts":"2026-08-28T11:38:23.087-04:00","source":{"id":"0","name":"eventBus"}}
{"__type":"$$EventMessageNode","id":"fa857b07-7881-47c0-ac4a-b233e7f57120","ts":"2026-08-28T11:38:23.087-04:00","eventName":"n8n.node.finished","message":"n8n.node.finished","payload":{"workflowId":"sBd1k3ZMlyi45C1g","workflowName":"AI Prep Suggestion","executionId":"634","nodeType":"n8n-nodes-base.webhook","nodeName":"Webhook","nodeId":"1"}}
{"__type":"$$EventMessageConfirm","confirm":"fa857b07-7881-47c0-ac4a-b233e7f57120","ts":"2026-08-28T11:38:23.087-04:00","source":{"id":"0","name":"eventBus"}}
{"__type":"$$EventMessageNode","id":"8bb0612c-a7e1-47f7-b82a-b4d0705a5403","ts":"2026-08-28T11:38:23.087-04:00","eventName":"n8n.node.started","message":"n8n.node.started","payload":{"workflowId":"sBd1k3ZMlyi45C1g","workflowName":"AI Prep Suggestion","executionId":"634","nodeType":"n8n-nodes-base.function","nodeName":"Function","nodeId":"2"}}
{"__type":"$$EventMessageConfirm","confirm":"8bb0612c-a7e1-47f7-b82a-b4d0705a5403","ts":"2026-08-28T11:38:23.087-04:00","source":{"id":"0","name":"eventBus"}}
{"__type":"$$EventMessageNode","id":"d36a606f-fa3b-4842-9c93-470209e39d25","ts":"2026-08-28T11:38:23.091-04:00","eventName":"n8n.node.finished","message":"n8n.node.finished","payload":{"workflowId":"sBd1k3ZMlyi45C1g","workflowName":"AI Prep Suggestion","executionId":"634","nodeType":"n8n-nodes-base.function","nodeName":"Function","nodeId":"2"}}
{"__type":"$$EventMessageConfirm","confirm":"d36a606f-fa3b-4842-9c93-470209e39d25","ts":"2026-08-28T11:38:23.091-04:00","source":{"id":"0","name":"eventBus"}}
{"__type":"$$EventMessageWorkflow","id":"7a4b6dd3-29a2-4830-875f-55218a9bbf9f","ts":"2026-08-28T11:38:23.091-04:00","eventName":"n8n.workflow.failed","message":"n8n.workflow.failed","payload":{"executionId":"634","success":false,"isManual":false,"mode":"webhook","workflowId":"sBd1k3ZMlyi45C1g","workflowName":"AI Prep Suggestion","projectId":"f9jtqSpqgxocA0Fw","projectName":"artemii borisov22 <artemii.borisov22@icloud.com>","lastNodeExecuted":"Function","errorMessage":"Expecting Unicode escape sequence \\uXXXX [Line 180]"}}
{"__type":"$$EventMessageConfirm","confirm":"7a4b6dd3-29a2-4830-875f-55218a9bbf9f","ts":"2026-08-28T11:38:23.091-04:00","source":{"id":"0","name":"eventBus"}}
{"__type":"$$EventMessageAudit","id":"f47788e0-23f1-4b87-be7d-f9b6f8fb2569","ts":"2026-08-28T11:38:23.117-04:00","eventName":"n8n.audit.workflow.executed","message":"n8n.audit.workflow.executed","payload":{"workflowId":"sBd1k3ZMlyi45C1g","workflowName":"AI Prep Suggestion","executionId":"635","projectId":"f9jtqSpqgxocA0Fw","projectName":"artemii borisov22 <artemii.borisov22@icloud.com>","source":"webhook"}}
{"__type":"$$EventMessageConfirm","confirm":"f47788e0-23f1-4b87-be7d-f9b6f8fb2569","ts":"2026-08-28T11:38:23.117-04:00","source":{"id":"0","name":"eventBus"}}
{"__type":"$$EventMessageWorkflow","id":"1f00326f-d7ee-4324-b9d3-dc86ee97a639","ts":"2026-08-28T11:38:23.147-04:00","eventName":"n8n.workflow.started","message":"n8n.workflow.started","payload":{"executionId":"635","workflowId":"sBd1k3ZMlyi45C1g","isManual":false,"mode":"webhook","workflowName":"AI Prep Suggestion","projectId":"f9jtqSpqgxocA0Fw","projectName":"artemii borisov22 <artemii.borisov22@icloud.com>"}}
{"__type":"$$EventMessageConfirm","confirm":"1f00326f-d7ee-4324-b9d3-dc86ee97a639","ts":"2026-08-28T11:38:23.147-04:00","source":{"id":"0","name":"eventBus"}}
{"__type":"$$EventMessageNode","id":"3c4d98f6-aa00-41bb-967e-eb5fb690f519","ts":"2026-08-28T11:38:23.147-04:00","eventName":"n8n.node.started","message":"n8n.node.started","payload":{"workflowId":"sBd1k3ZMlyi45C1g","workflowName":"AI Prep Suggestion","executionId":"635","nodeType":"n8n-nodes-base.webhook","nodeName":"Webhook","nodeId":"1"}}
{"__type":"$$EventMessageConfirm","confirm":"3c4d98f6-aa00-41bb-967e-eb5fb690f519","ts":"2026-08-28T11:38:23.147-04:00","source":{"id":"0","name":"eventBus"}}
{"__type":"$$EventMessageNode","id":"ced2b196-df7b-4cf3-885c-90d9a528a163","ts":"2026-08-28T11:38:23.147-04:00","eventName":"n8n.node.finished","message":"n8n.node.finished","payload":{"workflowId":"sBd1k3ZMlyi45C1g","workflowName":"AI Prep Suggestion","executionId":"635","nodeType":"n8n-nodes-base.webhook","nodeName":"Webhook","nodeId":"1"}}
{"__type":"$$EventMessageConfirm","confirm":"ced2b196-df7b-4cf3-885c-90d9a528a163","ts":"2026-08-28T11:38:23.147-04:00","source":{"id":"0","name":"eventBus"}}
{"__type":"$$EventMessageNode","id":"b24e0c23-7991-4647-b11d-2570756360b4","ts":"2026-08-28T11:38:23.147-04:00","eventName":"n8n.node.started","message":"n8n.node.started","payload":{"workflowId":"sBd1k3ZMlyi45C1g","workflowName":"AI Prep Suggestion","executionId":"635","nodeType":"n8n-nodes-base.function","nodeName":"Function","nodeId":"2"}}
{"__type":"$$EventMessageConfirm","confirm":"b24e0c23-7991-4647-b11d-2570756360b4","ts":"2026-08-28T11:38:23.147-04:00","source":{"id":"0","name":"eventBus"}}
{"__type":"$$EventMessageNode","id":"92ae03bf-6750-4aab-819f-410733c14b74","ts":"2026-08-28T11:38:23.151-04:00","eventName":"n8n.node.finished","message":"n8n.node.finished","payload":{"workflowId":"sBd1k3ZMlyi45C1g","workflowName":"AI Prep Suggestion","executionId":"635","nodeType":"n8n-nodes-base.function","nodeName":"Function","nodeId":"2"}}
{"__type":"$$EventMessageConfirm","confirm":"92ae03bf-6750-4aab-819f-410733c14b74","ts":"2026-08-28T11:38:23.151-04:00","source":{"id":"0","name":"eventBus"}}
{"__type":"$$EventMessageWorkflow","id":"adad33c9-86e2-4005-b7e4-2fa12bb0e351","ts":"2026-08-28T11:38:23.151-04:00","eventName":"n8n.workflow.failed","message":"n8n.workflow.failed","payload":{"executionId":"635","success":false,"isManual":false,"mode":"webhook","workflowId":"sBd1k3ZMlyi45C1g","workflowName":"AI Prep Suggestion","projectId":"f9jtqSpqgxocA0Fw","projectName":"artemii borisov22 <artemii.borisov22@icloud.com>","lastNodeExecuted":"Function","errorMessage":"Expecting Unicode escape sequence \\uXXXX [Line 180]"}}
{"__type":"$$EventMessageConfirm","confirm":"adad33c9-86e2-4005-b7e4-2fa12bb0e351","ts":"2026-08-28T11:38:23.151-04:00","source":{"id":"0","name":"eventBus"}}
{"__type":"$$EventMessageAudit","id":"16e53853-9164-4683-9ad3-eaf50888d6b5","ts":"2026-08-28T11:38:23.169-04:00","eventName":"n8n.audit.workflow.executed","message":"n8n.audit.workflow.executed","payload":{"workflowId":"sBd1k3ZMlyi45C1g","workflowName":"AI Prep Suggestion","executionId":"636","projectId":"f9jtqSpqgxocA0Fw","projectName":"artemii borisov22 <artemii.borisov22@icloud.com>","source":"webhook"}}
{"__type":"$$EventMessageConfirm","confirm":"16e53853-9164-4683-9ad3-eaf50888d6b5","ts":"2026-08-28T11:38:23.169-04:00","source":{"id":"0","name":"eventBus"}}
{"__type":"$$EventMessageWorkflow","id":"a9988759-7e7a-4d37-9c1a-2b011436d8ed","ts":"2026-08-28T11:38:23.203-04:00","eventName":"n8n.workflow.started","message":"n8n.workflow.started","payload":{"executionId":"636","workflowId":"sBd1k3ZMlyi45C1g","isManual":false,"mode":"webhook","workflowName":"AI Prep Suggestion","projectId":"f9jtqSpqgxocA0Fw","projectName":"artemii borisov22 <artemii.borisov22@icloud.com>"}}
{"__type":"$$EventMessageConfirm","confirm":"a9988759-7e7a-4d37-9c1a-2b011436d8ed","ts":"2026-08-28T11:38:23.203-04:00","source":{"id":"0","name":"eventBus"}}
{"__type":"$$EventMessageNode","id":"8aef5572-c78b-4291-894c-ece9a71158bc","ts":"2026-08-28T11:38:23.203-04:00","eventName":"n8n.node.started","message":"n8n.node.started","payload":{"workflowId":"sBd1k3ZMlyi45C1g","workflowName":"AI Prep Suggestion","executionId":"636","nodeType":"n8n-nodes-base.webhook","nodeName":"Webhook","nodeId":"1"}}
{"__type":"$$EventMessageConfirm","confirm":"8aef5572-c78b-4291-894c-ece9a71158bc","ts":"2026-08-28T11:38:23.203-04:00","source":{"id":"0","name":"eventBus"}}
{"__type":"$$EventMessageNode","id":"775d256c-aed2-495f-ad4e-07f4f6cfd355","ts":"2026-08-28T11:38:23.203-04:00","eventName":"n8n.node.finished","message":"n8n.node.finished","payload":{"workflowId":"sBd1k3ZMlyi45C1g","workflowName":"AI Prep Suggestion","executionId":"636","nodeType":"n8n-nodes-base.webhook","nodeName":"Webhook","nodeId":"1"}}
{"__type":"$$EventMessageConfirm","confirm":"775d256c-aed2-495f-ad4e-07f4f6cfd355","ts":"2026-08-28T11:38:23.203-04:00","source":{"id":"0","name":"eventBus"}}
{"__type":"$$EventMessageNode","id":"9451f7f3-83c7-47a5-be18-933eebebaeb8","ts":"2026-08-28T11:38:23.203-04:00","eventName":"n8n.node.started","message":"n8n.node.started","payload":{"workflowId":"sBd1k3ZMlyi45C1g","workflowName":"AI Prep Suggestion","executionId":"636","nodeType":"n8n-nodes-base.function","nodeName":"Function","nodeId":"2"}}
{"__type":"$$EventMessageConfirm","confirm":"9451f7f3-83c7-47a5-be18-933eebebaeb8","ts":"2026-08-28T11:38:23.203-04:00","source":{"id":"0","name":"eventBus"}}
{"__type":"$$EventMessageNode","id":"795b2600-61a6-40cb-a2ba-f699228f4fb4","ts":"2026-08-28T11:38:23.207-04:00","eventName":"n8n.node.finished","message":"n8n.node.finished","payload":{"workflowId":"sBd1k3ZMlyi45C1g","workflowName":"AI Prep Suggestion","executionId":"636","nodeType":"n8n-nodes-base.function","nodeName":"Function","nodeId":"2"}}
{"__type":"$$EventMessageConfirm","confirm":"795b2600-61a6-40cb-a2ba-f699228f4fb4","ts":"2026-08-28T11:38:23.207-04:00","source":{"id":"0","name":"eventBus"}}
{"__type":"$$EventMessageWorkflow","id":"4b357865-7f23-40cb-bf08-2af1f7073f59","ts":"2026-08-28T11:38:23.207-04:00","eventName":"n8n.workflow.failed","message":"n8n.workflow.failed","payload":{"executionId":"636","success":false,"isManual":false,"mode":"webhook","workflowId":"sBd1k3ZMlyi45C1g","workflowName":"AI Prep Suggestion","projectId":"f9jtqSpqgxocA0Fw","projectName":"artemii borisov22 <artemii.borisov22@icloud.com>","lastNodeExecuted":"Function","errorMessage":"Expecting Unicode escape sequence \\uXXXX [Line 180]"}}
{"__type":"$$EventMessageConfirm","confirm":"4b357865-7f23-40cb-bf08-2af1f7073f59","ts":"2026-08-28T11:38:23.207-04:00","source":{"id":"0","name":"eventBus"}}
{"__type":"$$EventMessageAudit","id":"cdcaf1ef-1e10-4b06-9bd7-1be73bbf58ec","ts":"2026-08-28T11:38:23.225-04:00","eventName":"n8n.audit.workflow.executed","message":"n8n.audit.workflow.executed","payload":{"workflowId":"sBd1k3ZMlyi45C1g","workflowName":"AI Prep Suggestion","executionId":"637","projectId":"f9jtqSpqgxocA0Fw","projectName":"artemii borisov22 <artemii.borisov22@icloud.com>","source":"webhook"}}
{"__type":"$$EventMessageConfirm","confirm":"cdcaf1ef-1e10-4b06-9bd7-1be73bbf58ec","ts":"2026-08-28T11:38:23.225-04:00","source":{"id":"0","name":"eventBus"}}
{"__type":"$$EventMessageWorkflow","id":"5734dcad-77c6-4f83-8c63-3eae2e0eef94","ts":"2026-08-28T11:38:23.252-04:00","eventName":"n8n.workflow.started","message":"n8n.workflow.started","payload":{"executionId":"637","workflowId":"sBd1k3ZMlyi45C1g","isManual":false,"mode":"webhook","workflowName":"AI Prep Suggestion","projectId":"f9jtqSpqgxocA0Fw","projectName":"artemii borisov22 <artemii.borisov22@icloud.com>"}}
{"__type":"$$EventMessageConfirm","confirm":"5734dcad-77c6-4f83-8c63-3eae2e0eef94","ts":"2026-08-28T11:38:23.252-04:00","source":{"id":"0","name":"eventBus"}}
{"__type":"$$EventMessageNode","id":"aaba1234-5925-4f28-bf08-c181c4aa86a2","ts":"2026-08-28T11:38:23.253-04:00","eventName":"n8n.node.started","message":"n8n.node.started","payload":{"workflowId":"sBd1k3ZMlyi45C1g","workflowName":"AI Prep Suggestion","executionId":"637","nodeType":"n8n-nodes-base.webhook","nodeName":"Webhook","nodeId":"1"}}
{"__type":"$$EventMessageConfirm","confirm":"aaba1234-5925-4f28-bf08-c181c4aa86a2","ts":"2026-08-28T11:38:23.253-04:00","source":{"id":"0","name":"eventBus"}}
{"__type":"$$EventMessageNode","id":"335243c2-973e-4164-bfad-693515367aa5","ts":"2026-08-28T11:38:23.253-04:00","eventName":"n8n.node.finished","message":"n8n.node.finished","payload":{"workflowId":"sBd1k3ZMlyi45C1g","workflowName":"AI Prep Suggestion","executionId":"637","nodeType":"n8n-nodes-base.webhook","nodeName":"Webhook","nodeId":"1"}}
{"__type":"$$EventMessageConfirm","confirm":"335243c2-973e-4164-bfad-693515367aa5","ts":"2026-08-28T11:38:23.253-04:00","source":{"id":"0","name":"eventBus"}}
{"__type":"$$EventMessageNode","id":"c0ad588b-6e78-4921-bc3f-f13fc20a7bff","ts":"2026-08-28T11:38:23.253-04:00","eventName":"n8n.node.started","message":"n8n.node.started","payload":{"workflowId":"sBd1k3ZMlyi45C1g","workflowName":"AI Prep Suggestion","executionId":"637","nodeType":"n8n-nodes-base.function","nodeName":"Function","nodeId":"2"}}
{"__type":"$$EventMessageConfirm","confirm":"c0ad588b-6e78-4921-bc3f-f13fc20a7bff","ts":"2026-08-28T11:38:23.253-04:00","source":{"id":"0","name":"eventBus"}}
{"__type":"$$EventMessageNode","id":"2672b008-2463-4282-8985-f2fdc7f6cbe5","ts":"2026-08-28T11:38:23.258-04:00","eventName":"n8n.node.finished","message":"n8n.node.finished","payload":{"workflowId":"sBd1k3ZMlyi45C1g","workflowName":"AI Prep Suggestion","executionId":"637","nodeType":"n8n-nodes-base.function","nodeName":"Function","nodeId":"2"}}
{"__type":"$$EventMessageConfirm","confirm":"2672b008-2463-4282-8985-f2fdc7f6cbe5","ts":"2026-08-28T11:38:23.258-04:00","source":{"id":"0","name":"eventBus"}}
{"__type":"$$EventMessageWorkflow","id":"c84c79a4-dc88-43e6-80d5-96e0b3da87d3","ts":"2026-08-28T11:38:23.258-04:00","eventName":"n8n.workflow.failed","message":"n8n.workflow.failed","payload":{"executionId":"637","success":false,"isManual":false,"mode":"webhook","workflowId":"sBd1k3ZMlyi45C1g","workflowName":"AI Prep Suggestion","projectId":"f9jtqSpqgxocA0Fw","projectName":"artemii borisov22 <artemii.borisov22@icloud.com>","lastNodeExecuted":"Function","errorMessage":"Expecting Unicode escape sequence \\uXXXX [Line 180]"}}
{"__type":"$$EventMessageConfirm","confirm":"c84c79a4-dc88-43e6-80d5-96e0b3da87d3","ts":"2026-08-28T11:38:23.258-04:00","source":{"id":"0","name":"eventBus"}}
{"__type":"$$EventMessageAudit","id":"726dd470-4e3b-4bff-95cc-79ff1f6bd887","ts":"2026-08-28T11:38:23.286-04:00","eventName":"n8n.audit.workflow.executed","message":"n8n.audit.workflow.executed","payload":{"workflowId":"sBd1k3ZMlyi45C1g","workflowName":"AI Prep Suggestion","executionId":"638","projectId":"f9jtqSpqgxocA0Fw","projectName":"artemii borisov22 <artemii.borisov22@icloud.com>","source":"webhook"}}
{"__type":"$$EventMessageConfirm","confirm":"726dd470-4e3b-4bff-95cc-79ff1f6bd887","ts":"2026-08-28T11:38:23.286-04:00","source":{"id":"0","name":"eventBus"}}
{"__type":"$$EventMessageWorkflow","id":"0fe90e14-569b-4b59-8357-166369b586f1","ts":"2026-08-28T11:38:23.314-04:00","eventName":"n8n.workflow.started","message":"n8n.workflow.started","payload":{"executionId":"638","workflowId":"sBd1k3ZMlyi45C1g","isManual":false,"mode":"webhook","workflowName":"AI Prep Suggestion","projectId":"f9jtqSpqgxocA0Fw","projectName":"artemii borisov22 <artemii.borisov22@icloud.com>"}}
{"__type":"$$EventMessageConfirm","confirm":"0fe90e14-569b-4b59-8357-166369b586f1","ts":"2026-08-28T11:38:23.314-04:00","source":{"id":"0","name":"eventBus"}}
{"__type":"$$EventMessageNode","id":"52a06162-0261-40a1-939b-faff9b4e188c","ts":"2026-08-28T11:38:23.314-04:00","eventName":"n8n.node.started","message":"n8n.node.started","payload":{"workflowId":"sBd1k3ZMlyi45C1g","workflowName":"AI Prep Suggestion","executionId":"638","nodeType":"n8n-nodes-base.webhook","nodeName":"Webhook","nodeId":"1"}}
{"__type":"$$EventMessageConfirm","confirm":"52a06162-0261-40a1-939b-faff9b4e188c","ts":"2026-08-28T11:38:23.314-04:00","source":{"id":"0","name":"eventBus"}}
{"__type":"$$EventMessageNode","id":"2c2c7085-907e-4c11-b5a7-304a28aae080","ts":"2026-08-28T11:38:23.314-04:00","eventName":"n8n.node.finished","message":"n8n.node.finished","payload":{"workflowId":"sBd1k3ZMlyi45C1g","workflowName":"AI Prep Suggestion","executionId":"638","nodeType":"n8n-nodes-base.webhook","nodeName":"Webhook","nodeId":"1"}}
{"__type":"$$EventMessageConfirm","confirm":"2c2c7085-907e-4c11-b5a7-304a28aae080","ts":"2026-08-28T11:38:23.314-04:00","source":{"id":"0","name":"eventBus"}}
{"__type":"$$EventMessageNode","id":"a2346cbf-7b17-4f89-b8d9-6cf2608adaad","ts":"2026-08-28T11:38:23.314-04:00","eventName":"n8n.node.started","message":"n8n.node.started","payload":{"workflowId":"sBd1k3ZMlyi45C1g","workflowName":"AI Prep Suggestion","executionId":"638","nodeType":"n8n-nodes-base.function","nodeName":"Function","nodeId":"2"}}
{"__type":"$$EventMessageConfirm","confirm":"a2346cbf-7b17-4f89-b8d9-6cf2608adaad","ts":"2026-08-28T11:38:23.314-04:00","source":{"id":"0","name":"eventBus"}}
{"__type":"$$EventMessageNode","id":"ad0806aa-9b24-45e4-ab57-944f77bf46dd","ts":"2026-08-28T11:38:23.317-04:00","eventName":"n8n.node.finished","message":"n8n.node.finished","payload":{"workflowId":"sBd1k3ZMlyi45C1g","workflowName":"AI Prep Suggestion","executionId":"638","nodeType":"n8n-nodes-base.function","nodeName":"Function","nodeId":"2"}}
{"__type":"$$EventMessageConfirm","confirm":"ad0806aa-9b24-45e4-ab57-944f77bf46dd","ts":"2026-08-28T11:38:23.317-04:00","source":{"id":"0","name":"eventBus"}}
{"__type":"$$EventMessageWorkflow","id":"114bac6f-3198-45c8-b11d-1909b0b0ab8b","ts":"2026-08-28T11:38:23.317-04:00","eventName":"n8n.workflow.failed","message":"n8n.workflow.failed","payload":{"executionId":"638","success":false,"isManual":false,"mode":"webhook","workflowId":"sBd1k3ZMlyi45C1g","workflowName":"AI Prep Suggestion","projectId":"f9jtqSpqgxocA0Fw","projectName":"artemii borisov22 <artemii.borisov22@icloud.com>","lastNodeExecuted":"Function","errorMessage":"Expecting Unicode escape sequence \\uXXXX [Line 180]"}}
{"__type":"$$EventMessageConfirm","confirm":"114bac6f-3198-45c8-b11d-1909b0b0ab8b","ts":"2026-08-28T11:38:23.317-04:00","source":{"id":"0","name":"eventBus"}}
{"__type":"$$EventMessageAudit","id":"f1c5f479-4693-46c9-a94a-6cbe38e1cf85","ts":"2026-08-28T11:38:23.335-04:00","eventName":"n8n.audit.workflow.executed","message":"n8n.audit.workflow.executed","payload":{"workflowId":"sBd1k3ZMlyi45C1g","workflowName":"AI Prep Suggestion","executionId":"639","projectId":"f9jtqSpqgxocA0Fw","projectName":"artemii borisov22 <artemii.borisov22@icloud.com>","source":"webhook"}}
{"__type":"$$EventMessageConfirm","confirm":"f1c5f479-4693-46c9-a94a-6cbe38e1cf85","ts":"2026-08-28T11:38:23.335-04:00","source":{"id":"0","name":"eventBus"}}
{"__type":"$$EventMessageWorkflow","id":"2207072a-c1e0-46f0-91b5-3f01a2a5b0c3","ts":"2026-08-28T11:38:23.363-04:00","eventName":"n8n.workflow.started","message":"n8n.workflow.started","payload":{"executionId":"639","workflowId":"sBd1k3ZMlyi45C1g","isManual":false,"mode":"webhook","workflowName":"AI Prep Suggestion","projectId":"f9jtqSpqgxocA0Fw","projectName":"artemii borisov22 <artemii.borisov22@icloud.com>"}}
{"__type":"$$EventMessageConfirm","confirm":"2207072a-c1e0-46f0-91b5-3f01a2a5b0c3","ts":"2026-08-28T11:38:23.363-04:00","source":{"id":"0","name":"eventBus"}}
{"__type":"$$EventMessageNode","id":"b2cd8279-330f-4cf3-8236-2825342b5621","ts":"2026-08-28T11:38:23.363-04:00","eventName":"n8n.node.started","message":"n8n.node.started","payload":{"workflowId":"sBd1k3ZMlyi45C1g","workflowName":"AI Prep Suggestion","executionId":"639","nodeType":"n8n-nodes-base.webhook","nodeName":"Webhook","nodeId":"1"}}
{"__type":"$$EventMessageConfirm","confirm":"b2cd8279-330f-4cf3-8236-2825342b5621","ts":"2026-08-28T11:38:23.363-04:00","source":{"id":"0","name":"eventBus"}}
{"__type":"$$EventMessageNode","id":"58d61e05-04c5-4468-ad3f-851a60f5687a","ts":"2026-08-28T11:38:23.363-04:00","eventName":"n8n.node.finished","message":"n8n.node.finished","payload":{"workflowId":"sBd1k3ZMlyi45C1g","workflowName":"AI Prep Suggestion","executionId":"639","nodeType":"n8n-nodes-base.webhook","nodeName":"Webhook","nodeId":"1"}}
{"__type":"$$EventMessageConfirm","confirm":"58d61e05-04c5-4468-ad3f-851a60f5687a","ts":"2026-08-28T11:38:23.363-04:00","source":{"id":"0","name":"eventBus"}}
{"__type":"$$EventMessageNode","id":"20271fdc-f20b-427f-8c0c-b9bc290466b9","ts":"2026-08-28T11:38:23.363-04:00","eventName":"n8n.node.started","message":"n8n.node.started","payload":{"workflowId":"sBd1k3ZMlyi45C1g","workflowName":"AI Prep Suggestion","executionId":"639","nodeType":"n8n-nodes-base.function","nodeName":"Function","nodeId":"2"}}
{"__type":"$$EventMessageConfirm","confirm":"20271fdc-f20b-427f-8c0c-b9bc290466b9","ts":"2026-08-28T11:38:23.363-04:00","source":{"id":"0","name":"eventBus"}}
{"__type":"$$EventMessageNode","id":"b671bb63-86e3-4ac4-82d9-a891597cdc41","ts":"2026-08-28T11:38:23.366-04:00","eventName":"n8n.node.finished","message":"n8n.node.finished","payload":{"workflowId":"sBd1k3ZMlyi45C1g","workflowName":"AI Prep Suggestion","executionId":"639","nodeType":"n8n-nodes-base.function","nodeName":"Function","nodeId":"2"}}
{"__type":"$$EventMessageConfirm","confirm":"b671bb63-86e3-4ac4-82d9-a891597cdc41","ts":"2026-08-28T11:38:23.366-04:00","source":{"id":"0","name":"eventBus"}}
{"__type":"$$EventMessageWorkflow","id":"db9738f6-29ab-4f7a-8249-b4ff2bf8459f","ts":"2026-08-28T11:38:23.366-04:00","eventName":"n8n.workflow.failed","message":"n8n.workflow.failed","payload":{"executionId":"639","success":false,"isManual":false,"mode":"webhook","workflowId":"sBd1k3ZMlyi45C1g","workflowName":"AI Prep Suggestion","projectId":"f9jtqSpqgxocA0Fw","projectName":"artemii borisov22 <artemii.borisov22@icloud.com>","lastNodeExecuted":"Function","errorMessage":"Expecting Unicode escape sequence \\uXXXX [Line 180]"}}
{"__type":"$$EventMessageConfirm","confirm":"db9738f6-29ab-4f7a-8249-b4ff2bf8459f","ts":"2026-08-28T11:38:23.366-04:00","source":{"id":"0","name":"eventBus"}}
{"__type":"$$EventMessageAudit","id":"6cc4d8d9-df2c-434d-a09f-20aa7ce8a18a","ts":"2026-08-28T11:38:23.402-04:00","eventName":"n8n.audit.workflow.executed","message":"n8n.audit.workflow.executed","payload":{"workflowId":"sBd1k3ZMlyi45C1g","workflowName":"AI Prep Suggestion","executionId":"640","projectId":"f9jtqSpqgxocA0Fw","projectName":"artemii borisov22 <artemii.borisov22@icloud.com>","source":"webhook"}}
{"__type":"$$EventMessageConfirm","confirm":"6cc4d8d9-df2c-434d-a09f-20aa7ce8a18a","ts":"2026-08-28T11:38:23.402-04:00","source":{"id":"0","name":"eventBus"}}
{"__type":"$$EventMessageWorkflow","id":"1624297e-0b85-46fe-982b-966e14b281d5","ts":"2026-08-28T11:38:23.430-04:00","eventName":"n8n.workflow.started","message":"n8n.workflow.started","payload":{"executionId":"640","workflowId":"sBd1k3ZMlyi45C1g","isManual":false,"mode":"webhook","workflowName":"AI Prep Suggestion","projectId":"f9jtqSpqgxocA0Fw","projectName":"artemii borisov22 <artemii.borisov22@icloud.com>"}}
{"__type":"$$EventMessageConfirm","confirm":"1624297e-0b85-46fe-982b-966e14b281d5","ts":"2026-08-28T11:38:23.430-04:00","source":{"id":"0","name":"eventBus"}}
{"__type":"$$EventMessageNode","id":"905a3ee9-5d94-4932-b32b-d77b7a248dce","ts":"2026-08-28T11:38:23.430-04:00","eventName":"n8n.node.started","message":"n8n.node.started","payload":{"workflowId":"sBd1k3ZMlyi45C1g","workflowName":"AI Prep Suggestion","executionId":"640","nodeType":"n8n-nodes-base.webhook","nodeName":"Webhook","nodeId":"1"}}
{"__type":"$$EventMessageConfirm","confirm":"905a3ee9-5d94-4932-b32b-d77b7a248dce","ts":"2026-08-28T11:38:23.430-04:00","source":{"id":"0","name":"eventBus"}}
{"__type":"$$EventMessageNode","id":"d1e83bc0-9d81-450c-b4c0-d74c1ab068aa","ts":"2026-08-28T11:38:23.430-04:00","eventName":"n8n.node.finished","message":"n8n.node.finished","payload":{"workflowId":"sBd1k3ZMlyi45C1g","workflowName":"AI Prep Suggestion","executionId":"640","nodeType":"n8n-nodes-base.webhook","nodeName":"Webhook","nodeId":"1"}}
{"__type":"$$EventMessageConfirm","confirm":"d1e83bc0-9d81-450c-b4c0-d74c1ab068aa","ts":"2026-08-28T11:38:23.430-04:00","source":{"id":"0","name":"eventBus"}}
{"__type":"$$EventMessageNode","id":"4d688bec-9b23-4e59-863c-75f9f44519d1","ts":"2026-08-28T11:38:23.430-04:00","eventName":"n8n.node.started","message":"n8n.node.started","payload":{"workflowId":"sBd1k3ZMlyi45C1g","workflowName":"AI Prep Suggestion","executionId":"640","nodeType":"n8n-nodes-base.function","nodeName":"Function","nodeId":"2"}}
{"__type":"$$EventMessageConfirm","confirm":"4d688bec-9b23-4e59-863c-75f9f44519d1","ts":"2026-08-28T11:38:23.430-04:00","source":{"id":"0","name":"eventBus"}}
{"__type":"$$EventMessageNode","id":"840da736-2bca-4e2c-90f2-21b93a5d0a61","ts":"2026-08-28T11:38:23.433-04:00","eventName":"n8n.node.finished","message":"n8n.node.finished","payload":{"workflowId":"sBd1k3ZMlyi45C1g","workflowName":"AI Prep Suggestion","executionId":"640","nodeType":"n8n-nodes-base.function","nodeName":"Function","nodeId":"2"}}
{"__type":"$$EventMessageConfirm","confirm":"840da736-2bca-4e2c-90f2-21b93a5d0a61","ts":"2026-08-28T11:38:23.433-04:00","source":{"id":"0","name":"eventBus"}}
{"__type":"$$EventMessageWorkflow","id":"1b7ecb42-cf04-4d8e-a92e-511778addf44","ts":"2026-08-28T11:38:23.434-04:00","eventName":"n8n.workflow.failed","message":"n8n.workflow.failed","payload":{"executionId":"640","success":false,"isManual":false,"mode":"webhook","workflowId":"sBd1k3ZMlyi45C1g","workflowName":"AI Prep Suggestion","projectId":"f9jtqSpqgxocA0Fw","projectName":"artemii borisov22 <artemii.borisov22@icloud.com>","lastNodeExecuted":"Function","errorMessage":"Expecting Unicode escape sequence \\uXXXX [Line 180]"}}
{"__type":"$$EventMessageConfirm","confirm":"1b7ecb42-cf04-4d8e-a92e-511778addf44","ts":"2026-08-28T11:38:23.434-04:00","source":{"id":"0","name":"eventBus"}}
{"__type":"$$EventMessageAudit","id":"b59fd4e3-1d03-43e7-b5a7-38539647643c","ts":"2026-08-28T11:38:23.452-04:00","eventName":"n8n.audit.workflow.executed","message":"n8n.audit.workflow.executed","payload":{"workflowId":"sBd1k3ZMlyi45C1g","workflowName":"AI Prep Suggestion","executionId":"641","projectId":"f9jtqSpqgxocA0Fw","projectName":"artemii borisov22 <artemii.borisov22@icloud.com>","source":"webhook"}}
{"__type":"$$EventMessageConfirm","confirm":"b59fd4e3-1d03-43e7-b5a7-38539647643c","ts":"2026-08-28T11:38:23.452-04:00","source":{"id":"0","name":"eventBus"}}
{"__type":"$$EventMessageWorkflow","id":"961eb2ee-1bff-4b2f-80d4-452ba39c34dc","ts":"2026-08-28T11:38:23.480-04:00","eventName":"n8n.workflow.started","message":"n8n.workflow.started","payload":{"executionId":"641","workflowId":"sBd1k3ZMlyi45C1g","isManual":false,"mode":"webhook","workflowName":"AI Prep Suggestion","projectId":"f9jtqSpqgxocA0Fw","projectName":"artemii borisov22 <artemii.borisov22@icloud.com>"}}
{"__type":"$$EventMessageConfirm","confirm":"961eb2ee-1bff-4b2f-80d4-452ba39c34dc","ts":"2026-08-28T11:38:23.480-04:00","source":{"id":"0","name":"eventBus"}}
{"__type":"$$EventMessageNode","id":"bc8379cd-c72c-48a7-9893-29c513671d60","ts":"2026-08-28T11:38:23.480-04:00","eventName":"n8n.node.started","message":"n8n.node.started","payload":{"workflowId":"sBd1k3ZMlyi45C1g","workflowName":"AI Prep Suggestion","executionId":"641","nodeType":"n8n-nodes-base.webhook","nodeName":"Webhook","nodeId":"1"}}
{"__type":"$$EventMessageConfirm","confirm":"bc8379cd-c72c-48a7-9893-29c513671d60","ts":"2026-08-28T11:38:23.480-04:00","source":{"id":"0","name":"eventBus"}}
{"__type":"$$EventMessageNode","id":"3ceb519b-f42d-4cd8-b5ea-06dd4bd63c60","ts":"2026-08-28T11:38:23.480-04:00","eventName":"n8n.node.finished","message":"n8n.node.finished","payload":{"workflowId":"sBd1k3ZMlyi45C1g","workflowName":"AI Prep Suggestion","executionId":"641","nodeType":"n8n-nodes-base.webhook","nodeName":"Webhook","nodeId":"1"}}
{"__type":"$$EventMessageConfirm","confirm":"3ceb519b-f42d-4cd8-b5ea-06dd4bd63c60","ts":"2026-08-28T11:38:23.480-04:00","source":{"id":"0","name":"eventBus"}}
{"__type":"$$EventMessageNode","id":"2465596b-5da6-4433-8d9d-e94cda63bea9","ts":"2026-08-28T11:38:23.480-04:00","eventName":"n8n.node.started","message":"n8n.node.started","payload":{"workflowId":"sBd1k3ZMlyi45C1g","workflowName":"AI Prep Suggestion","executionId":"641","nodeType":"n8n-nodes-base.function","nodeName":"Function","nodeId":"2"}}
{"__type":"$$EventMessageConfirm","confirm":"2465596b-5da6-4433-8d9d-e94cda63bea9","ts":"2026-08-28T11:38:23.480-04:00","source":{"id":"0","name":"eventBus"}}
{"__type":"$$EventMessageNode","id":"6698666b-285a-49f0-8ff4-6de081a446d9","ts":"2026-08-28T11:38:23.483-04:00","eventName":"n8n.node.finished","message":"n8n.node.finished","payload":{"workflowId":"sBd1k3ZMlyi45C1g","workflowName":"AI Prep Suggestion","executionId":"641","nodeType":"n8n-nodes-base.function","nodeName":"Function","nodeId":"2"}}
{"__type":"$$EventMessageConfirm","confirm":"6698666b-285a-49f0-8ff4-6de081a446d9","ts":"2026-08-28T11:38:23.483-04:00","source":{"id":"0","name":"eventBus"}}
{"__type":"$$EventMessageWorkflow","id":"c4148ba3-ede7-4763-9d7d-7e232aa833a7","ts":"2026-08-28T11:38:23.483-04:00","eventName":"n8n.workflow.failed","message":"n8n.workflow.failed","payload":{"executionId":"641","success":false,"isManual":false,"mode":"webhook","workflowId":"sBd1k3ZMlyi45C1g","workflowName":"AI Prep Suggestion","projectId":"f9jtqSpqgxocA0Fw","projectName":"artemii borisov22 <artemii.borisov22@icloud.com>","lastNodeExecuted":"Function","errorMessage":"Expecting Unicode escape sequence \\uXXXX [Line 180]"}}
{"__type":"$$EventMessageConfirm","confirm":"c4148ba3-ede7-4763-9d7d-7e232aa833a7","ts":"2026-08-28T11:38:23.483-04:00","source":{"id":"0","name":"eventBus"}}
{"__type":"$$EventMessageAudit","id":"89ec1af5-ee82-4c7c-a09e-ff1014a1989b","ts":"2026-08-28T11:38:23.546-04:00","eventName":"n8n.audit.workflow.executed","message":"n8n.audit.workflow.executed","payload":{"workflowId":"sBd1k3ZMlyi45C1g","workflowName":"AI Prep Suggestion","executionId":"642","projectId":"f9jtqSpqgxocA0Fw","projectName":"artemii borisov22 <artemii.borisov22@icloud.com>","source":"webhook"}}
{"__type":"$$EventMessageConfirm","confirm":"89ec1af5-ee82-4c7c-a09e-ff1014a1989b","ts":"2026-08-28T11:38:23.546-04:00","source":{"id":"0","name":"eventBus"}}
{"__type":"$$EventMessageWorkflow","id":"7db05545-33b0-4285-bbf7-9f9be092216f","ts":"2026-08-28T11:38:23.635-04:00","eventName":"n8n.workflow.started","message":"n8n.workflow.started","payload":{"executionId":"642","workflowId":"sBd1k3ZMlyi45C1g","isManual":false,"mode":"webhook","workflowName":"AI Prep Suggestion","projectId":"f9jtqSpqgxocA0Fw","projectName":"artemii borisov22 <artemii.borisov22@icloud.com>"}}
{"__type":"$$EventMessageConfirm","confirm":"7db05545-33b0-4285-bbf7-9f9be092216f","ts":"2026-08-28T11:38:23.635-04:00","source":{"id":"0","name":"eventBus"}}
{"__type":"$$EventMessageNode","id":"490095e1-ea40-4348-9f9e-8f3f23cfc25b","ts":"2026-08-28T11:38:23.635-04:00","eventName":"n8n.node.started","message":"n8n.node.started","payload":{"workflowId":"sBd1k3ZMlyi45C1g","workflowName":"AI Prep Suggestion","executionId":"642","nodeType":"n8n-nodes-base.webhook","nodeName":"Webhook","nodeId":"1"}}
{"__type":"$$EventMessageConfirm","confirm":"490095e1-ea40-4348-9f9e-8f3f23cfc25b","ts":"2026-08-28T11:38:23.635-04:00","source":{"id":"0","name":"eventBus"}}
{"__type":"$$EventMessageNode","id":"fb337285-f0b0-4354-b6bf-2ca991acd6b7","ts":"2026-08-28T11:38:23.635-04:00","eventName":"n8n.node.finished","message":"n8n.node.finished","payload":{"workflowId":"sBd1k3ZMlyi45C1g","workflowName":"AI Prep Suggestion","executionId":"642","nodeType":"n8n-nodes-base.webhook","nodeName":"Webhook","nodeId":"1"}}
{"__type":"$$EventMessageConfirm","confirm":"fb337285-f0b0-4354-b6bf-2ca991acd6b7","ts":"2026-08-28T11:38:23.635-04:00","source":{"id":"0","name":"eventBus"}}
{"__type":"$$EventMessageNode","id":"020e11dc-cb3d-4279-bb23-10bb9afbcda4","ts":"2026-08-28T11:38:23.635-04:00","eventName":"n8n.node.started","message":"n8n.node.started","payload":{"workflowId":"sBd1k3ZMlyi45C1g","workflowName":"AI Prep Suggestion","executionId":"642","nodeType":"n8n-nodes-base.function","nodeName":"Function","nodeId":"2"}}
{"__type":"$$EventMessageConfirm","confirm":"020e11dc-cb3d-4279-bb23-10bb9afbcda4","ts":"2026-08-28T11:38:23.635-04:00","source":{"id":"0","name":"eventBus"}}
{"__type":"$$EventMessageNode","id":"dac24c74-935a-4600-b317-1e7081f52a39","ts":"2026-08-28T11:38:23.641-04:00","eventName":"n8n.node.finished","message":"n8n.node.finished","payload":{"workflowId":"sBd1k3ZMlyi45C1g","workflowName":"AI Prep Suggestion","executionId":"642","nodeType":"n8n-nodes-base.function","nodeName":"Function","nodeId":"2"}}
{"__type":"$$EventMessageConfirm","confirm":"dac24c74-935a-4600-b317-1e7081f52a39","ts":"2026-08-28T11:38:23.641-04:00","source":{"id":"0","name":"eventBus"}}
{"__type":"$$EventMessageWorkflow","id":"25b80741-d121-4212-8653-f697ad9bfd51","ts":"2026-08-28T11:38:23.641-04:00","eventName":"n8n.workflow.failed","message":"n8n.workflow.failed","payload":{"executionId":"642","success":false,"isManual":false,"mode":"webhook","workflowId":"sBd1k3ZMlyi45C1g","workflowName":"AI Prep Suggestion","projectId":"f9jtqSpqgxocA0Fw","projectName":"artemii borisov22 <artemii.borisov22@icloud.com>","lastNodeExecuted":"Function","errorMessage":"Expecting Unicode escape sequence \\uXXXX [Line 180]"}}
{"__type":"$$EventMessageConfirm","confirm":"25b80741-d121-4212-8653-f697ad9bfd51","ts":"2026-08-28T11:38:23.641-04:00","source":{"id":"0","name":"eventBus"}}
{"__type":"$$EventMessageAudit","id":"90124b6f-be45-4e79-be0e-bb6f62bc41cc","ts":"2026-08-28T11:38:23.659-04:00","eventName":"n8n.audit.workflow.executed","message":"n8n.audit.workflow.executed","payload":{"workflowId":"sBd1k3ZMlyi45C1g","workflowName":"AI Prep Suggestion","executionId":"643","projectId":"f9jtqSpqgxocA0Fw","projectName":"artemii borisov22 <artemii.borisov22@icloud.com>","source":"webhook"}}
{"__type":"$$EventMessageConfirm","confirm":"90124b6f-be45-4e79-be0e-bb6f62bc41cc","ts":"2026-08-28T11:38:23.659-04:00","source":{"id":"0","name":"eventBus"}}
{"__type":"$$EventMessageWorkflow","id":"632d3aaf-442e-451a-999d-4d69d6225419","ts":"2026-08-28T11:38:23.691-04:00","eventName":"n8n.workflow.started","message":"n8n.workflow.started","payload":{"executionId":"643","workflowId":"sBd1k3ZMlyi45C1g","isManual":false,"mode":"webhook","workflowName":"AI Prep Suggestion","projectId":"f9jtqSpqgxocA0Fw","projectName":"artemii borisov22 <artemii.borisov22@icloud.com>"}}
{"__type":"$$EventMessageConfirm","confirm":"632d3aaf-442e-451a-999d-4d69d6225419","ts":"2026-08-28T11:38:23.691-04:00","source":{"id":"0","name":"eventBus"}}
{"__type":"$$EventMessageNode","id":"de0b4e58-40b9-45ae-848c-e6f1e00ab017","ts":"2026-08-28T11:38:23.691-04:00","eventName":"n8n.node.started","message":"n8n.node.started","payload":{"workflowId":"sBd1k3ZMlyi45C1g","workflowName":"AI Prep Suggestion","executionId":"643","nodeType":"n8n-nodes-base.webhook","nodeName":"Webhook","nodeId":"1"}}
{"__type":"$$EventMessageConfirm","confirm":"de0b4e58-40b9-45ae-848c-e6f1e00ab017","ts":"2026-08-28T11:38:23.691-04:00","source":{"id":"0","name":"eventBus"}}
{"__type":"$$EventMessageNode","id":"08bb4555-b41f-487f-8080-06a0fecfdf45","ts":"2026-08-28T11:38:23.691-04:00","eventName":"n8n.node.finished","message":"n8n.node.finished","payload":{"workflowId":"sBd1k3ZMlyi45C1g","workflowName":"AI Prep Suggestion","executionId":"643","nodeType":"n8n-nodes-base.webhook","nodeName":"Webhook","nodeId":"1"}}
{"__type":"$$EventMessageConfirm","confirm":"08bb4555-b41f-487f-8080-06a0fecfdf45","ts":"2026-08-28T11:38:23.691-04:00","source":{"id":"0","name":"eventBus"}}
{"__type":"$$EventMessageNode","id":"1e4e3294-9c89-40ea-938d-fb3c6bc2649f","ts":"2026-08-28T11:38:23.691-04:00","eventName":"n8n.node.started","message":"n8n.node.started","payload":{"workflowId":"sBd1k3ZMlyi45C1g","workflowName":"AI Prep Suggestion","executionId":"643","nodeType":"n8n-nodes-base.function","nodeName":"Function","nodeId":"2"}}
{"__type":"$$EventMessageConfirm","confirm":"1e4e3294-9c89-40ea-938d-fb3c6bc2649f","ts":"2026-08-28T11:38:23.691-04:00","source":{"id":"0","name":"eventBus"}}
{"__type":"$$EventMessageNode","id":"99454544-8ab5-4884-aa74-5092f174d3fa","ts":"2026-08-28T11:38:23.694-04:00","eventName":"n8n.node.finished","message":"n8n.node.finished","payload":{"workflowId":"sBd1k3ZMlyi45C1g","workflowName":"AI Prep Suggestion","executionId":"643","nodeType":"n8n-nodes-base.function","nodeName":"Function","nodeId":"2"}}
{"__type":"$$EventMessageConfirm","confirm":"99454544-8ab5-4884-aa74-5092f174d3fa","ts":"2026-08-28T11:38:23.694-04:00","source":{"id":"0","name":"eventBus"}}
{"__type":"$$EventMessageWorkflow","id":"1081aad7-475e-4bcf-ae5d-441b35a1ab3c","ts":"2026-08-28T11:38:23.694-04:00","eventName":"n8n.workflow.failed","message":"n8n.workflow.failed","payload":{"executionId":"643","success":false,"isManual":false,"mode":"webhook","workflowId":"sBd1k3ZMlyi45C1g","workflowName":"AI Prep Suggestion","projectId":"f9jtqSpqgxocA0Fw","projectName":"artemii borisov22 <artemii.borisov22@icloud.com>","lastNodeExecuted":"Function","errorMessage":"Expecting Unicode escape sequence \\uXXXX [Line 180]"}}
{"__type":"$$EventMessageConfirm","confirm":"1081aad7-475e-4bcf-ae5d-441b35a1ab3c","ts":"2026-08-28T11:38:23.694-04:00","source":{"id":"0","name":"eventBus"}}
{"__type":"$$EventMessageAudit","id":"f141927c-138a-4849-bc72-c242b625360b","ts":"2026-08-28T11:38:23.723-04:00","eventName":"n8n.audit.workflow.executed","message":"n8n.audit.workflow.executed","payload":{"workflowId":"sBd1k3ZMlyi45C1g","workflowName":"AI Prep Suggestion","executionId":"644","projectId":"f9jtqSpqgxocA0Fw","projectName":"artemii borisov22 <artemii.borisov22@icloud.com>","source":"webhook"}}
{"__type":"$$EventMessageConfirm","confirm":"f141927c-138a-4849-bc72-c242b625360b","ts":"2026-08-28T11:38:23.723-04:00","source":{"id":"0","name":"eventBus"}}
{"__type":"$$EventMessageWorkflow","id":"810b7994-1b67-4338-9fc2-2ea31451256c","ts":"2026-08-28T11:38:23.754-04:00","eventName":"n8n.workflow.started","message":"n8n.workflow.started","payload":{"executionId":"644","workflowId":"sBd1k3ZMlyi45C1g","isManual":false,"mode":"webhook","workflowName":"AI Prep Suggestion","projectId":"f9jtqSpqgxocA0Fw","projectName":"artemii borisov22 <artemii.borisov22@icloud.com>"}}
{"__type":"$$EventMessageConfirm","confirm":"810b7994-1b67-4338-9fc2-2ea31451256c","ts":"2026-08-28T11:38:23.754-04:00","source":{"id":"0","name":"eventBus"}}
{"__type":"$$EventMessageNode","id":"10682e77-2077-4843-8ac4-1a6303da86a9","ts":"2026-08-28T11:38:23.754-04:00","eventName":"n8n.node.started","message":"n8n.node.started","payload":{"workflowId":"sBd1k3ZMlyi45C1g","workflowName":"AI Prep Suggestion","executionId":"644","nodeType":"n8n-nodes-base.webhook","nodeName":"Webhook","nodeId":"1"}}
{"__type":"$$EventMessageConfirm","confirm":"10682e77-2077-4843-8ac4-1a6303da86a9","ts":"2026-08-28T11:38:23.754-04:00","source":{"id":"0","name":"eventBus"}}
{"__type":"$$EventMessageNode","id":"bf605fe9-ecc5-44a0-bee4-f77a99ba5323","ts":"2026-08-28T11:38:23.754-04:00","eventName":"n8n.node.finished","message":"n8n.node.finished","payload":{"workflowId":"sBd1k3ZMlyi45C1g","workflowName":"AI Prep Suggestion","executionId":"644","nodeType":"n8n-nodes-base.webhook","nodeName":"Webhook","nodeId":"1"}}
{"__type":"$$EventMessageConfirm","confirm":"bf605fe9-ecc5-44a0-bee4-f77a99ba5323","ts":"2026-08-28T11:38:23.754-04:00","source":{"id":"0","name":"eventBus"}}
{"__type":"$$EventMessageNode","id":"139202f1-0d31-49d6-97e8-ef73023ea7a0","ts":"2026-08-28T11:38:23.754-04:00","eventName":"n8n.node.started","message":"n8n.node.started","payload":{"workflowId":"sBd1k3ZMlyi45C1g","workflowName":"AI Prep Suggestion","executionId":"644","nodeType":"n8n-nodes-base.function","nodeName":"Function","nodeId":"2"}}
{"__type":"$$EventMessageConfirm","confirm":"139202f1-0d31-49d6-97e8-ef73023ea7a0","ts":"2026-08-28T11:38:23.754-04:00","source":{"id":"0","name":"eventBus"}}
{"__type":"$$EventMessageNode","id":"c31a6fab-cb3a-473f-bec5-e85f005258c4","ts":"2026-08-28T11:38:23.757-04:00","eventName":"n8n.node.finished","message":"n8n.node.finished","payload":{"workflowId":"sBd1k3ZMlyi45C1g","workflowName":"AI Prep Suggestion","executionId":"644","nodeType":"n8n-nodes-base.function","nodeName":"Function","nodeId":"2"}}
{"__type":"$$EventMessageConfirm","confirm":"c31a6fab-cb3a-473f-bec5-e85f005258c4","ts":"2026-08-28T11:38:23.757-04:00","source":{"id":"0","name":"eventBus"}}
{"__type":"$$EventMessageWorkflow","id":"c3b7ad17-1afb-4cc2-b10f-49a9a61efa94","ts":"2026-08-28T11:38:23.757-04:00","eventName":"n8n.workflow.failed","message":"n8n.workflow.failed","payload":{"executionId":"644","success":false,"isManual":false,"mode":"webhook","workflowId":"sBd1k3ZMlyi45C1g","workflowName":"AI Prep Suggestion","projectId":"f9jtqSpqgxocA0Fw","projectName":"artemii borisov22 <artemii.borisov22@icloud.com>","lastNodeExecuted":"Function","errorMessage":"Expecting Unicode escape sequence \\uXXXX [Line 180]"}}
{"__type":"$$EventMessageConfirm","confirm":"c3b7ad17-1afb-4cc2-b10f-49a9a61efa94","ts":"2026-08-28T11:38:23.757-04:00","source":{"id":"0","name":"eventBus"}}
{"__type":"$$EventMessageAudit","id":"ba3208bf-1c20-41ad-8fe7-1e4e0880889d","ts":"2026-08-28T11:38:23.774-04:00","eventName":"n8n.audit.workflow.executed","message":"n8n.audit.workflow.executed","payload":{"workflowId":"sBd1k3ZMlyi45C1g","workflowName":"AI Prep Suggestion","executionId":"645","projectId":"f9jtqSpqgxocA0Fw","projectName":"artemii borisov22 <artemii.borisov22@icloud.com>","source":"webhook"}}
{"__type":"$$EventMessageConfirm","confirm":"ba3208bf-1c20-41ad-8fe7-1e4e0880889d","ts":"2026-08-28T11:38:23.774-04:00","source":{"id":"0","name":"eventBus"}}
{"__type":"$$EventMessageWorkflow","id":"430e8afb-a8b1-4ee0-af98-7c4182686436","ts":"2026-08-28T11:38:23.805-04:00","eventName":"n8n.workflow.started","message":"n8n.workflow.started","payload":{"executionId":"645","workflowId":"sBd1k3ZMlyi45C1g","isManual":false,"mode":"webhook","workflowName":"AI Prep Suggestion","projectId":"f9jtqSpqgxocA0Fw","projectName":"artemii borisov22 <artemii.borisov22@icloud.com>"}}
{"__type":"$$EventMessageConfirm","confirm":"430e8afb-a8b1-4ee0-af98-7c4182686436","ts":"2026-08-28T11:38:23.805-04:00","source":{"id":"0","name":"eventBus"}}
{"__type":"$$EventMessageNode","id":"89be951d-ae3b-476b-b181-34a2a1bff4df","ts":"2026-08-28T11:38:23.805-04:00","eventName":"n8n.node.started","message":"n8n.node.started","payload":{"workflowId":"sBd1k3ZMlyi45C1g","workflowName":"AI Prep Suggestion","executionId":"645","nodeType":"n8n-nodes-base.webhook","nodeName":"Webhook","nodeId":"1"}}
{"__type":"$$EventMessageConfirm","confirm":"89be951d-ae3b-476b-b181-34a2a1bff4df","ts":"2026-08-28T11:38:23.805-04:00","source":{"id":"0","name":"eventBus"}}
{"__type":"$$EventMessageNode","id":"05a850c4-10ca-43e3-b1cd-2d9909c204dc","ts":"2026-08-28T11:38:23.805-04:00","eventName":"n8n.node.finished","message":"n8n.node.finished","payload":{"workflowId":"sBd1k3ZMlyi45C1g","workflowName":"AI Prep Suggestion","executionId":"645","nodeType":"n8n-nodes-base.webhook","nodeName":"Webhook","nodeId":"1"}}
{"__type":"$$EventMessageConfirm","confirm":"05a850c4-10ca-43e3-b1cd-2d9909c204dc","ts":"2026-08-28T11:38:23.805-04:00","source":{"id":"0","name":"eventBus"}}
{"__type":"$$EventMessageNode","id":"c830079a-7755-4ae9-8c25-65d20768726a","ts":"2026-08-28T11:38:23.805-04:00","eventName":"n8n.node.started","message":"n8n.node.started","payload":{"workflowId":"sBd1k3ZMlyi45C1g","workflowName":"AI Prep Suggestion","executionId":"645","nodeType":"n8n-nodes-base.function","nodeName":"Function","nodeId":"2"}}
{"__type":"$$EventMessageConfirm","confirm":"c830079a-7755-4ae9-8c25-65d20768726a","ts":"2026-08-28T11:38:23.805-04:00","source":{"id":"0","name":"eventBus"}}
{"__type":"$$EventMessageNode","id":"8c7f15c0-65fc-4470-aefa-7f82c2990259","ts":"2026-08-28T11:38:23.808-04:00","eventName":"n8n.node.finished","message":"n8n.node.finished","payload":{"workflowId":"sBd1k3ZMlyi45C1g","workflowName":"AI Prep Suggestion","executionId":"645","nodeType":"n8n-nodes-base.function","nodeName":"Function","nodeId":"2"}}
{"__type":"$$EventMessageConfirm","confirm":"8c7f15c0-65fc-4470-aefa-7f82c2990259","ts":"2026-08-28T11:38:23.808-04:00","source":{"id":"0","name":"eventBus"}}
{"__type":"$$EventMessageWorkflow","id":"545f100a-f342-4d65-9ed9-3f639536da39","ts":"2026-08-28T11:38:23.808-04:00","eventName":"n8n.workflow.failed","message":"n8n.workflow.failed","payload":{"executionId":"645","success":false,"isManual":false,"mode":"webhook","workflowId":"sBd1k3ZMlyi45C1g","workflowName":"AI Prep Suggestion","projectId":"f9jtqSpqgxocA0Fw","projectName":"artemii borisov22 <artemii.borisov22@icloud.com>","lastNodeExecuted":"Function","errorMessage":"Expecting Unicode escape sequence \\uXXXX [Line 180]"}}
{"__type":"$$EventMessageConfirm","confirm":"545f100a-f342-4d65-9ed9-3f639536da39","ts":"2026-08-28T11:38:23.808-04:00","source":{"id":"0","name":"eventBus"}}
{"__type":"$$EventMessageAudit","id":"5bfd4542-1e18-4689-975b-f787611d6e4f","ts":"2026-08-28T11:38:23.824-04:00","eventName":"n8n.audit.workflow.executed","message":"n8n.audit.workflow.executed","payload":{"workflowId":"sBd1k3ZMlyi45C1g","workflowName":"AI Prep Suggestion","executionId":"646","projectId":"f9jtqSpqgxocA0Fw","projectName":"artemii borisov22 <artemii.borisov22@icloud.com>","source":"webhook"}}
{"__type":"$$EventMessageConfirm","confirm":"5bfd4542-1e18-4689-975b-f787611d6e4f","ts":"2026-08-28T11:38:23.824-04:00","source":{"id":"0","name":"eventBus"}}
{"__type":"$$EventMessageWorkflow","id":"37ed6f00-cedd-4137-9099-4a8a3b567baf","ts":"2026-08-28T11:38:23.853-04:00","eventName":"n8n.workflow.started","message":"n8n.workflow.started","payload":{"executionId":"646","workflowId":"sBd1k3ZMlyi45C1g","isManual":false,"mode":"webhook","workflowName":"AI Prep Suggestion","projectId":"f9jtqSpqgxocA0Fw","projectName":"artemii borisov22 <artemii.borisov22@icloud.com>"}}
{"__type":"$$EventMessageConfirm","confirm":"37ed6f00-cedd-4137-9099-4a8a3b567baf","ts":"2026-08-28T11:38:23.853-04:00","source":{"id":"0","name":"eventBus"}}
{"__type":"$$EventMessageNode","id":"aebe82c5-1d92-4cc2-86dc-1e9df575626c","ts":"2026-08-28T11:38:23.853-04:00","eventName":"n8n.node.started","message":"n8n.node.started","payload":{"workflowId":"sBd1k3ZMlyi45C1g","workflowName":"AI Prep Suggestion","executionId":"646","nodeType":"n8n-nodes-base.webhook","nodeName":"Webhook","nodeId":"1"}}
{"__type":"$$EventMessageConfirm","confirm":"aebe82c5-1d92-4cc2-86dc-1e9df575626c","ts":"2026-08-28T11:38:23.853-04:00","source":{"id":"0","name":"eventBus"}}
{"__type":"$$EventMessageNode","id":"092ea113-d2f7-48e1-aef1-9a51520c15f0","ts":"2026-08-28T11:38:23.853-04:00","eventName":"n8n.node.finished","message":"n8n.node.finished","payload":{"workflowId":"sBd1k3ZMlyi45C1g","workflowName":"AI Prep Suggestion","executionId":"646","nodeType":"n8n-nodes-base.webhook","nodeName":"Webhook","nodeId":"1"}}
{"__type":"$$EventMessageConfirm","confirm":"092ea113-d2f7-48e1-aef1-9a51520c15f0","ts":"2026-08-28T11:38:23.853-04:00","source":{"id":"0","name":"eventBus"}}
{"__type":"$$EventMessageNode","id":"34dab74c-deae-42b4-8dbc-c63b467757a9","ts":"2026-08-28T11:38:23.854-04:00","eventName":"n8n.node.started","message":"n8n.node.started","payload":{"workflowId":"sBd1k3ZMlyi45C1g","workflowName":"AI Prep Suggestion","executionId":"646","nodeType":"n8n-nodes-base.function","nodeName":"Function","nodeId":"2"}}
{"__type":"$$EventMessageConfirm","confirm":"34dab74c-deae-42b4-8dbc-c63b467757a9","ts":"2026-08-28T11:38:23.854-04:00","source":{"id":"0","name":"eventBus"}}
{"__type":"$$EventMessageNode","id":"79f72a19-231f-476c-bc94-cf40b0b85065","ts":"2026-08-28T11:38:23.856-04:00","eventName":"n8n.node.finished","message":"n8n.node.finished","payload":{"workflowId":"sBd1k3ZMlyi45C1g","workflowName":"AI Prep Suggestion","executionId":"646","nodeType":"n8n-nodes-base.function","nodeName":"Function","nodeId":"2"}}
{"__type":"$$EventMessageConfirm","confirm":"79f72a19-231f-476c-bc94-cf40b0b85065","ts":"2026-08-28T11:38:23.856-04:00","source":{"id":"0","name":"eventBus"}}
{"__type":"$$EventMessageWorkflow","id":"5356d8f2-a2c4-4fa5-9a4c-c5c638bd69a6","ts":"2026-08-28T11:38:23.856-04:00","eventName":"n8n.workflow.failed","message":"n8n.workflow.failed","payload":{"executionId":"646","success":false,"isManual":false,"mode":"webhook","workflowId":"sBd1k3ZMlyi45C1g","workflowName":"AI Prep Suggestion","projectId":"f9jtqSpqgxocA0Fw","projectName":"artemii borisov22 <artemii.borisov22@icloud.com>","lastNodeExecuted":"Function","errorMessage":"Expecting Unicode escape sequence \\uXXXX [Line 180]"}}
{"__type":"$$EventMessageConfirm","confirm":"5356d8f2-a2c4-4fa5-9a4c-c5c638bd69a6","ts":"2026-08-28T11:38:23.856-04:00","source":{"id":"0","name":"eventBus"}}
{"__type":"$$EventMessageAudit","id":"937ddfed-897d-4878-bb7d-69c5f89048a6","ts":"2026-08-28T11:38:23.882-04:00","eventName":"n8n.audit.workflow.executed","message":"n8n.audit.workflow.executed","payload":{"workflowId":"sBd1k3ZMlyi45C1g","workflowName":"AI Prep Suggestion","executionId":"647","projectId":"f9jtqSpqgxocA0Fw","projectName":"artemii borisov22 <artemii.borisov22@icloud.com>","source":"webhook"}}
{"__type":"$$EventMessageConfirm","confirm":"937ddfed-897d-4878-bb7d-69c5f89048a6","ts":"2026-08-28T11:38:23.883-04:00","source":{"id":"0","name":"eventBus"}}
{"__type":"$$EventMessageWorkflow","id":"d84f31f0-a091-45c1-9062-445e83d77e64","ts":"2026-08-28T11:38:23.910-04:00","eventName":"n8n.workflow.started","message":"n8n.workflow.started","payload":{"executionId":"647","workflowId":"sBd1k3ZMlyi45C1g","isManual":false,"mode":"webhook","workflowName":"AI Prep Suggestion","projectId":"f9jtqSpqgxocA0Fw","projectName":"artemii borisov22 <artemii.borisov22@icloud.com>"}}
{"__type":"$$EventMessageConfirm","confirm":"d84f31f0-a091-45c1-9062-445e83d77e64","ts":"2026-08-28T11:38:23.910-04:00","source":{"id":"0","name":"eventBus"}}
{"__type":"$$EventMessageNode","id":"c5b1217d-fc63-48a2-b06b-35e637a70dcd","ts":"2026-08-28T11:38:23.911-04:00","eventName":"n8n.node.started","message":"n8n.node.started","payload":{"workflowId":"sBd1k3ZMlyi45C1g","workflowName":"AI Prep Suggestion","executionId":"647","nodeType":"n8n-nodes-base.webhook","nodeName":"Webhook","nodeId":"1"}}
{"__type":"$$EventMessageConfirm","confirm":"c5b1217d-fc63-48a2-b06b-35e637a70dcd","ts":"2026-08-28T11:38:23.911-04:00","source":{"id":"0","name":"eventBus"}}
{"__type":"$$EventMessageNode","id":"86244ddb-e814-4335-86fa-2c784ea50ace","ts":"2026-08-28T11:38:23.911-04:00","eventName":"n8n.node.finished","message":"n8n.node.finished","payload":{"workflowId":"sBd1k3ZMlyi45C1g","workflowName":"AI Prep Suggestion","executionId":"647","nodeType":"n8n-nodes-base.webhook","nodeName":"Webhook","nodeId":"1"}}
{"__type":"$$EventMessageConfirm","confirm":"86244ddb-e814-4335-86fa-2c784ea50ace","ts":"2026-08-28T11:38:23.911-04:00","source":{"id":"0","name":"eventBus"}}
{"__type":"$$EventMessageNode","id":"ae1bddd5-7199-4bc6-adf9-e58049a8d4d2","ts":"2026-08-28T11:38:23.911-04:00","eventName":"n8n.node.started","message":"n8n.node.started","payload":{"workflowId":"sBd1k3ZMlyi45C1g","workflowName":"AI Prep Suggestion","executionId":"647","nodeType":"n8n-nodes-base.function","nodeName":"Function","nodeId":"2"}}
{"__type":"$$EventMessageConfirm","confirm":"ae1bddd5-7199-4bc6-adf9-e58049a8d4d2","ts":"2026-08-28T11:38:23.911-04:00","source":{"id":"0","name":"eventBus"}}
{"__type":"$$EventMessageNode","id":"b397da74-dbba-4cf5-8a60-52231bb4d2a6","ts":"2026-08-28T11:38:23.914-04:00","eventName":"n8n.node.finished","message":"n8n.node.finished","payload":{"workflowId":"sBd1k3ZMlyi45C1g","workflowName":"AI Prep Suggestion","executionId":"647","nodeType":"n8n-nodes-base.function","nodeName":"Function","nodeId":"2"}}
{"__type":"$$EventMessageConfirm","confirm":"b397da74-dbba-4cf5-8a60-52231bb4d2a6","ts":"2026-08-28T11:38:23.914-04:00","source":{"id":"0","name":"eventBus"}}
{"__type":"$$EventMessageWorkflow","id":"c8ea3c9b-db4c-4603-81b9-0c59cab26e2c","ts":"2026-08-28T11:38:23.914-04:00","eventName":"n8n.workflow.failed","message":"n8n.workflow.failed","payload":{"executionId":"647","success":false,"isManual":false,"mode":"webhook","workflowId":"sBd1k3ZMlyi45C1g","workflowName":"AI Prep Suggestion","projectId":"f9jtqSpqgxocA0Fw","projectName":"artemii borisov22 <artemii.borisov22@icloud.com>","lastNodeExecuted":"Function","errorMessage":"Expecting Unicode escape sequence \\uXXXX [Line 180]"}}
{"__type":"$$EventMessageConfirm","confirm":"c8ea3c9b-db4c-4603-81b9-0c59cab26e2c","ts":"2026-08-28T11:38:23.914-04:00","source":{"id":"0","name":"eventBus"}}
{"__type":"$$EventMessageAudit","id":"7a1c8623-c5d6-4e93-beac-391f9d65c859","ts":"2026-08-28T11:38:23.929-04:00","eventName":"n8n.audit.workflow.executed","message":"n8n.audit.workflow.executed","payload":{"workflowId":"sBd1k3ZMlyi45C1g","workflowName":"AI Prep Suggestion","executionId":"648","projectId":"f9jtqSpqgxocA0Fw","projectName":"artemii borisov22 <artemii.borisov22@icloud.com>","source":"webhook"}}
{"__type":"$$EventMessageConfirm","confirm":"7a1c8623-c5d6-4e93-beac-391f9d65c859","ts":"2026-08-28T11:38:23.929-04:00","source":{"id":"0","name":"eventBus"}}
{"__type":"$$EventMessageWorkflow","id":"86b2a784-6d7d-41f5-9980-0b8edc4f28b8","ts":"2026-08-28T11:38:23.989-04:00","eventName":"n8n.workflow.started","message":"n8n.workflow.started","payload":{"executionId":"648","workflowId":"sBd1k3ZMlyi45C1g","isManual":false,"mode":"webhook","workflowName":"AI Prep Suggestion","projectId":"f9jtqSpqgxocA0Fw","projectName":"artemii borisov22 <artemii.borisov22@icloud.com>"}}
{"__type":"$$EventMessageConfirm","confirm":"86b2a784-6d7d-41f5-9980-0b8edc4f28b8","ts":"2026-08-28T11:38:23.989-04:00","source":{"id":"0","name":"eventBus"}}
{"__type":"$$EventMessageNode","id":"59cb37f1-8687-4d18-b906-2e259c10788a","ts":"2026-08-28T11:38:23.989-04:00","eventName":"n8n.node.started","message":"n8n.node.started","payload":{"workflowId":"sBd1k3ZMlyi45C1g","workflowName":"AI Prep Suggestion","executionId":"648","nodeType":"n8n-nodes-base.webhook","nodeName":"Webhook","nodeId":"1"}}
{"__type":"$$EventMessageConfirm","confirm":"59cb37f1-8687-4d18-b906-2e259c10788a","ts":"2026-08-28T11:38:23.989-04:00","source":{"id":"0","name":"eventBus"}}
{"__type":"$$EventMessageNode","id":"39fd946e-f44e-406a-86ee-0f0b38fe792e","ts":"2026-08-28T11:38:23.989-04:00","eventName":"n8n.node.finished","message":"n8n.node.finished","payload":{"workflowId":"sBd1k3ZMlyi45C1g","workflowName":"AI Prep Suggestion","executionId":"648","nodeType":"n8n-nodes-base.webhook","nodeName":"Webhook","nodeId":"1"}}
{"__type":"$$EventMessageConfirm","confirm":"39fd946e-f44e-406a-86ee-0f0b38fe792e","ts":"2026-08-28T11:38:23.989-04:00","source":{"id":"0","name":"eventBus"}}
{"__type":"$$EventMessageNode","id":"be80a826-2047-4faa-beca-65ed08f1e0d6","ts":"2026-08-28T11:38:23.989-04:00","eventName":"n8n.node.started","message":"n8n.node.started","payload":{"workflowId":"sBd1k3ZMlyi45C1g","workflowName":"AI Prep Suggestion","executionId":"648","nodeType":"n8n-nodes-base.function","nodeName":"Function","nodeId":"2"}}
{"__type":"$$EventMessageConfirm","confirm":"be80a826-2047-4faa-beca-65ed08f1e0d6","ts":"2026-08-28T11:38:23.989-04:00","source":{"id":"0","name":"eventBus"}}
{"__type":"$$EventMessageNode","id":"21bc379f-7c92-4f32-a32e-49861f846ad7","ts":"2026-08-28T11:38:23.992-04:00","eventName":"n8n.node.finished","message":"n8n.node.finished","payload":{"workflowId":"sBd1k3ZMlyi45C1g","workflowName":"AI Prep Suggestion","executionId":"648","nodeType":"n8n-nodes-base.function","nodeName":"Function","nodeId":"2"}}
{"__type":"$$EventMessageConfirm","confirm":"21bc379f-7c92-4f32-a32e-49861f846ad7","ts":"2026-08-28T11:38:23.992-04:00","source":{"id":"0","name":"eventBus"}}
{"__type":"$$EventMessageWorkflow","id":"5b488b63-82b6-40f8-b459-16f421dc2b52","ts":"2026-08-28T11:38:23.992-04:00","eventName":"n8n.workflow.failed","message":"n8n.workflow.failed","payload":{"executionId":"648","success":false,"isManual":false,"mode":"webhook","workflowId":"sBd1k3ZMlyi45C1g","workflowName":"AI Prep Suggestion","projectId":"f9jtqSpqgxocA0Fw","projectName":"artemii borisov22 <artemii.borisov22@icloud.com>","lastNodeExecuted":"Function","errorMessage":"Expecting Unicode escape sequence \\uXXXX [Line 180]"}}
{"__type":"$$EventMessageConfirm","confirm":"5b488b63-82b6-40f8-b459-16f421dc2b52","ts":"2026-08-28T11:38:23.992-04:00","source":{"id":"0","name":"eventBus"}}
{"__type":"$$EventMessageAudit","id":"f5d47884-b35b-4386-9649-fcd0d75ececa","ts":"2026-08-28T11:38:24.012-04:00","eventName":"n8n.audit.workflow.executed","message":"n8n.audit.workflow.executed","payload":{"workflowId":"sBd1k3ZMlyi45C1g","workflowName":"AI Prep Suggestion","executionId":"649","projectId":"f9jtqSpqgxocA0Fw","projectName":"artemii borisov22 <artemii.borisov22@icloud.com>","source":"webhook"}}
{"__type":"$$EventMessageConfirm","confirm":"f5d47884-b35b-4386-9649-fcd0d75ececa","ts":"2026-08-28T11:38:24.012-04:00","source":{"id":"0","name":"eventBus"}}
{"__type":"$$EventMessageWorkflow","id":"332dbe56-c0cd-40be-a713-22025743cc75","ts":"2026-08-28T11:38:24.038-04:00","eventName":"n8n.workflow.started","message":"n8n.workflow.started","payload":{"executionId":"649","workflowId":"sBd1k3ZMlyi45C1g","isManual":false,"mode":"webhook","workflowName":"AI Prep Suggestion","projectId":"f9jtqSpqgxocA0Fw","projectName":"artemii borisov22 <artemii.borisov22@icloud.com>"}}
{"__type":"$$EventMessageConfirm","confirm":"332dbe56-c0cd-40be-a713-22025743cc75","ts":"2026-08-28T11:38:24.038-04:00","source":{"id":"0","name":"eventBus"}}
{"__type":"$$EventMessageNode","id":"6fe1c6db-52c1-4be0-bca5-47197d7822e0","ts":"2026-08-28T11:38:24.038-04:00","eventName":"n8n.node.started","message":"n8n.node.started","payload":{"workflowId":"sBd1k3ZMlyi45C1g","workflowName":"AI Prep Suggestion","executionId":"649","nodeType":"n8n-nodes-base.webhook","nodeName":"Webhook","nodeId":"1"}}
{"__type":"$$EventMessageConfirm","confirm":"6fe1c6db-52c1-4be0-bca5-47197d7822e0","ts":"2026-08-28T11:38:24.038-04:00","source":{"id":"0","name":"eventBus"}}
{"__type":"$$EventMessageNode","id":"d9a44a01-2426-4c34-9685-4a3ef271d6b3","ts":"2026-08-28T11:38:24.038-04:00","eventName":"n8n.node.finished","message":"n8n.node.finished","payload":{"workflowId":"sBd1k3ZMlyi45C1g","workflowName":"AI Prep Suggestion","executionId":"649","nodeType":"n8n-nodes-base.webhook","nodeName":"Webhook","nodeId":"1"}}
{"__type":"$$EventMessageConfirm","confirm":"d9a44a01-2426-4c34-9685-4a3ef271d6b3","ts":"2026-08-28T11:38:24.038-04:00","source":{"id":"0","name":"eventBus"}}
{"__type":"$$EventMessageNode","id":"0dc4968c-95bc-4db9-b9e3-02d992ed63d5","ts":"2026-08-28T11:38:24.038-04:00","eventName":"n8n.node.started","message":"n8n.node.started","payload":{"workflowId":"sBd1k3ZMlyi45C1g","workflowName":"AI Prep Suggestion","executionId":"649","nodeType":"n8n-nodes-base.function","nodeName":"Function","nodeId":"2"}}
{"__type":"$$EventMessageConfirm","confirm":"0dc4968c-95bc-4db9-b9e3-02d992ed63d5","ts":"2026-08-28T11:38:24.038-04:00","source":{"id":"0","name":"eventBus"}}
{"__type":"$$EventMessageNode","id":"fc7cd37b-dd2a-4ef3-be96-1d059f96b1dc","ts":"2026-08-28T11:38:24.041-04:00","eventName":"n8n.node.finished","message":"n8n.node.finished","payload":{"workflowId":"sBd1k3ZMlyi45C1g","workflowName":"AI Prep Suggestion","executionId":"649","nodeType":"n8n-nodes-base.function","nodeName":"Function","nodeId":"2"}}
{"__type":"$$EventMessageConfirm","confirm":"fc7cd37b-dd2a-4ef3-be96-1d059f96b1dc","ts":"2026-08-28T11:38:24.041-04:00","source":{"id":"0","name":"eventBus"}}
{"__type":"$$EventMessageWorkflow","id":"f0af347e-45a8-468a-9998-6e1ef3a9ad4b","ts":"2026-08-28T11:38:24.041-04:00","eventName":"n8n.workflow.failed","message":"n8n.workflow.failed","payload":{"executionId":"649","success":false,"isManual":false,"mode":"webhook","workflowId":"sBd1k3ZMlyi45C1g","workflowName":"AI Prep Suggestion","projectId":"f9jtqSpqgxocA0Fw","projectName":"artemii borisov22 <artemii.borisov22@icloud.com>","lastNodeExecuted":"Function","errorMessage":"Expecting Unicode escape sequence \\uXXXX [Line 180]"}}
{"__type":"$$EventMessageConfirm","confirm":"f0af347e-45a8-468a-9998-6e1ef3a9ad4b","ts":"2026-08-28T11:38:24.041-04:00","source":{"id":"0","name":"eventBus"}}
{"__type":"$$EventMessageAudit","id":"908cdad4-5585-4045-b396-e0fb80ea29e2","ts":"2026-08-28T11:38:24.057-04:00","eventName":"n8n.audit.workflow.executed","message":"n8n.audit.workflow.executed","payload":{"workflowId":"sBd1k3ZMlyi45C1g","workflowName":"AI Prep Suggestion","executionId":"650","projectId":"f9jtqSpqgxocA0Fw","projectName":"artemii borisov22 <artemii.borisov22@icloud.com>","source":"webhook"}}
{"__type":"$$EventMessageConfirm","confirm":"908cdad4-5585-4045-b396-e0fb80ea29e2","ts":"2026-08-28T11:38:24.057-04:00","source":{"id":"0","name":"eventBus"}}
{"__type":"$$EventMessageWorkflow","id":"2d009324-52af-4af5-8d32-395e4d59f6d0","ts":"2026-08-28T11:38:24.084-04:00","eventName":"n8n.workflow.started","message":"n8n.workflow.started","payload":{"executionId":"650","workflowId":"sBd1k3ZMlyi45C1g","isManual":false,"mode":"webhook","workflowName":"AI Prep Suggestion","projectId":"f9jtqSpqgxocA0Fw","projectName":"artemii borisov22 <artemii.borisov22@icloud.com>"}}
{"__type":"$$EventMessageConfirm","confirm":"2d009324-52af-4af5-8d32-395e4d59f6d0","ts":"2026-08-28T11:38:24.084-04:00","source":{"id":"0","name":"eventBus"}}
{"__type":"$$EventMessageNode","id":"c634e753-5943-4772-9a13-83cbfcde84ea","ts":"2026-08-28T11:38:24.085-04:00","eventName":"n8n.node.started","message":"n8n.node.started","payload":{"workflowId":"sBd1k3ZMlyi45C1g","workflowName":"AI Prep Suggestion","executionId":"650","nodeType":"n8n-nodes-base.webhook","nodeName":"Webhook","nodeId":"1"}}
{"__type":"$$EventMessageConfirm","confirm":"c634e753-5943-4772-9a13-83cbfcde84ea","ts":"2026-08-28T11:38:24.085-04:00","source":{"id":"0","name":"eventBus"}}
{"__type":"$$EventMessageNode","id":"556b7b0c-d6ec-4bf7-b755-e5065693c507","ts":"2026-08-28T11:38:24.085-04:00","eventName":"n8n.node.finished","message":"n8n.node.finished","payload":{"workflowId":"sBd1k3ZMlyi45C1g","workflowName":"AI Prep Suggestion","executionId":"650","nodeType":"n8n-nodes-base.webhook","nodeName":"Webhook","nodeId":"1"}}
{"__type":"$$EventMessageConfirm","confirm":"556b7b0c-d6ec-4bf7-b755-e5065693c507","ts":"2026-08-28T11:38:24.085-04:00","source":{"id":"0","name":"eventBus"}}
{"__type":"$$EventMessageNode","id":"98d7d619-acfe-4773-8241-d91574c32fc5","ts":"2026-08-28T11:38:24.085-04:00","eventName":"n8n.node.started","message":"n8n.node.started","payload":{"workflowId":"sBd1k3ZMlyi45C1g","workflowName":"AI Prep Suggestion","executionId":"650","nodeType":"n8n-nodes-base.function","nodeName":"Function","nodeId":"2"}}
{"__type":"$$EventMessageConfirm","confirm":"98d7d619-acfe-4773-8241-d91574c32fc5","ts":"2026-08-28T11:38:24.085-04:00","source":{"id":"0","name":"eventBus"}}
{"__type":"$$EventMessageNode","id":"03fc1bcf-7049-4632-b65d-b45933fb5ca2","ts":"2026-08-28T11:38:24.087-04:00","eventName":"n8n.node.finished","message":"n8n.node.finished","payload":{"workflowId":"sBd1k3ZMlyi45C1g","workflowName":"AI Prep Suggestion","executionId":"650","nodeType":"n8n-nodes-base.function","nodeName":"Function","nodeId":"2"}}
{"__type":"$$EventMessageConfirm","confirm":"03fc1bcf-7049-4632-b65d-b45933fb5ca2","ts":"2026-08-28T11:38:24.087-04:00","source":{"id":"0","name":"eventBus"}}
{"__type":"$$EventMessageWorkflow","id":"bab915bd-b315-4ef8-9f10-b2e547b6de97","ts":"2026-08-28T11:38:24.087-04:00","eventName":"n8n.workflow.failed","message":"n8n.workflow.failed","payload":{"executionId":"650","success":false,"isManual":false,"mode":"webhook","workflowId":"sBd1k3ZMlyi45C1g","workflowName":"AI Prep Suggestion","projectId":"f9jtqSpqgxocA0Fw","projectName":"artemii borisov22 <artemii.borisov22@icloud.com>","lastNodeExecuted":"Function","errorMessage":"Expecting Unicode escape sequence \\uXXXX [Line 180]"}}
{"__type":"$$EventMessageConfirm","confirm":"bab915bd-b315-4ef8-9f10-b2e547b6de97","ts":"2026-08-28T11:38:24.087-04:00","source":{"id":"0","name":"eventBus"}}
{"__type":"$$EventMessageAudit","id":"8d8478fa-ba16-48f4-b634-83f45386ae15","ts":"2026-08-28T11:38:24.104-04:00","eventName":"n8n.audit.workflow.executed","message":"n8n.audit.workflow.executed","payload":{"workflowId":"sBd1k3ZMlyi45C1g","workflowName":"AI Prep Suggestion","executionId":"651","projectId":"f9jtqSpqgxocA0Fw","projectName":"artemii borisov22 <artemii.borisov22@icloud.com>","source":"webhook"}}
{"__type":"$$EventMessageConfirm","confirm":"8d8478fa-ba16-48f4-b634-83f45386ae15","ts":"2026-08-28T11:38:24.104-04:00","source":{"id":"0","name":"eventBus"}}
{"__type":"$$EventMessageWorkflow","id":"aeb19c85-d76a-4f13-95d5-8d554cb29529","ts":"2026-08-28T11:38:24.131-04:00","eventName":"n8n.workflow.started","message":"n8n.workflow.started","payload":{"executionId":"651","workflowId":"sBd1k3ZMlyi45C1g","isManual":false,"mode":"webhook","workflowName":"AI Prep Suggestion","projectId":"f9jtqSpqgxocA0Fw","projectName":"artemii borisov22 <artemii.borisov22@icloud.com>"}}
{"__type":"$$EventMessageConfirm","confirm":"aeb19c85-d76a-4f13-95d5-8d554cb29529","ts":"2026-08-28T11:38:24.131-04:00","source":{"id":"0","name":"eventBus"}}
{"__type":"$$EventMessageNode","id":"b152630e-a696-43ce-a5be-01f0cc7d4d19","ts":"2026-08-28T11:38:24.131-04:00","eventName":"n8n.node.started","message":"n8n.node.started","payload":{"workflowId":"sBd1k3ZMlyi45C1g","workflowName":"AI Prep Suggestion","executionId":"651","nodeType":"n8n-nodes-base.webhook","nodeName":"Webhook","nodeId":"1"}}
{"__type":"$$EventMessageConfirm","confirm":"b152630e-a696-43ce-a5be-01f0cc7d4d19","ts":"2026-08-28T11:38:24.131-04:00","source":{"id":"0","name":"eventBus"}}
{"__type":"$$EventMessageNode","id":"8f0df713-82cc-4002-8cfe-1b888a2e4a3b","ts":"2026-08-28T11:38:24.131-04:00","eventName":"n8n.node.finished","message":"n8n.node.finished","payload":{"workflowId":"sBd1k3ZMlyi45C1g","workflowName":"AI Prep Suggestion","executionId":"651","nodeType":"n8n-nodes-base.webhook","nodeName":"Webhook","nodeId":"1"}}
{"__type":"$$EventMessageConfirm","confirm":"8f0df713-82cc-4002-8cfe-1b888a2e4a3b","ts":"2026-08-28T11:38:24.131-04:00","source":{"id":"0","name":"eventBus"}}
{"__type":"$$EventMessageNode","id":"1a72b6a7-c48f-4886-a04d-d3fa8e8c5ab7","ts":"2026-08-28T11:38:24.131-04:00","eventName":"n8n.node.started","message":"n8n.node.started","payload":{"workflowId":"sBd1k3ZMlyi45C1g","workflowName":"AI Prep Suggestion","executionId":"651","nodeType":"n8n-nodes-base.function","nodeName":"Function","nodeId":"2"}}
{"__type":"$$EventMessageConfirm","confirm":"1a72b6a7-c48f-4886-a04d-d3fa8e8c5ab7","ts":"2026-08-28T11:38:24.132-04:00","source":{"id":"0","name":"eventBus"}}
{"__type":"$$EventMessageNode","id":"5e8fc867-49d2-4d1e-93e4-9a53f226eb12","ts":"2026-08-28T11:38:24.135-04:00","eventName":"n8n.node.finished","message":"n8n.node.finished","payload":{"workflowId":"sBd1k3ZMlyi45C1g","workflowName":"AI Prep Suggestion","executionId":"651","nodeType":"n8n-nodes-base.function","nodeName":"Function","nodeId":"2"}}
{"__type":"$$EventMessageConfirm","confirm":"5e8fc867-49d2-4d1e-93e4-9a53f226eb12","ts":"2026-08-28T11:38:24.135-04:00","source":{"id":"0","name":"eventBus"}}
{"__type":"$$EventMessageWorkflow","id":"64a79600-28a8-4e18-9d3d-9419ce5a183a","ts":"2026-08-28T11:38:24.135-04:00","eventName":"n8n.workflow.failed","message":"n8n.workflow.failed","payload":{"executionId":"651","success":false,"isManual":false,"mode":"webhook","workflowId":"sBd1k3ZMlyi45C1g","workflowName":"AI Prep Suggestion","projectId":"f9jtqSpqgxocA0Fw","projectName":"artemii borisov22 <artemii.borisov22@icloud.com>","lastNodeExecuted":"Function","errorMessage":"Expecting Unicode escape sequence \\uXXXX [Line 180]"}}
{"__type":"$$EventMessageConfirm","confirm":"64a79600-28a8-4e18-9d3d-9419ce5a183a","ts":"2026-08-28T11:38:24.135-04:00","source":{"id":"0","name":"eventBus"}}
{"__type":"$$EventMessageAudit","id":"46d31861-3129-4845-9004-6d92c5758148","ts":"2026-08-28T11:38:24.152-04:00","eventName":"n8n.audit.workflow.executed","message":"n8n.audit.workflow.executed","payload":{"workflowId":"sBd1k3ZMlyi45C1g","workflowName":"AI Prep Suggestion","executionId":"652","projectId":"f9jtqSpqgxocA0Fw","projectName":"artemii borisov22 <artemii.borisov22@icloud.com>","source":"webhook"}}
{"__type":"$$EventMessageConfirm","confirm":"46d31861-3129-4845-9004-6d92c5758148","ts":"2026-08-28T11:38:24.152-04:00","source":{"id":"0","name":"eventBus"}}
{"__type":"$$EventMessageWorkflow","id":"c025ca7e-e992-4cda-86ad-4198aa5a3c3c","ts":"2026-08-28T11:38:24.182-04:00","eventName":"n8n.workflow.started","message":"n8n.workflow.started","payload":{"executionId":"652","workflowId":"sBd1k3ZMlyi45C1g","isManual":false,"mode":"webhook","workflowName":"AI Prep Suggestion","projectId":"f9jtqSpqgxocA0Fw","projectName":"artemii borisov22 <artemii.borisov22@icloud.com>"}}
{"__type":"$$EventMessageConfirm","confirm":"c025ca7e-e992-4cda-86ad-4198aa5a3c3c","ts":"2026-08-28T11:38:24.182-04:00","source":{"id":"0","name":"eventBus"}}
{"__type":"$$EventMessageNode","id":"35eff42d-de77-4c86-aaa9-2d0aab335fe8","ts":"2026-08-28T11:38:24.182-04:00","eventName":"n8n.node.started","message":"n8n.node.started","payload":{"workflowId":"sBd1k3ZMlyi45C1g","workflowName":"AI Prep Suggestion","executionId":"652","nodeType":"n8n-nodes-base.webhook","nodeName":"Webhook","nodeId":"1"}}
{"__type":"$$EventMessageConfirm","confirm":"35eff42d-de77-4c86-aaa9-2d0aab335fe8","ts":"2026-08-28T11:38:24.182-04:00","source":{"id":"0","name":"eventBus"}}
{"__type":"$$EventMessageNode","id":"3a1fcfad-f64b-45a9-80d9-59a22507c25d","ts":"2026-08-28T11:38:24.182-04:00","eventName":"n8n.node.finished","message":"n8n.node.finished","payload":{"workflowId":"sBd1k3ZMlyi45C1g","workflowName":"AI Prep Suggestion","executionId":"652","nodeType":"n8n-nodes-base.webhook","nodeName":"Webhook","nodeId":"1"}}
{"__type":"$$EventMessageConfirm","confirm":"3a1fcfad-f64b-45a9-80d9-59a22507c25d","ts":"2026-08-28T11:38:24.182-04:00","source":{"id":"0","name":"eventBus"}}
{"__type":"$$EventMessageNode","id":"6252f42d-1560-4665-bacb-adc70d5c66d8","ts":"2026-08-28T11:38:24.182-04:00","eventName":"n8n.node.started","message":"n8n.node.started","payload":{"workflowId":"sBd1k3ZMlyi45C1g","workflowName":"AI Prep Suggestion","executionId":"652","nodeType":"n8n-nodes-base.function","nodeName":"Function","nodeId":"2"}}
{"__type":"$$EventMessageConfirm","confirm":"6252f42d-1560-4665-bacb-adc70d5c66d8","ts":"2026-08-28T11:38:24.182-04:00","source":{"id":"0","name":"eventBus"}}
{"__type":"$$EventMessageNode","id":"aa06cbb5-e6e8-4f4d-b4b9-8e7d020846fe","ts":"2026-08-28T11:38:24.186-04:00","eventName":"n8n.node.finished","message":"n8n.node.finished","payload":{"workflowId":"sBd1k3ZMlyi45C1g","workflowName":"AI Prep Suggestion","executionId":"652","nodeType":"n8n-nodes-base.function","nodeName":"Function","nodeId":"2"}}
{"__type":"$$EventMessageConfirm","confirm":"aa06cbb5-e6e8-4f4d-b4b9-8e7d020846fe","ts":"2026-08-28T11:38:24.186-04:00","source":{"id":"0","name":"eventBus"}}
{"__type":"$$EventMessageWorkflow","id":"b6ed68ac-9027-47dd-be0e-34efcd859dd9","ts":"2026-08-28T11:38:24.186-04:00","eventName":"n8n.workflow.failed","message":"n8n.workflow.failed","payload":{"executionId":"652","success":false,"isManual":false,"mode":"webhook","workflowId":"sBd1k3ZMlyi45C1g","workflowName":"AI Prep Suggestion","projectId":"f9jtqSpqgxocA0Fw","projectName":"artemii borisov22 <artemii.borisov22@icloud.com>","lastNodeExecuted":"Function","errorMessage":"Expecting Unicode escape sequence \\uXXXX [Line 180]"}}
{"__type":"$$EventMessageConfirm","confirm":"b6ed68ac-9027-47dd-be0e-34efcd859dd9","ts":"2026-08-28T11:38:24.186-04:00","source":{"id":"0","name":"eventBus"}}
{"__type":"$$EventMessageAudit","id":"96966384-906a-4348-8bb7-b696a6618b24","ts":"2026-08-28T11:38:24.205-04:00","eventName":"n8n.audit.workflow.executed","message":"n8n.audit.workflow.executed","payload":{"workflowId":"sBd1k3ZMlyi45C1g","workflowName":"AI Prep Suggestion","executionId":"653","projectId":"f9jtqSpqgxocA0Fw","projectName":"artemii borisov22 <artemii.borisov22@icloud.com>","source":"webhook"}}
{"__type":"$$EventMessageConfirm","confirm":"96966384-906a-4348-8bb7-b696a6618b24","ts":"2026-08-28T11:38:24.205-04:00","source":{"id":"0","name":"eventBus"}}
{"__type":"$$EventMessageWorkflow","id":"0d8f546a-3256-4bda-95f7-1633ca454dc0","ts":"2026-08-28T11:38:24.234-04:00","eventName":"n8n.workflow.started","message":"n8n.workflow.started","payload":{"executionId":"653","workflowId":"sBd1k3ZMlyi45C1g","isManual":false,"mode":"webhook","workflowName":"AI Prep Suggestion","projectId":"f9jtqSpqgxocA0Fw","projectName":"artemii borisov22 <artemii.borisov22@icloud.com>"}}
{"__type":"$$EventMessageConfirm","confirm":"0d8f546a-3256-4bda-95f7-1633ca454dc0","ts":"2026-08-28T11:38:24.234-04:00","source":{"id":"0","name":"eventBus"}}
{"__type":"$$EventMessageNode","id":"5f6b9ff0-4641-4e5c-9879-0881f21cfb48","ts":"2026-08-28T11:38:24.235-04:00","eventName":"n8n.node.started","message":"n8n.node.started","payload":{"workflowId":"sBd1k3ZMlyi45C1g","workflowName":"AI Prep Suggestion","executionId":"653","nodeType":"n8n-nodes-base.webhook","nodeName":"Webhook","nodeId":"1"}}
{"__type":"$$EventMessageConfirm","confirm":"5f6b9ff0-4641-4e5c-9879-0881f21cfb48","ts":"2026-08-28T11:38:24.235-04:00","source":{"id":"0","name":"eventBus"}}
{"__type":"$$EventMessageNode","id":"8358b79f-c734-46bd-9331-2744298911dc","ts":"2026-08-28T11:38:24.235-04:00","eventName":"n8n.node.finished","message":"n8n.node.finished","payload":{"workflowId":"sBd1k3ZMlyi45C1g","workflowName":"AI Prep Suggestion","executionId":"653","nodeType":"n8n-nodes-base.webhook","nodeName":"Webhook","nodeId":"1"}}
{"__type":"$$EventMessageConfirm","confirm":"8358b79f-c734-46bd-9331-2744298911dc","ts":"2026-08-28T11:38:24.235-04:00","source":{"id":"0","name":"eventBus"}}
{"__type":"$$EventMessageNode","id":"3624826d-73c6-44b1-9a15-02cbac547bc0","ts":"2026-08-28T11:38:24.235-04:00","eventName":"n8n.node.started","message":"n8n.node.started","payload":{"workflowId":"sBd1k3ZMlyi45C1g","workflowName":"AI Prep Suggestion","executionId":"653","nodeType":"n8n-nodes-base.function","nodeName":"Function","nodeId":"2"}}
{"__type":"$$EventMessageConfirm","confirm":"3624826d-73c6-44b1-9a15-02cbac547bc0","ts":"2026-08-28T11:38:24.235-04:00","source":{"id":"0","name":"eventBus"}}
{"__type":"$$EventMessageNode","id":"3e919888-837a-49a3-88fb-239c9f96857c","ts":"2026-08-28T11:38:24.237-04:00","eventName":"n8n.node.finished","message":"n8n.node.finished","payload":{"workflowId":"sBd1k3ZMlyi45C1g","workflowName":"AI Prep Suggestion","executionId":"653","nodeType":"n8n-nodes-base.function","nodeName":"Function","nodeId":"2"}}
{"__type":"$$EventMessageConfirm","confirm":"3e919888-837a-49a3-88fb-239c9f96857c","ts":"2026-08-28T11:38:24.237-04:00","source":{"id":"0","name":"eventBus"}}
{"__type":"$$EventMessageWorkflow","id":"7cc09982-456f-491e-8d17-6732a8abb5a4","ts":"2026-08-28T11:38:24.237-04:00","eventName":"n8n.workflow.failed","message":"n8n.workflow.failed","payload":{"executionId":"653","success":false,"isManual":false,"mode":"webhook","workflowId":"sBd1k3ZMlyi45C1g","workflowName":"AI Prep Suggestion","projectId":"f9jtqSpqgxocA0Fw","projectName":"artemii borisov22 <artemii.borisov22@icloud.com>","lastNodeExecuted":"Function","errorMessage":"Expecting Unicode escape sequence \\uXXXX [Line 180]"}}
{"__type":"$$EventMessageConfirm","confirm":"7cc09982-456f-491e-8d17-6732a8abb5a4","ts":"2026-08-28T11:38:24.237-04:00","source":{"id":"0","name":"eventBus"}}
{"__type":"$$EventMessageAudit","id":"5af1046e-206b-4c4f-9365-c4fa5812c804","ts":"2026-08-28T11:38:24.254-04:00","eventName":"n8n.audit.workflow.executed","message":"n8n.audit.workflow.executed","payload":{"workflowId":"sBd1k3ZMlyi45C1g","workflowName":"AI Prep Suggestion","executionId":"654","projectId":"f9jtqSpqgxocA0Fw","projectName":"artemii borisov22 <artemii.borisov22@icloud.com>","source":"webhook"}}
{"__type":"$$EventMessageConfirm","confirm":"5af1046e-206b-4c4f-9365-c4fa5812c804","ts":"2026-08-28T11:38:24.254-04:00","source":{"id":"0","name":"eventBus"}}
{"__type":"$$EventMessageWorkflow","id":"48c245b3-ba62-433c-8489-4c60a55fbcf7","ts":"2026-08-28T11:38:24.281-04:00","eventName":"n8n.workflow.started","message":"n8n.workflow.started","payload":{"executionId":"654","workflowId":"sBd1k3ZMlyi45C1g","isManual":false,"mode":"webhook","workflowName":"AI Prep Suggestion","projectId":"f9jtqSpqgxocA0Fw","projectName":"artemii borisov22 <artemii.borisov22@icloud.com>"}}
{"__type":"$$EventMessageConfirm","confirm":"48c245b3-ba62-433c-8489-4c60a55fbcf7","ts":"2026-08-28T11:38:24.281-04:00","source":{"id":"0","name":"eventBus"}}
{"__type":"$$EventMessageNode","id":"70b3d177-8d45-4c1c-91f0-27469c537b76","ts":"2026-08-28T11:38:24.281-04:00","eventName":"n8n.node.started","message":"n8n.node.started","payload":{"workflowId":"sBd1k3ZMlyi45C1g","workflowName":"AI Prep Suggestion","executionId":"654","nodeType":"n8n-nodes-base.webhook","nodeName":"Webhook","nodeId":"1"}}
{"__type":"$$EventMessageConfirm","confirm":"70b3d177-8d45-4c1c-91f0-27469c537b76","ts":"2026-08-28T11:38:24.281-04:00","source":{"id":"0","name":"eventBus"}}
{"__type":"$$EventMessageNode","id":"d7fcc98a-e203-4d8e-8d07-bcdc4a380aff","ts":"2026-08-28T11:38:24.281-04:00","eventName":"n8n.node.finished","message":"n8n.node.finished","payload":{"workflowId":"sBd1k3ZMlyi45C1g","workflowName":"AI Prep Suggestion","executionId":"654","nodeType":"n8n-nodes-base.webhook","nodeName":"Webhook","nodeId":"1"}}
{"__type":"$$EventMessageConfirm","confirm":"d7fcc98a-e203-4d8e-8d07-bcdc4a380aff","ts":"2026-08-28T11:38:24.281-04:00","source":{"id":"0","name":"eventBus"}}
{"__type":"$$EventMessageNode","id":"f0b2c6ab-b24a-40d5-a2fb-3ddd1cfb7c70","ts":"2026-08-28T11:38:24.281-04:00","eventName":"n8n.node.started","message":"n8n.node.started","payload":{"workflowId":"sBd1k3ZMlyi45C1g","workflowName":"AI Prep Suggestion","executionId":"654","nodeType":"n8n-nodes-base.function","nodeName":"Function","nodeId":"2"}}
{"__type":"$$EventMessageConfirm","confirm":"f0b2c6ab-b24a-40d5-a2fb-3ddd1cfb7c70","ts":"2026-08-28T11:38:24.281-04:00","source":{"id":"0","name":"eventBus"}}
{"__type":"$$EventMessageNode","id":"c75ca7a6-6199-4b23-a4ea-cf13a986d809","ts":"2026-08-28T11:38:24.284-04:00","eventName":"n8n.node.finished","message":"n8n.node.finished","payload":{"workflowId":"sBd1k3ZMlyi45C1g","workflowName":"AI Prep Suggestion","executionId":"654","nodeType":"n8n-nodes-base.function","nodeName":"Function","nodeId":"2"}}
{"__type":"$$EventMessageConfirm","confirm":"c75ca7a6-6199-4b23-a4ea-cf13a986d809","ts":"2026-08-28T11:38:24.284-04:00","source":{"id":"0","name":"eventBus"}}
{"__type":"$$EventMessageWorkflow","id":"d7a9a581-1f8b-4f4e-9401-d940653247f5","ts":"2026-08-28T11:38:24.284-04:00","eventName":"n8n.workflow.failed","message":"n8n.workflow.failed","payload":{"executionId":"654","success":false,"isManual":false,"mode":"webhook","workflowId":"sBd1k3ZMlyi45C1g","workflowName":"AI Prep Suggestion","projectId":"f9jtqSpqgxocA0Fw","projectName":"artemii borisov22 <artemii.borisov22@icloud.com>","lastNodeExecuted":"Function","errorMessage":"Expecting Unicode escape sequence \\uXXXX [Line 180]"}}
{"__type":"$$EventMessageConfirm","confirm":"d7a9a581-1f8b-4f4e-9401-d940653247f5","ts":"2026-08-28T11:38:24.284-04:00","source":{"id":"0","name":"eventBus"}}
{"__type":"$$EventMessageAudit","id":"1a7a8eb2-a311-405f-a936-11376615a683","ts":"2026-08-28T11:38:24.302-04:00","eventName":"n8n.audit.workflow.executed","message":"n8n.audit.workflow.executed","payload":{"workflowId":"sBd1k3ZMlyi45C1g","workflowName":"AI Prep Suggestion","executionId":"655","projectId":"f9jtqSpqgxocA0Fw","projectName":"artemii borisov22 <artemii.borisov22@icloud.com>","source":"webhook"}}
{"__type":"$$EventMessageConfirm","confirm":"1a7a8eb2-a311-405f-a936-11376615a683","ts":"2026-08-28T11:38:24.302-04:00","source":{"id":"0","name":"eventBus"}}
{"__type":"$$EventMessageWorkflow","id":"7e99e378-be3b-45b4-8933-a9ab92ca3089","ts":"2026-08-28T11:38:24.330-04:00","eventName":"n8n.workflow.started","message":"n8n.workflow.started","payload":{"executionId":"655","workflowId":"sBd1k3ZMlyi45C1g","isManual":false,"mode":"webhook","workflowName":"AI Prep Suggestion","projectId":"f9jtqSpqgxocA0Fw","projectName":"artemii borisov22 <artemii.borisov22@icloud.com>"}}
{"__type":"$$EventMessageConfirm","confirm":"7e99e378-be3b-45b4-8933-a9ab92ca3089","ts":"2026-08-28T11:38:24.330-04:00","source":{"id":"0","name":"eventBus"}}
{"__type":"$$EventMessageNode","id":"3c40707d-350c-4b24-b58a-87fc1721a7da","ts":"2026-08-28T11:38:24.330-04:00","eventName":"n8n.node.started","message":"n8n.node.started","payload":{"workflowId":"sBd1k3ZMlyi45C1g","workflowName":"AI Prep Suggestion","executionId":"655","nodeType":"n8n-nodes-base.webhook","nodeName":"Webhook","nodeId":"1"}}
{"__type":"$$EventMessageConfirm","confirm":"3c40707d-350c-4b24-b58a-87fc1721a7da","ts":"2026-08-28T11:38:24.330-04:00","source":{"id":"0","name":"eventBus"}}
{"__type":"$$EventMessageNode","id":"fe8c3831-2452-4d50-9bb7-b7a1106f2918","ts":"2026-08-28T11:38:24.330-04:00","eventName":"n8n.node.finished","message":"n8n.node.finished","payload":{"workflowId":"sBd1k3ZMlyi45C1g","workflowName":"AI Prep Suggestion","executionId":"655","nodeType":"n8n-nodes-base.webhook","nodeName":"Webhook","nodeId":"1"}}
{"__type":"$$EventMessageConfirm","confirm":"fe8c3831-2452-4d50-9bb7-b7a1106f2918","ts":"2026-08-28T11:38:24.330-04:00","source":{"id":"0","name":"eventBus"}}
{"__type":"$$EventMessageNode","id":"5386b74c-1c13-424c-840b-5963a9663044","ts":"2026-08-28T11:38:24.330-04:00","eventName":"n8n.node.started","message":"n8n.node.started","payload":{"workflowId":"sBd1k3ZMlyi45C1g","workflowName":"AI Prep Suggestion","executionId":"655","nodeType":"n8n-nodes-base.function","nodeName":"Function","nodeId":"2"}}
{"__type":"$$EventMessageConfirm","confirm":"5386b74c-1c13-424c-840b-5963a9663044","ts":"2026-08-28T11:38:24.330-04:00","source":{"id":"0","name":"eventBus"}}
{"__type":"$$EventMessageNode","id":"c1c02ef5-e397-42f1-bf20-8be09ea2e370","ts":"2026-08-28T11:38:24.333-04:00","eventName":"n8n.node.finished","message":"n8n.node.finished","payload":{"workflowId":"sBd1k3ZMlyi45C1g","workflowName":"AI Prep Suggestion","executionId":"655","nodeType":"n8n-nodes-base.function","nodeName":"Function","nodeId":"2"}}
{"__type":"$$EventMessageConfirm","confirm":"c1c02ef5-e397-42f1-bf20-8be09ea2e370","ts":"2026-08-28T11:38:24.333-04:00","source":{"id":"0","name":"eventBus"}}
{"__type":"$$EventMessageWorkflow","id":"f215cbf7-e244-457e-ba86-bd382a1109b0","ts":"2026-08-28T11:38:24.333-04:00","eventName":"n8n.workflow.failed","message":"n8n.workflow.failed","payload":{"executionId":"655","success":false,"isManual":false,"mode":"webhook","workflowId":"sBd1k3ZMlyi45C1g","workflowName":"AI Prep Suggestion","projectId":"f9jtqSpqgxocA0Fw","projectName":"artemii borisov22 <artemii.borisov22@icloud.com>","lastNodeExecuted":"Function","errorMessage":"Expecting Unicode escape sequence \\uXXXX [Line 180]"}}
{"__type":"$$EventMessageConfirm","confirm":"f215cbf7-e244-457e-ba86-bd382a1109b0","ts":"2026-08-28T11:38:24.333-04:00","source":{"id":"0","name":"eventBus"}}
{"__type":"$$EventMessageAudit","id":"3c339368-f19a-4c98-a7d2-6d93fc927536","ts":"2026-08-28T11:38:24.351-04:00","eventName":"n8n.audit.workflow.executed","message":"n8n.audit.workflow.executed","payload":{"workflowId":"sBd1k3ZMlyi45C1g","workflowName":"AI Prep Suggestion","executionId":"656","projectId":"f9jtqSpqgxocA0Fw","projectName":"artemii borisov22 <artemii.borisov22@icloud.com>","source":"webhook"}}
{"__type":"$$EventMessageConfirm","confirm":"3c339368-f19a-4c98-a7d2-6d93fc927536","ts":"2026-08-28T11:38:24.351-04:00","source":{"id":"0","name":"eventBus"}}
{"__type":"$$EventMessageWorkflow","id":"6f3cda62-9567-4150-af7d-9f6838d2b2a8","ts":"2026-08-28T11:38:24.382-04:00","eventName":"n8n.workflow.started","message":"n8n.workflow.started","payload":{"executionId":"656","workflowId":"sBd1k3ZMlyi45C1g","isManual":false,"mode":"webhook","workflowName":"AI Prep Suggestion","projectId":"f9jtqSpqgxocA0Fw","projectName":"artemii borisov22 <artemii.borisov22@icloud.com>"}}
{"__type":"$$EventMessageConfirm","confirm":"6f3cda62-9567-4150-af7d-9f6838d2b2a8","ts":"2026-08-28T11:38:24.382-04:00","source":{"id":"0","name":"eventBus"}}
{"__type":"$$EventMessageNode","id":"9fc0e1cc-89cc-4a80-b100-a062a0bf930b","ts":"2026-08-28T11:38:24.382-04:00","eventName":"n8n.node.started","message":"n8n.node.started","payload":{"workflowId":"sBd1k3ZMlyi45C1g","workflowName":"AI Prep Suggestion","executionId":"656","nodeType":"n8n-nodes-base.webhook","nodeName":"Webhook","nodeId":"1"}}
{"__type":"$$EventMessageConfirm","confirm":"9fc0e1cc-89cc-4a80-b100-a062a0bf930b","ts":"2026-08-28T11:38:24.383-04:00","source":{"id":"0","name":"eventBus"}}
{"__type":"$$EventMessageNode","id":"8848a9b9-45a0-44cc-9a1e-66bb9297e7f2","ts":"2026-08-28T11:38:24.383-04:00","eventName":"n8n.node.finished","message":"n8n.node.finished","payload":{"workflowId":"sBd1k3ZMlyi45C1g","workflowName":"AI Prep Suggestion","executionId":"656","nodeType":"n8n-nodes-base.webhook","nodeName":"Webhook","nodeId":"1"}}
{"__type":"$$EventMessageConfirm","confirm":"8848a9b9-45a0-44cc-9a1e-66bb9297e7f2","ts":"2026-08-28T11:38:24.383-04:00","source":{"id":"0","name":"eventBus"}}
{"__type":"$$EventMessageNode","id":"a68b2211-0b72-41b9-bb8d-a574fefcf8b1","ts":"2026-08-28T11:38:24.383-04:00","eventName":"n8n.node.started","message":"n8n.node.started","payload":{"workflowId":"sBd1k3ZMlyi45C1g","workflowName":"AI Prep Suggestion","executionId":"656","nodeType":"n8n-nodes-base.function","nodeName":"Function","nodeId":"2"}}
{"__type":"$$EventMessageConfirm","confirm":"a68b2211-0b72-41b9-bb8d-a574fefcf8b1","ts":"2026-08-28T11:38:24.383-04:00","source":{"id":"0","name":"eventBus"}}
{"__type":"$$EventMessageNode","id":"974fdd6d-7bf0-4562-971a-3fb4049bca3d","ts":"2026-08-28T11:38:24.385-04:00","eventName":"n8n.node.finished","message":"n8n.node.finished","payload":{"workflowId":"sBd1k3ZMlyi45C1g","workflowName":"AI Prep Suggestion","executionId":"656","nodeType":"n8n-nodes-base.function","nodeName":"Function","nodeId":"2"}}
{"__type":"$$EventMessageConfirm","confirm":"974fdd6d-7bf0-4562-971a-3fb4049bca3d","ts":"2026-08-28T11:38:24.385-04:00","source":{"id":"0","name":"eventBus"}}
{"__type":"$$EventMessageWorkflow","id":"bdf5d486-f071-4e17-a743-b3647c3e2461","ts":"2026-08-28T11:38:24.385-04:00","eventName":"n8n.workflow.failed","message":"n8n.workflow.failed","payload":{"executionId":"656","success":false,"isManual":false,"mode":"webhook","workflowId":"sBd1k3ZMlyi45C1g","workflowName":"AI Prep Suggestion","projectId":"f9jtqSpqgxocA0Fw","projectName":"artemii borisov22 <artemii.borisov22@icloud.com>","lastNodeExecuted":"Function","errorMessage":"Expecting Unicode escape sequence \\uXXXX [Line 180]"}}
{"__type":"$$EventMessageConfirm","confirm":"bdf5d486-f071-4e17-a743-b3647c3e2461","ts":"2026-08-28T11:38:24.386-04:00","source":{"id":"0","name":"eventBus"}}
{"__type":"$$EventMessageAudit","id":"382da5af-a4f0-4dcc-85d6-e70bb918fdcc","ts":"2026-08-28T11:38:24.404-04:00","eventName":"n8n.audit.workflow.executed","message":"n8n.audit.workflow.executed","payload":{"workflowId":"sBd1k3ZMlyi45C1g","workflowName":"AI Prep Suggestion","executionId":"657","projectId":"f9jtqSpqgxocA0Fw","projectName":"artemii borisov22 <artemii.borisov22@icloud.com>","source":"webhook"}}
{"__type":"$$EventMessageConfirm","confirm":"382da5af-a4f0-4dcc-85d6-e70bb918fdcc","ts":"2026-08-28T11:38:24.404-04:00","source":{"id":"0","name":"eventBus"}}
{"__type":"$$EventMessageWorkflow","id":"58e201b9-b895-4622-b75c-53ec93bc223e","ts":"2026-08-28T11:38:24.432-04:00","eventName":"n8n.workflow.started","message":"n8n.workflow.started","payload":{"executionId":"657","workflowId":"sBd1k3ZMlyi45C1g","isManual":false,"mode":"webhook","workflowName":"AI Prep Suggestion","projectId":"f9jtqSpqgxocA0Fw","projectName":"artemii borisov22 <artemii.borisov22@icloud.com>"}}
{"__type":"$$EventMessageConfirm","confirm":"58e201b9-b895-4622-b75c-53ec93bc223e","ts":"2026-08-28T11:38:24.432-04:00","source":{"id":"0","name":"eventBus"}}
{"__type":"$$EventMessageNode","id":"6c2da35d-2ddc-48e3-8aed-81ff7c7de0e8","ts":"2026-08-28T11:38:24.432-04:00","eventName":"n8n.node.started","message":"n8n.node.started","payload":{"workflowId":"sBd1k3ZMlyi45C1g","workflowName":"AI Prep Suggestion","executionId":"657","nodeType":"n8n-nodes-base.webhook","nodeName":"Webhook","nodeId":"1"}}
{"__type":"$$EventMessageConfirm","confirm":"6c2da35d-2ddc-48e3-8aed-81ff7c7de0e8","ts":"2026-08-28T11:38:24.432-04:00","source":{"id":"0","name":"eventBus"}}
{"__type":"$$EventMessageNode","id":"5d97a801-990b-4cb3-8a7d-ffedf535e77f","ts":"2026-08-28T11:38:24.432-04:00","eventName":"n8n.node.finished","message":"n8n.node.finished","payload":{"workflowId":"sBd1k3ZMlyi45C1g","workflowName":"AI Prep Suggestion","executionId":"657","nodeType":"n8n-nodes-base.webhook","nodeName":"Webhook","nodeId":"1"}}
{"__type":"$$EventMessageConfirm","confirm":"5d97a801-990b-4cb3-8a7d-ffedf535e77f","ts":"2026-08-28T11:38:24.432-04:00","source":{"id":"0","name":"eventBus"}}
{"__type":"$$EventMessageNode","id":"7d614b17-ea5f-4a58-8308-9dbd9458559d","ts":"2026-08-28T11:38:24.432-04:00","eventName":"n8n.node.started","message":"n8n.node.started","payload":{"workflowId":"sBd1k3ZMlyi45C1g","workflowName":"AI Prep Suggestion","executionId":"657","nodeType":"n8n-nodes-base.function","nodeName":"Function","nodeId":"2"}}
{"__type":"$$EventMessageConfirm","confirm":"7d614b17-ea5f-4a58-8308-9dbd9458559d","ts":"2026-08-28T11:38:24.432-04:00","source":{"id":"0","name":"eventBus"}}
{"__type":"$$EventMessageNode","id":"d72ed171-a48b-4e51-82f0-4d371f67f6a6","ts":"2026-08-28T11:38:24.435-04:00","eventName":"n8n.node.finished","message":"n8n.node.finished","payload":{"workflowId":"sBd1k3ZMlyi45C1g","workflowName":"AI Prep Suggestion","executionId":"657","nodeType":"n8n-nodes-base.function","nodeName":"Function","nodeId":"2"}}
{"__type":"$$EventMessageConfirm","confirm":"d72ed171-a48b-4e51-82f0-4d371f67f6a6","ts":"2026-08-28T11:38:24.435-04:00","source":{"id":"0","name":"eventBus"}}
{"__type":"$$EventMessageWorkflow","id":"24594cbc-b925-45ef-a5e0-444429f6237e","ts":"2026-08-28T11:38:24.435-04:00","eventName":"n8n.workflow.failed","message":"n8n.workflow.failed","payload":{"executionId":"657","success":false,"isManual":false,"mode":"webhook","workflowId":"sBd1k3ZMlyi45C1g","workflowName":"AI Prep Suggestion","projectId":"f9jtqSpqgxocA0Fw","projectName":"artemii borisov22 <artemii.borisov22@icloud.com>","lastNodeExecuted":"Function","errorMessage":"Expecting Unicode escape sequence \\uXXXX [Line 180]"}}
{"__type":"$$EventMessageConfirm","confirm":"24594cbc-b925-45ef-a5e0-444429f6237e","ts":"2026-08-28T11:38:24.435-04:00","source":{"id":"0","name":"eventBus"}}
{"__type":"$$EventMessageAudit","id":"659f0217-0907-405a-baf1-30c9906a71fb","ts":"2026-08-28T11:38:24.451-04:00","eventName":"n8n.audit.workflow.executed","message":"n8n.audit.workflow.executed","payload":{"workflowId":"sBd1k3ZMlyi45C1g","workflowName":"AI Prep Suggestion","executionId":"658","projectId":"f9jtqSpqgxocA0Fw","projectName":"artemii borisov22 <artemii.borisov22@icloud.com>","source":"webhook"}}
{"__type":"$$EventMessageConfirm","confirm":"659f0217-0907-405a-baf1-30c9906a71fb","ts":"2026-08-28T11:38:24.451-04:00","source":{"id":"0","name":"eventBus"}}
{"__type":"$$EventMessageWorkflow","id":"e67ba141-e696-4cd4-a34c-ff3b96addfc9","ts":"2026-08-28T11:38:24.486-04:00","eventName":"n8n.workflow.started","message":"n8n.workflow.started","payload":{"executionId":"658","workflowId":"sBd1k3ZMlyi45C1g","isManual":false,"mode":"webhook","workflowName":"AI Prep Suggestion","projectId":"f9jtqSpqgxocA0Fw","projectName":"artemii borisov22 <artemii.borisov22@icloud.com>"}}
{"__type":"$$EventMessageConfirm","confirm":"e67ba141-e696-4cd4-a34c-ff3b96addfc9","ts":"2026-08-28T11:38:24.486-04:00","source":{"id":"0","name":"eventBus"}}
{"__type":"$$EventMessageNode","id":"a649dfc8-392f-44a2-9948-c1c7d7a03f41","ts":"2026-08-28T11:38:24.486-04:00","eventName":"n8n.node.started","message":"n8n.node.started","payload":{"workflowId":"sBd1k3ZMlyi45C1g","workflowName":"AI Prep Suggestion","executionId":"658","nodeType":"n8n-nodes-base.webhook","nodeName":"Webhook","nodeId":"1"}}
{"__type":"$$EventMessageConfirm","confirm":"a649dfc8-392f-44a2-9948-c1c7d7a03f41","ts":"2026-08-28T11:38:24.486-04:00","source":{"id":"0","name":"eventBus"}}
{"__type":"$$EventMessageNode","id":"e2112a03-1ba3-4c8b-aba0-d71ade907c64","ts":"2026-08-28T11:38:24.486-04:00","eventName":"n8n.node.finished","message":"n8n.node.finished","payload":{"workflowId":"sBd1k3ZMlyi45C1g","workflowName":"AI Prep Suggestion","executionId":"658","nodeType":"n8n-nodes-base.webhook","nodeName":"Webhook","nodeId":"1"}}
{"__type":"$$EventMessageConfirm","confirm":"e2112a03-1ba3-4c8b-aba0-d71ade907c64","ts":"2026-08-28T11:38:24.486-04:00","source":{"id":"0","name":"eventBus"}}
{"__type":"$$EventMessageNode","id":"5eb0d7f8-3a2f-47ce-a8af-89bb5f74b544","ts":"2026-08-28T11:38:24.486-04:00","eventName":"n8n.node.started","message":"n8n.node.started","payload":{"workflowId":"sBd1k3ZMlyi45C1g","workflowName":"AI Prep Suggestion","executionId":"658","nodeType":"n8n-nodes-base.function","nodeName":"Function","nodeId":"2"}}
{"__type":"$$EventMessageConfirm","confirm":"5eb0d7f8-3a2f-47ce-a8af-89bb5f74b544","ts":"2026-08-28T11:38:24.486-04:00","source":{"id":"0","name":"eventBus"}}
{"__type":"$$EventMessageNode","id":"b0f3d600-1742-42ce-bb7c-791fcf3a9836","ts":"2026-08-28T11:38:24.489-04:00","eventName":"n8n.node.finished","message":"n8n.node.finished","payload":{"workflowId":"sBd1k3ZMlyi45C1g","workflowName":"AI Prep Suggestion","executionId":"658","nodeType":"n8n-nodes-base.function","nodeName":"Function","nodeId":"2"}}
{"__type":"$$EventMessageConfirm","confirm":"b0f3d600-1742-42ce-bb7c-791fcf3a9836","ts":"2026-08-28T11:38:24.489-04:00","source":{"id":"0","name":"eventBus"}}
{"__type":"$$EventMessageWorkflow","id":"0347d83d-77da-49dc-99b3-a781cf8789fe","ts":"2026-08-28T11:38:24.490-04:00","eventName":"n8n.workflow.failed","message":"n8n.workflow.failed","payload":{"executionId":"658","success":false,"isManual":false,"mode":"webhook","workflowId":"sBd1k3ZMlyi45C1g","workflowName":"AI Prep Suggestion","projectId":"f9jtqSpqgxocA0Fw","projectName":"artemii borisov22 <artemii.borisov22@icloud.com>","lastNodeExecuted":"Function","errorMessage":"Expecting Unicode escape sequence \\uXXXX [Line 180]"}}
{"__type":"$$EventMessageConfirm","confirm":"0347d83d-77da-49dc-99b3-a781cf8789fe","ts":"2026-08-28T11:38:24.490-04:00","source":{"id":"0","name":"eventBus"}}
{"__type":"$$EventMessageAudit","id":"9a3b801e-4a54-4ae5-adc2-422914be2eab","ts":"2026-08-28T11:38:24.508-04:00","eventName":"n8n.audit.workflow.executed","message":"n8n.audit.workflow.executed","payload":{"workflowId":"sBd1k3ZMlyi45C1g","workflowName":"AI Prep Suggestion","executionId":"659","projectId":"f9jtqSpqgxocA0Fw","projectName":"artemii borisov22 <artemii.borisov22@icloud.com>","source":"webhook"}}
{"__type":"$$EventMessageConfirm","confirm":"9a3b801e-4a54-4ae5-adc2-422914be2eab","ts":"2026-08-28T11:38:24.508-04:00","source":{"id":"0","name":"eventBus"}}
{"__type":"$$EventMessageWorkflow","id":"328e73a7-1096-40e9-9f44-3342d7a1e2e7","ts":"2026-08-28T11:38:24.537-04:00","eventName":"n8n.workflow.started","message":"n8n.workflow.started","payload":{"executionId":"659","workflowId":"sBd1k3ZMlyi45C1g","isManual":false,"mode":"webhook","workflowName":"AI Prep Suggestion","projectId":"f9jtqSpqgxocA0Fw","projectName":"artemii borisov22 <artemii.borisov22@icloud.com>"}}
{"__type":"$$EventMessageConfirm","confirm":"328e73a7-1096-40e9-9f44-3342d7a1e2e7","ts":"2026-08-28T11:38:24.538-04:00","source":{"id":"0","name":"eventBus"}}
{"__type":"$$EventMessageNode","id":"35c0b23a-604d-4aa1-aba0-8131d4cfa1dc","ts":"2026-08-28T11:38:24.538-04:00","eventName":"n8n.node.started","message":"n8n.node.started","payload":{"workflowId":"sBd1k3ZMlyi45C1g","workflowName":"AI Prep Suggestion","executionId":"659","nodeType":"n8n-nodes-base.webhook","nodeName":"Webhook","nodeId":"1"}}
{"__type":"$$EventMessageConfirm","confirm":"35c0b23a-604d-4aa1-aba0-8131d4cfa1dc","ts":"2026-08-28T11:38:24.538-04:00","source":{"id":"0","name":"eventBus"}}
{"__type":"$$EventMessageNode","id":"c448641a-97d6-4a0c-95dd-51fdc90cd8d7","ts":"2026-08-28T11:38:24.538-04:00","eventName":"n8n.node.finished","message":"n8n.node.finished","payload":{"workflowId":"sBd1k3ZMlyi45C1g","workflowName":"AI Prep Suggestion","executionId":"659","nodeType":"n8n-nodes-base.webhook","nodeName":"Webhook","nodeId":"1"}}
{"__type":"$$EventMessageConfirm","confirm":"c448641a-97d6-4a0c-95dd-51fdc90cd8d7","ts":"2026-08-28T11:38:24.538-04:00","source":{"id":"0","name":"eventBus"}}
{"__type":"$$EventMessageNode","id":"4fa31626-45c2-4129-8607-a8dafb016d8d","ts":"2026-08-28T11:38:24.538-04:00","eventName":"n8n.node.started","message":"n8n.node.started","payload":{"workflowId":"sBd1k3ZMlyi45C1g","workflowName":"AI Prep Suggestion","executionId":"659","nodeType":"n8n-nodes-base.function","nodeName":"Function","nodeId":"2"}}
{"__type":"$$EventMessageConfirm","confirm":"4fa31626-45c2-4129-8607-a8dafb016d8d","ts":"2026-08-28T11:38:24.538-04:00","source":{"id":"0","name":"eventBus"}}
{"__type":"$$EventMessageNode","id":"297f25a5-003e-4fd2-a259-3e2bb3c67f97","ts":"2026-08-28T11:38:24.541-04:00","eventName":"n8n.node.finished","message":"n8n.node.finished","payload":{"workflowId":"sBd1k3ZMlyi45C1g","workflowName":"AI Prep Suggestion","executionId":"659","nodeType":"n8n-nodes-base.function","nodeName":"Function","nodeId":"2"}}
{"__type":"$$EventMessageConfirm","confirm":"297f25a5-003e-4fd2-a259-3e2bb3c67f97","ts":"2026-08-28T11:38:24.541-04:00","source":{"id":"0","name":"eventBus"}}
{"__type":"$$EventMessageWorkflow","id":"bf33b9e8-382f-44b9-a2c7-495491e2dbd0","ts":"2026-08-28T11:38:24.541-04:00","eventName":"n8n.workflow.failed","message":"n8n.workflow.failed","payload":{"executionId":"659","success":false,"isManual":false,"mode":"webhook","workflowId":"sBd1k3ZMlyi45C1g","workflowName":"AI Prep Suggestion","projectId":"f9jtqSpqgxocA0Fw","projectName":"artemii borisov22 <artemii.borisov22@icloud.com>","lastNodeExecuted":"Function","errorMessage":"Expecting Unicode escape sequence \\uXXXX [Line 180]"}}
{"__type":"$$EventMessageConfirm","confirm":"bf33b9e8-382f-44b9-a2c7-495491e2dbd0","ts":"2026-08-28T11:38:24.541-04:00","source":{"id":"0","name":"eventBus"}}
{"__type":"$$EventMessageAudit","id":"750b76f4-ab5d-4628-9c38-eeaba7b029f6","ts":"2026-08-28T11:38:24.558-04:00","eventName":"n8n.audit.workflow.executed","message":"n8n.audit.workflow.executed","payload":{"workflowId":"sBd1k3ZMlyi45C1g","workflowName":"AI Prep Suggestion","executionId":"660","projectId":"f9jtqSpqgxocA0Fw","projectName":"artemii borisov22 <artemii.borisov22@icloud.com>","source":"webhook"}}
{"__type":"$$EventMessageConfirm","confirm":"750b76f4-ab5d-4628-9c38-eeaba7b029f6","ts":"2026-08-28T11:38:24.558-04:00","source":{"id":"0","name":"eventBus"}}
{"__type":"$$EventMessageWorkflow","id":"29bc77f0-1e39-4505-994f-8a18fa7a1fbb","ts":"2026-08-28T11:38:24.593-04:00","eventName":"n8n.workflow.started","message":"n8n.workflow.started","payload":{"executionId":"660","workflowId":"sBd1k3ZMlyi45C1g","isManual":false,"mode":"webhook","workflowName":"AI Prep Suggestion","projectId":"f9jtqSpqgxocA0Fw","projectName":"artemii borisov22 <artemii.borisov22@icloud.com>"}}
{"__type":"$$EventMessageConfirm","confirm":"29bc77f0-1e39-4505-994f-8a18fa7a1fbb","ts":"2026-08-28T11:38:24.593-04:00","source":{"id":"0","name":"eventBus"}}
{"__type":"$$EventMessageNode","id":"11224a73-f617-49b8-a731-d76fed228a61","ts":"2026-08-28T11:38:24.593-04:00","eventName":"n8n.node.started","message":"n8n.node.started","payload":{"workflowId":"sBd1k3ZMlyi45C1g","workflowName":"AI Prep Suggestion","executionId":"660","nodeType":"n8n-nodes-base.webhook","nodeName":"Webhook","nodeId":"1"}}
{"__type":"$$EventMessageConfirm","confirm":"11224a73-f617-49b8-a731-d76fed228a61","ts":"2026-08-28T11:38:24.593-04:00","source":{"id":"0","name":"eventBus"}}
{"__type":"$$EventMessageNode","id":"e435e540-64a9-4d21-ac71-2b89e1e2542e","ts":"2026-08-28T11:38:24.593-04:00","eventName":"n8n.node.finished","message":"n8n.node.finished","payload":{"workflowId":"sBd1k3ZMlyi45C1g","workflowName":"AI Prep Suggestion","executionId":"660","nodeType":"n8n-nodes-base.webhook","nodeName":"Webhook","nodeId":"1"}}
{"__type":"$$EventMessageConfirm","confirm":"e435e540-64a9-4d21-ac71-2b89e1e2542e","ts":"2026-08-28T11:38:24.593-04:00","source":{"id":"0","name":"eventBus"}}
{"__type":"$$EventMessageNode","id":"827a3943-b3ad-4b93-aad7-6e9ac4550251","ts":"2026-08-28T11:38:24.594-04:00","eventName":"n8n.node.started","message":"n8n.node.started","payload":{"workflowId":"sBd1k3ZMlyi45C1g","workflowName":"AI Prep Suggestion","executionId":"660","nodeType":"n8n-nodes-base.function","nodeName":"Function","nodeId":"2"}}
{"__type":"$$EventMessageConfirm","confirm":"827a3943-b3ad-4b93-aad7-6e9ac4550251","ts":"2026-08-28T11:38:24.594-04:00","source":{"id":"0","name":"eventBus"}}
{"__type":"$$EventMessageNode","id":"1dc5a476-6ca1-4604-8620-a3e324f33b8f","ts":"2026-08-28T11:38:24.597-04:00","eventName":"n8n.node.finished","message":"n8n.node.finished","payload":{"workflowId":"sBd1k3ZMlyi45C1g","workflowName":"AI Prep Suggestion","executionId":"660","nodeType":"n8n-nodes-base.function","nodeName":"Function","nodeId":"2"}}
{"__type":"$$EventMessageConfirm","confirm":"1dc5a476-6ca1-4604-8620-a3e324f33b8f","ts":"2026-08-28T11:38:24.597-04:00","source":{"id":"0","name":"eventBus"}}
{"__type":"$$EventMessageWorkflow","id":"522cd7d3-1a50-49d3-9489-96e4513e20ad","ts":"2026-08-28T11:38:24.597-04:00","eventName":"n8n.workflow.failed","message":"n8n.workflow.failed","payload":{"executionId":"660","success":false,"isManual":false,"mode":"webhook","workflowId":"sBd1k3ZMlyi45C1g","workflowName":"AI Prep Suggestion","projectId":"f9jtqSpqgxocA0Fw","projectName":"artemii borisov22 <artemii.borisov22@icloud.com>","lastNodeExecuted":"Function","errorMessage":"Expecting Unicode escape sequence \\uXXXX [Line 180]"}}
{"__type":"$$EventMessageConfirm","confirm":"522cd7d3-1a50-49d3-9489-96e4513e20ad","ts":"2026-08-28T11:38:24.597-04:00","source":{"id":"0","name":"eventBus"}}
{"__type":"$$EventMessageAudit","id":"45b60329-a7cd-444b-ac23-569ea28a6dde","ts":"2026-08-28T11:38:24.620-04:00","eventName":"n8n.audit.workflow.executed","message":"n8n.audit.workflow.executed","payload":{"workflowId":"sBd1k3ZMlyi45C1g","workflowName":"AI Prep Suggestion","executionId":"661","projectId":"f9jtqSpqgxocA0Fw","projectName":"artemii borisov22 <artemii.borisov22@icloud.com>","source":"webhook"}}
{"__type":"$$EventMessageConfirm","confirm":"45b60329-a7cd-444b-ac23-569ea28a6dde","ts":"2026-08-28T11:38:24.620-04:00","source":{"id":"0","name":"eventBus"}}
{"__type":"$$EventMessageWorkflow","id":"31f4cbda-03eb-4a2a-85e1-9ea9e7267604","ts":"2026-08-28T11:38:24.649-04:00","eventName":"n8n.workflow.started","message":"n8n.workflow.started","payload":{"executionId":"661","workflowId":"sBd1k3ZMlyi45C1g","isManual":false,"mode":"webhook","workflowName":"AI Prep Suggestion","projectId":"f9jtqSpqgxocA0Fw","projectName":"artemii borisov22 <artemii.borisov22@icloud.com>"}}
{"__type":"$$EventMessageConfirm","confirm":"31f4cbda-03eb-4a2a-85e1-9ea9e7267604","ts":"2026-08-28T11:38:24.649-04:00","source":{"id":"0","name":"eventBus"}}
{"__type":"$$EventMessageNode","id":"c39f2015-3023-4d0b-b84a-d4a7fb66d659","ts":"2026-08-28T11:38:24.649-04:00","eventName":"n8n.node.started","message":"n8n.node.started","payload":{"workflowId":"sBd1k3ZMlyi45C1g","workflowName":"AI Prep Suggestion","executionId":"661","nodeType":"n8n-nodes-base.webhook","nodeName":"Webhook","nodeId":"1"}}
{"__type":"$$EventMessageConfirm","confirm":"c39f2015-3023-4d0b-b84a-d4a7fb66d659","ts":"2026-08-28T11:38:24.649-04:00","source":{"id":"0","name":"eventBus"}}
{"__type":"$$EventMessageNode","id":"7c2342e7-c378-4884-b385-1a5545ea2799","ts":"2026-08-28T11:38:24.649-04:00","eventName":"n8n.node.finished","message":"n8n.node.finished","payload":{"workflowId":"sBd1k3ZMlyi45C1g","workflowName":"AI Prep Suggestion","executionId":"661","nodeType":"n8n-nodes-base.webhook","nodeName":"Webhook","nodeId":"1"}}
{"__type":"$$EventMessageConfirm","confirm":"7c2342e7-c378-4884-b385-1a5545ea2799","ts":"2026-08-28T11:38:24.649-04:00","source":{"id":"0","name":"eventBus"}}
{"__type":"$$EventMessageNode","id":"10dcf018-80ee-4176-ac6c-77ad80191f41","ts":"2026-08-28T11:38:24.649-04:00","eventName":"n8n.node.started","message":"n8n.node.started","payload":{"workflowId":"sBd1k3ZMlyi45C1g","workflowName":"AI Prep Suggestion","executionId":"661","nodeType":"n8n-nodes-base.function","nodeName":"Function","nodeId":"2"}}
{"__type":"$$EventMessageConfirm","confirm":"10dcf018-80ee-4176-ac6c-77ad80191f41","ts":"2026-08-28T11:38:24.649-04:00","source":{"id":"0","name":"eventBus"}}
{"__type":"$$EventMessageNode","id":"41f5499f-0115-4f1e-9726-c31ad7088aaa","ts":"2026-08-28T11:38:24.652-04:00","eventName":"n8n.node.finished","message":"n8n.node.finished","payload":{"workflowId":"sBd1k3ZMlyi45C1g","workflowName":"AI Prep Suggestion","executionId":"661","nodeType":"n8n-nodes-base.function","nodeName":"Function","nodeId":"2"}}
{"__type":"$$EventMessageConfirm","confirm":"41f5499f-0115-4f1e-9726-c31ad7088aaa","ts":"2026-08-28T11:38:24.652-04:00","source":{"id":"0","name":"eventBus"}}
{"__type":"$$EventMessageWorkflow","id":"f1fcda61-a47a-4c2e-aa31-fa8e13c6bc04","ts":"2026-08-28T11:38:24.652-04:00","eventName":"n8n.workflow.failed","message":"n8n.workflow.failed","payload":{"executionId":"661","success":false,"isManual":false,"mode":"webhook","workflowId":"sBd1k3ZMlyi45C1g","workflowName":"AI Prep Suggestion","projectId":"f9jtqSpqgxocA0Fw","projectName":"artemii borisov22 <artemii.borisov22@icloud.com>","lastNodeExecuted":"Function","errorMessage":"Expecting Unicode escape sequence \\uXXXX [Line 180]"}}
{"__type":"$$EventMessageConfirm","confirm":"f1fcda61-a47a-4c2e-aa31-fa8e13c6bc04","ts":"2026-08-28T11:38:24.652-04:00","source":{"id":"0","name":"eventBus"}}
{"__type":"$$EventMessageAudit","id":"91a61db1-5527-4361-83b7-34c2004fe753","ts":"2026-08-28T11:38:24.668-04:00","eventName":"n8n.audit.workflow.executed","message":"n8n.audit.workflow.executed","payload":{"workflowId":"sBd1k3ZMlyi45C1g","workflowName":"AI Prep Suggestion","executionId":"662","projectId":"f9jtqSpqgxocA0Fw","projectName":"artemii borisov22 <artemii.borisov22@icloud.com>","source":"webhook"}}
{"__type":"$$EventMessageConfirm","confirm":"91a61db1-5527-4361-83b7-34c2004fe753","ts":"2026-08-28T11:38:24.668-04:00","source":{"id":"0","name":"eventBus"}}
{"__type":"$$EventMessageWorkflow","id":"628f0f8b-8e5a-4deb-ba15-e7faba48049f","ts":"2026-08-28T11:38:24.698-04:00","eventName":"n8n.workflow.started","message":"n8n.workflow.started","payload":{"executionId":"662","workflowId":"sBd1k3ZMlyi45C1g","isManual":false,"mode":"webhook","workflowName":"AI Prep Suggestion","projectId":"f9jtqSpqgxocA0Fw","projectName":"artemii borisov22 <artemii.borisov22@icloud.com>"}}
{"__type":"$$EventMessageConfirm","confirm":"628f0f8b-8e5a-4deb-ba15-e7faba48049f","ts":"2026-08-28T11:38:24.699-04:00","source":{"id":"0","name":"eventBus"}}
{"__type":"$$EventMessageNode","id":"91a59d44-9bb1-49c7-8c8e-cb68d7efaf96","ts":"2026-08-28T11:38:24.699-04:00","eventName":"n8n.node.started","message":"n8n.node.started","payload":{"workflowId":"sBd1k3ZMlyi45C1g","workflowName":"AI Prep Suggestion","executionId":"662","nodeType":"n8n-nodes-base.webhook","nodeName":"Webhook","nodeId":"1"}}
{"__type":"$$EventMessageConfirm","confirm":"91a59d44-9bb1-49c7-8c8e-cb68d7efaf96","ts":"2026-08-28T11:38:24.699-04:00","source":{"id":"0","name":"eventBus"}}
{"__type":"$$EventMessageNode","id":"5a561223-7254-464d-88a0-3a52b9a839b9","ts":"2026-08-28T11:38:24.699-04:00","eventName":"n8n.node.finished","message":"n8n.node.finished","payload":{"workflowId":"sBd1k3ZMlyi45C1g","workflowName":"AI Prep Suggestion","executionId":"662","nodeType":"n8n-nodes-base.webhook","nodeName":"Webhook","nodeId":"1"}}
{"__type":"$$EventMessageConfirm","confirm":"5a561223-7254-464d-88a0-3a52b9a839b9","ts":"2026-08-28T11:38:24.699-04:00","source":{"id":"0","name":"eventBus"}}
{"__type":"$$EventMessageNode","id":"d504e0ec-f7ef-4f71-92b5-845130d2ff78","ts":"2026-08-28T11:38:24.699-04:00","eventName":"n8n.node.started","message":"n8n.node.started","payload":{"workflowId":"sBd1k3ZMlyi45C1g","workflowName":"AI Prep Suggestion","executionId":"662","nodeType":"n8n-nodes-base.function","nodeName":"Function","nodeId":"2"}}
{"__type":"$$EventMessageConfirm","confirm":"d504e0ec-f7ef-4f71-92b5-845130d2ff78","ts":"2026-08-28T11:38:24.699-04:00","source":{"id":"0","name":"eventBus"}}
{"__type":"$$EventMessageNode","id":"b05579ab-96e6-4fc1-9096-a365fb6e0e1a","ts":"2026-08-28T11:38:24.701-04:00","eventName":"n8n.node.finished","message":"n8n.node.finished","payload":{"workflowId":"sBd1k3ZMlyi45C1g","workflowName":"AI Prep Suggestion","executionId":"662","nodeType":"n8n-nodes-base.function","nodeName":"Function","nodeId":"2"}}
{"__type":"$$EventMessageConfirm","confirm":"b05579ab-96e6-4fc1-9096-a365fb6e0e1a","ts":"2026-08-28T11:38:24.701-04:00","source":{"id":"0","name":"eventBus"}}
{"__type":"$$EventMessageWorkflow","id":"9e588efb-1de8-4606-aae3-f34f6e06fc8f","ts":"2026-08-28T11:38:24.701-04:00","eventName":"n8n.workflow.failed","message":"n8n.workflow.failed","payload":{"executionId":"662","success":false,"isManual":false,"mode":"webhook","workflowId":"sBd1k3ZMlyi45C1g","workflowName":"AI Prep Suggestion","projectId":"f9jtqSpqgxocA0Fw","projectName":"artemii borisov22 <artemii.borisov22@icloud.com>","lastNodeExecuted":"Function","errorMessage":"Expecting Unicode escape sequence \\uXXXX [Line 180]"}}
{"__type":"$$EventMessageConfirm","confirm":"9e588efb-1de8-4606-aae3-f34f6e06fc8f","ts":"2026-08-28T11:38:24.702-04:00","source":{"id":"0","name":"eventBus"}}
{"__type":"$$EventMessageAudit","id":"b811d4bc-7ef1-4c0b-9834-674e84f6ed40","ts":"2026-08-28T11:38:24.721-04:00","eventName":"n8n.audit.workflow.executed","message":"n8n.audit.workflow.executed","payload":{"workflowId":"sBd1k3ZMlyi45C1g","workflowName":"AI Prep Suggestion","executionId":"663","projectId":"f9jtqSpqgxocA0Fw","projectName":"artemii borisov22 <artemii.borisov22@icloud.com>","source":"webhook"}}
{"__type":"$$EventMessageConfirm","confirm":"b811d4bc-7ef1-4c0b-9834-674e84f6ed40","ts":"2026-08-28T11:38:24.721-04:00","source":{"id":"0","name":"eventBus"}}
{"__type":"$$EventMessageWorkflow","id":"de1aea8b-2e7e-4213-be98-8ebd7864d64f","ts":"2026-08-28T11:38:24.748-04:00","eventName":"n8n.workflow.started","message":"n8n.workflow.started","payload":{"executionId":"663","workflowId":"sBd1k3ZMlyi45C1g","isManual":false,"mode":"webhook","workflowName":"AI Prep Suggestion","projectId":"f9jtqSpqgxocA0Fw","projectName":"artemii borisov22 <artemii.borisov22@icloud.com>"}}
{"__type":"$$EventMessageConfirm","confirm":"de1aea8b-2e7e-4213-be98-8ebd7864d64f","ts":"2026-08-28T11:38:24.748-04:00","source":{"id":"0","name":"eventBus"}}
{"__type":"$$EventMessageNode","id":"346df52c-3598-40ea-9815-c14d3369e6ee","ts":"2026-08-28T11:38:24.748-04:00","eventName":"n8n.node.started","message":"n8n.node.started","payload":{"workflowId":"sBd1k3ZMlyi45C1g","workflowName":"AI Prep Suggestion","executionId":"663","nodeType":"n8n-nodes-base.webhook","nodeName":"Webhook","nodeId":"1"}}
{"__type":"$$EventMessageConfirm","confirm":"346df52c-3598-40ea-9815-c14d3369e6ee","ts":"2026-08-28T11:38:24.748-04:00","source":{"id":"0","name":"eventBus"}}
{"__type":"$$EventMessageNode","id":"202f3072-249b-4109-b7a4-f05fab251d50","ts":"2026-08-28T11:38:24.748-04:00","eventName":"n8n.node.finished","message":"n8n.node.finished","payload":{"workflowId":"sBd1k3ZMlyi45C1g","workflowName":"AI Prep Suggestion","executionId":"663","nodeType":"n8n-nodes-base.webhook","nodeName":"Webhook","nodeId":"1"}}
{"__type":"$$EventMessageConfirm","confirm":"202f3072-249b-4109-b7a4-f05fab251d50","ts":"2026-08-28T11:38:24.748-04:00","source":{"id":"0","name":"eventBus"}}
{"__type":"$$EventMessageNode","id":"d54ca452-6d50-4710-a8a0-4c94a2feee35","ts":"2026-08-28T11:38:24.748-04:00","eventName":"n8n.node.started","message":"n8n.node.started","payload":{"workflowId":"sBd1k3ZMlyi45C1g","workflowName":"AI Prep Suggestion","executionId":"663","nodeType":"n8n-nodes-base.function","nodeName":"Function","nodeId":"2"}}
{"__type":"$$EventMessageConfirm","confirm":"d54ca452-6d50-4710-a8a0-4c94a2feee35","ts":"2026-08-28T11:38:24.748-04:00","source":{"id":"0","name":"eventBus"}}
{"__type":"$$EventMessageNode","id":"35143e1e-0926-4503-9d1c-b67303c2e629","ts":"2026-08-28T11:38:24.751-04:00","eventName":"n8n.node.finished","message":"n8n.node.finished","payload":{"workflowId":"sBd1k3ZMlyi45C1g","workflowName":"AI Prep Suggestion","executionId":"663","nodeType":"n8n-nodes-base.function","nodeName":"Function","nodeId":"2"}}
{"__type":"$$EventMessageConfirm","confirm":"35143e1e-0926-4503-9d1c-b67303c2e629","ts":"2026-08-28T11:38:24.751-04:00","source":{"id":"0","name":"eventBus"}}
{"__type":"$$EventMessageWorkflow","id":"dabd4b46-f58f-4155-8b8e-9f60240f155d","ts":"2026-08-28T11:38:24.751-04:00","eventName":"n8n.workflow.failed","message":"n8n.workflow.failed","payload":{"executionId":"663","success":false,"isManual":false,"mode":"webhook","workflowId":"sBd1k3ZMlyi45C1g","workflowName":"AI Prep Suggestion","projectId":"f9jtqSpqgxocA0Fw","projectName":"artemii borisov22 <artemii.borisov22@icloud.com>","lastNodeExecuted":"Function","errorMessage":"Expecting Unicode escape sequence \\uXXXX [Line 180]"}}
{"__type":"$$EventMessageConfirm","confirm":"dabd4b46-f58f-4155-8b8e-9f60240f155d","ts":"2026-08-28T11:38:24.751-04:00","source":{"id":"0","name":"eventBus"}}
{"__type":"$$EventMessageAudit","id":"9849b6f5-5db0-4825-a250-fb73725f8c4e","ts":"2026-08-28T11:38:24.768-04:00","eventName":"n8n.audit.workflow.executed","message":"n8n.audit.workflow.executed","payload":{"workflowId":"sBd1k3ZMlyi45C1g","workflowName":"AI Prep Suggestion","executionId":"664","projectId":"f9jtqSpqgxocA0Fw","projectName":"artemii borisov22 <artemii.borisov22@icloud.com>","source":"webhook"}}
{"__type":"$$EventMessageConfirm","confirm":"9849b6f5-5db0-4825-a250-fb73725f8c4e","ts":"2026-08-28T11:38:24.768-04:00","source":{"id":"0","name":"eventBus"}}
{"__type":"$$EventMessageWorkflow","id":"dd54ada3-5041-4b76-9516-8c5ff4c1e7a7","ts":"2026-08-28T11:38:24.796-04:00","eventName":"n8n.workflow.started","message":"n8n.workflow.started","payload":{"executionId":"664","workflowId":"sBd1k3ZMlyi45C1g","isManual":false,"mode":"webhook","workflowName":"AI Prep Suggestion","projectId":"f9jtqSpqgxocA0Fw","projectName":"artemii borisov22 <artemii.borisov22@icloud.com>"}}
{"__type":"$$EventMessageConfirm","confirm":"dd54ada3-5041-4b76-9516-8c5ff4c1e7a7","ts":"2026-08-28T11:38:24.796-04:00","source":{"id":"0","name":"eventBus"}}
{"__type":"$$EventMessageNode","id":"fc5dbcd2-de80-44c6-8eea-34063aec7ced","ts":"2026-08-28T11:38:24.796-04:00","eventName":"n8n.node.started","message":"n8n.node.started","payload":{"workflowId":"sBd1k3ZMlyi45C1g","workflowName":"AI Prep Suggestion","executionId":"664","nodeType":"n8n-nodes-base.webhook","nodeName":"Webhook","nodeId":"1"}}
{"__type":"$$EventMessageConfirm","confirm":"fc5dbcd2-de80-44c6-8eea-34063aec7ced","ts":"2026-08-28T11:38:24.796-04:00","source":{"id":"0","name":"eventBus"}}
{"__type":"$$EventMessageNode","id":"33f9ccbf-0a9d-453e-bac5-5c9404b306a8","ts":"2026-08-28T11:38:24.796-04:00","eventName":"n8n.node.finished","message":"n8n.node.finished","payload":{"workflowId":"sBd1k3ZMlyi45C1g","workflowName":"AI Prep Suggestion","executionId":"664","nodeType":"n8n-nodes-base.webhook","nodeName":"Webhook","nodeId":"1"}}
{"__type":"$$EventMessageConfirm","confirm":"33f9ccbf-0a9d-453e-bac5-5c9404b306a8","ts":"2026-08-28T11:38:24.796-04:00","source":{"id":"0","name":"eventBus"}}
{"__type":"$$EventMessageNode","id":"a13a8a69-f136-4241-bd74-99e71af8e9bd","ts":"2026-08-28T11:38:24.796-04:00","eventName":"n8n.node.started","message":"n8n.node.started","payload":{"workflowId":"sBd1k3ZMlyi45C1g","workflowName":"AI Prep Suggestion","executionId":"664","nodeType":"n8n-nodes-base.function","nodeName":"Function","nodeId":"2"}}
{"__type":"$$EventMessageConfirm","confirm":"a13a8a69-f136-4241-bd74-99e71af8e9bd","ts":"2026-08-28T11:38:24.796-04:00","source":{"id":"0","name":"eventBus"}}
{"__type":"$$EventMessageNode","id":"ab831e58-631e-428e-9196-995389b0a63e","ts":"2026-08-28T11:38:24.799-04:00","eventName":"n8n.node.finished","message":"n8n.node.finished","payload":{"workflowId":"sBd1k3ZMlyi45C1g","workflowName":"AI Prep Suggestion","executionId":"664","nodeType":"n8n-nodes-base.function","nodeName":"Function","nodeId":"2"}}
{"__type":"$$EventMessageConfirm","confirm":"ab831e58-631e-428e-9196-995389b0a63e","ts":"2026-08-28T11:38:24.799-04:00","source":{"id":"0","name":"eventBus"}}
{"__type":"$$EventMessageWorkflow","id":"46f6f8b3-c82f-49d4-b3ff-1ef4068c67e9","ts":"2026-08-28T11:38:24.799-04:00","eventName":"n8n.workflow.failed","message":"n8n.workflow.failed","payload":{"executionId":"664","success":false,"isManual":false,"mode":"webhook","workflowId":"sBd1k3ZMlyi45C1g","workflowName":"AI Prep Suggestion","projectId":"f9jtqSpqgxocA0Fw","projectName":"artemii borisov22 <artemii.borisov22@icloud.com>","lastNodeExecuted":"Function","errorMessage":"Expecting Unicode escape sequence \\uXXXX [Line 180]"}}
{"__type":"$$EventMessageConfirm","confirm":"46f6f8b3-c82f-49d4-b3ff-1ef4068c67e9","ts":"2026-08-28T11:38:24.799-04:00","source":{"id":"0","name":"eventBus"}}
{"__type":"$$EventMessageAudit","id":"b774e415-aa4f-4477-9b57-60fb38951faf","ts":"2026-08-28T11:38:24.835-04:00","eventName":"n8n.audit.workflow.executed","message":"n8n.audit.workflow.executed","payload":{"workflowId":"sBd1k3ZMlyi45C1g","workflowName":"AI Prep Suggestion","executionId":"665","projectId":"f9jtqSpqgxocA0Fw","projectName":"artemii borisov22 <artemii.borisov22@icloud.com>","source":"webhook"}}
{"__type":"$$EventMessageConfirm","confirm":"b774e415-aa4f-4477-9b57-60fb38951faf","ts":"2026-08-28T11:38:24.835-04:00","source":{"id":"0","name":"eventBus"}}
{"__type":"$$EventMessageWorkflow","id":"849e0c94-fd22-47e9-a663-bf9e5bb6db95","ts":"2026-08-28T11:38:24.863-04:00","eventName":"n8n.workflow.started","message":"n8n.workflow.started","payload":{"executionId":"665","workflowId":"sBd1k3ZMlyi45C1g","isManual":false,"mode":"webhook","workflowName":"AI Prep Suggestion","projectId":"f9jtqSpqgxocA0Fw","projectName":"artemii borisov22 <artemii.borisov22@icloud.com>"}}
{"__type":"$$EventMessageConfirm","confirm":"849e0c94-fd22-47e9-a663-bf9e5bb6db95","ts":"2026-08-28T11:38:24.863-04:00","source":{"id":"0","name":"eventBus"}}
{"__type":"$$EventMessageNode","id":"2b9035e9-e5e7-4296-a65d-c344b147c6c0","ts":"2026-08-28T11:38:24.863-04:00","eventName":"n8n.node.started","message":"n8n.node.started","payload":{"workflowId":"sBd1k3ZMlyi45C1g","workflowName":"AI Prep Suggestion","executionId":"665","nodeType":"n8n-nodes-base.webhook","nodeName":"Webhook","nodeId":"1"}}
{"__type":"$$EventMessageConfirm","confirm":"2b9035e9-e5e7-4296-a65d-c344b147c6c0","ts":"2026-08-28T11:38:24.863-04:00","source":{"id":"0","name":"eventBus"}}
{"__type":"$$EventMessageNode","id":"ba217013-3f7f-42fc-8e7b-d4fe8220c845","ts":"2026-08-28T11:38:24.863-04:00","eventName":"n8n.node.finished","message":"n8n.node.finished","payload":{"workflowId":"sBd1k3ZMlyi45C1g","workflowName":"AI Prep Suggestion","executionId":"665","nodeType":"n8n-nodes-base.webhook","nodeName":"Webhook","nodeId":"1"}}
{"__type":"$$EventMessageConfirm","confirm":"ba217013-3f7f-42fc-8e7b-d4fe8220c845","ts":"2026-08-28T11:38:24.863-04:00","source":{"id":"0","name":"eventBus"}}
{"__type":"$$EventMessageNode","id":"09839cd9-f1f9-4bc9-b914-13456fba1d33","ts":"2026-08-28T11:38:24.863-04:00","eventName":"n8n.node.started","message":"n8n.node.started","payload":{"workflowId":"sBd1k3ZMlyi45C1g","workflowName":"AI Prep Suggestion","executionId":"665","nodeType":"n8n-nodes-base.function","nodeName":"Function","nodeId":"2"}}
{"__type":"$$EventMessageConfirm","confirm":"09839cd9-f1f9-4bc9-b914-13456fba1d33","ts":"2026-08-28T11:38:24.863-04:00","source":{"id":"0","name":"eventBus"}}
{"__type":"$$EventMessageNode","id":"c6a3be10-d0dc-438f-b027-09a3ea7ae7df","ts":"2026-08-28T11:38:24.866-04:00","eventName":"n8n.node.finished","message":"n8n.node.finished","payload":{"workflowId":"sBd1k3ZMlyi45C1g","workflowName":"AI Prep Suggestion","executionId":"665","nodeType":"n8n-nodes-base.function","nodeName":"Function","nodeId":"2"}}
{"__type":"$$EventMessageConfirm","confirm":"c6a3be10-d0dc-438f-b027-09a3ea7ae7df","ts":"2026-08-28T11:38:24.866-04:00","source":{"id":"0","name":"eventBus"}}
{"__type":"$$EventMessageWorkflow","id":"c74a2309-d871-4a4b-95d5-cb9a598b8d5c","ts":"2026-08-28T11:38:24.866-04:00","eventName":"n8n.workflow.failed","message":"n8n.workflow.failed","payload":{"executionId":"665","success":false,"isManual":false,"mode":"webhook","workflowId":"sBd1k3ZMlyi45C1g","workflowName":"AI Prep Suggestion","projectId":"f9jtqSpqgxocA0Fw","projectName":"artemii borisov22 <artemii.borisov22@icloud.com>","lastNodeExecuted":"Function","errorMessage":"Expecting Unicode escape sequence \\uXXXX [Line 180]"}}
{"__type":"$$EventMessageConfirm","confirm":"c74a2309-d871-4a4b-95d5-cb9a598b8d5c","ts":"2026-08-28T11:38:24.866-04:00","source":{"id":"0","name":"eventBus"}}
{"__type":"$$EventMessageAudit","id":"105529b1-d2fd-487f-9ae6-f387f02da573","ts":"2026-08-28T11:38:24.882-04:00","eventName":"n8n.audit.workflow.executed","message":"n8n.audit.workflow.executed","payload":{"workflowId":"sBd1k3ZMlyi45C1g","workflowName":"AI Prep Suggestion","executionId":"666","projectId":"f9jtqSpqgxocA0Fw","projectName":"artemii borisov22 <artemii.borisov22@icloud.com>","source":"webhook"}}
{"__type":"$$EventMessageConfirm","confirm":"105529b1-d2fd-487f-9ae6-f387f02da573","ts":"2026-08-28T11:38:24.882-04:00","source":{"id":"0","name":"eventBus"}}
{"__type":"$$EventMessageWorkflow","id":"7ff04fc5-d720-414c-81af-027dae386121","ts":"2026-08-28T11:38:24.910-04:00","eventName":"n8n.workflow.started","message":"n8n.workflow.started","payload":{"executionId":"666","workflowId":"sBd1k3ZMlyi45C1g","isManual":false,"mode":"webhook","workflowName":"AI Prep Suggestion","projectId":"f9jtqSpqgxocA0Fw","projectName":"artemii borisov22 <artemii.borisov22@icloud.com>"}}
{"__type":"$$EventMessageConfirm","confirm":"7ff04fc5-d720-414c-81af-027dae386121","ts":"2026-08-28T11:38:24.910-04:00","source":{"id":"0","name":"eventBus"}}
{"__type":"$$EventMessageNode","id":"296b7eb5-f482-46e1-9cb3-fb9f09e83397","ts":"2026-08-28T11:38:24.910-04:00","eventName":"n8n.node.started","message":"n8n.node.started","payload":{"workflowId":"sBd1k3ZMlyi45C1g","workflowName":"AI Prep Suggestion","executionId":"666","nodeType":"n8n-nodes-base.webhook","nodeName":"Webhook","nodeId":"1"}}
{"__type":"$$EventMessageConfirm","confirm":"296b7eb5-f482-46e1-9cb3-fb9f09e83397","ts":"2026-08-28T11:38:24.910-04:00","source":{"id":"0","name":"eventBus"}}
{"__type":"$$EventMessageNode","id":"a162341b-609a-4b48-88b2-0e7c7f64aebf","ts":"2026-08-28T11:38:24.910-04:00","eventName":"n8n.node.finished","message":"n8n.node.finished","payload":{"workflowId":"sBd1k3ZMlyi45C1g","workflowName":"AI Prep Suggestion","executionId":"666","nodeType":"n8n-nodes-base.webhook","nodeName":"Webhook","nodeId":"1"}}
{"__type":"$$EventMessageConfirm","confirm":"a162341b-609a-4b48-88b2-0e7c7f64aebf","ts":"2026-08-28T11:38:24.910-04:00","source":{"id":"0","name":"eventBus"}}
{"__type":"$$EventMessageNode","id":"67da65a0-ba10-464f-b679-8a707c5c0d17","ts":"2026-08-28T11:38:24.910-04:00","eventName":"n8n.node.started","message":"n8n.node.started","payload":{"workflowId":"sBd1k3ZMlyi45C1g","workflowName":"AI Prep Suggestion","executionId":"666","nodeType":"n8n-nodes-base.function","nodeName":"Function","nodeId":"2"}}
{"__type":"$$EventMessageConfirm","confirm":"67da65a0-ba10-464f-b679-8a707c5c0d17","ts":"2026-08-28T11:38:24.910-04:00","source":{"id":"0","name":"eventBus"}}
{"__type":"$$EventMessageNode","id":"9790222d-be26-4893-9f7d-1c710de215ce","ts":"2026-08-28T11:38:24.913-04:00","eventName":"n8n.node.finished","message":"n8n.node.finished","payload":{"workflowId":"sBd1k3ZMlyi45C1g","workflowName":"AI Prep Suggestion","executionId":"666","nodeType":"n8n-nodes-base.function","nodeName":"Function","nodeId":"2"}}
{"__type":"$$EventMessageConfirm","confirm":"9790222d-be26-4893-9f7d-1c710de215ce","ts":"2026-08-28T11:38:24.913-04:00","source":{"id":"0","name":"eventBus"}}
{"__type":"$$EventMessageWorkflow","id":"c1e0a9ad-6233-41fa-b510-34668092b0c0","ts":"2026-08-28T11:38:24.913-04:00","eventName":"n8n.workflow.failed","message":"n8n.workflow.failed","payload":{"executionId":"666","success":false,"isManual":false,"mode":"webhook","workflowId":"sBd1k3ZMlyi45C1g","workflowName":"AI Prep Suggestion","projectId":"f9jtqSpqgxocA0Fw","projectName":"artemii borisov22 <artemii.borisov22@icloud.com>","lastNodeExecuted":"Function","errorMessage":"Expecting Unicode escape sequence \\uXXXX [Line 180]"}}
{"__type":"$$EventMessageConfirm","confirm":"c1e0a9ad-6233-41fa-b510-34668092b0c0","ts":"2026-08-28T11:38:24.913-04:00","source":{"id":"0","name":"eventBus"}}
{"__type":"$$EventMessageAudit","id":"ca685ca0-91a5-40e0-9be0-de97e9b5be32","ts":"2026-08-28T11:38:24.929-04:00","eventName":"n8n.audit.workflow.executed","message":"n8n.audit.workflow.executed","payload":{"workflowId":"sBd1k3ZMlyi45C1g","workflowName":"AI Prep Suggestion","executionId":"667","projectId":"f9jtqSpqgxocA0Fw","projectName":"artemii borisov22 <artemii.borisov22@icloud.com>","source":"webhook"}}
{"__type":"$$EventMessageConfirm","confirm":"ca685ca0-91a5-40e0-9be0-de97e9b5be32","ts":"2026-08-28T11:38:24.929-04:00","source":{"id":"0","name":"eventBus"}}
{"__type":"$$EventMessageWorkflow","id":"7d68025a-d08e-4fad-a6cb-d485fcf43871","ts":"2026-08-28T11:38:24.957-04:00","eventName":"n8n.workflow.started","message":"n8n.workflow.started","payload":{"executionId":"667","workflowId":"sBd1k3ZMlyi45C1g","isManual":false,"mode":"webhook","workflowName":"AI Prep Suggestion","projectId":"f9jtqSpqgxocA0Fw","projectName":"artemii borisov22 <artemii.borisov22@icloud.com>"}}
{"__type":"$$EventMessageConfirm","confirm":"7d68025a-d08e-4fad-a6cb-d485fcf43871","ts":"2026-08-28T11:38:24.957-04:00","source":{"id":"0","name":"eventBus"}}
{"__type":"$$EventMessageNode","id":"56cc42cf-2e5d-4119-8249-e0329c793a15","ts":"2026-08-28T11:38:24.957-04:00","eventName":"n8n.node.started","message":"n8n.node.started","payload":{"workflowId":"sBd1k3ZMlyi45C1g","workflowName":"AI Prep Suggestion","executionId":"667","nodeType":"n8n-nodes-base.webhook","nodeName":"Webhook","nodeId":"1"}}
{"__type":"$$EventMessageConfirm","confirm":"56cc42cf-2e5d-4119-8249-e0329c793a15","ts":"2026-08-28T11:38:24.957-04:00","source":{"id":"0","name":"eventBus"}}
{"__type":"$$EventMessageNode","id":"304d1352-25ff-41e1-a5c7-7868df68225a","ts":"2026-08-28T11:38:24.957-04:00","eventName":"n8n.node.finished","message":"n8n.node.finished","payload":{"workflowId":"sBd1k3ZMlyi45C1g","workflowName":"AI Prep Suggestion","executionId":"667","nodeType":"n8n-nodes-base.webhook","nodeName":"Webhook","nodeId":"1"}}
{"__type":"$$EventMessageConfirm","confirm":"304d1352-25ff-41e1-a5c7-7868df68225a","ts":"2026-08-28T11:38:24.957-04:00","source":{"id":"0","name":"eventBus"}}
{"__type":"$$EventMessageNode","id":"2cd82d94-8e33-40ab-b5c8-aad23ca03bf0","ts":"2026-08-28T11:38:24.957-04:00","eventName":"n8n.node.started","message":"n8n.node.started","payload":{"workflowId":"sBd1k3ZMlyi45C1g","workflowName":"AI Prep Suggestion","executionId":"667","nodeType":"n8n-nodes-base.function","nodeName":"Function","nodeId":"2"}}
{"__type":"$$EventMessageConfirm","confirm":"2cd82d94-8e33-40ab-b5c8-aad23ca03bf0","ts":"2026-08-28T11:38:24.957-04:00","source":{"id":"0","name":"eventBus"}}
{"__type":"$$EventMessageNode","id":"5a127cda-bbff-48c8-b200-da506f94e966","ts":"2026-08-28T11:38:24.960-04:00","eventName":"n8n.node.finished","message":"n8n.node.finished","payload":{"workflowId":"sBd1k3ZMlyi45C1g","workflowName":"AI Prep Suggestion","executionId":"667","nodeType":"n8n-nodes-base.function","nodeName":"Function","nodeId":"2"}}
{"__type":"$$EventMessageConfirm","confirm":"5a127cda-bbff-48c8-b200-da506f94e966","ts":"2026-08-28T11:38:24.960-04:00","source":{"id":"0","name":"eventBus"}}
{"__type":"$$EventMessageWorkflow","id":"6a501240-98d3-4110-bf42-48a921713a15","ts":"2026-08-28T11:38:24.960-04:00","eventName":"n8n.workflow.failed","message":"n8n.workflow.failed","payload":{"executionId":"667","success":false,"isManual":false,"mode":"webhook","workflowId":"sBd1k3ZMlyi45C1g","workflowName":"AI Prep Suggestion","projectId":"f9jtqSpqgxocA0Fw","projectName":"artemii borisov22 <artemii.borisov22@icloud.com>","lastNodeExecuted":"Function","errorMessage":"Expecting Unicode escape sequence \\uXXXX [Line 180]"}}
{"__type":"$$EventMessageConfirm","confirm":"6a501240-98d3-4110-bf42-48a921713a15","ts":"2026-08-28T11:38:24.960-04:00","source":{"id":"0","name":"eventBus"}}
{"__type":"$$EventMessageAudit","id":"250eaea4-8536-4c01-9f92-b420e6fc6fef","ts":"2026-08-28T11:38:24.975-04:00","eventName":"n8n.audit.workflow.executed","message":"n8n.audit.workflow.executed","payload":{"workflowId":"sBd1k3ZMlyi45C1g","workflowName":"AI Prep Suggestion","executionId":"668","projectId":"f9jtqSpqgxocA0Fw","projectName":"artemii borisov22 <artemii.borisov22@icloud.com>","source":"webhook"}}
{"__type":"$$EventMessageConfirm","confirm":"250eaea4-8536-4c01-9f92-b420e6fc6fef","ts":"2026-08-28T11:38:24.975-04:00","source":{"id":"0","name":"eventBus"}}
{"__type":"$$EventMessageWorkflow","id":"5dcf10ae-cc50-4480-a00c-5e044cd2abff","ts":"2026-08-28T11:38:25.003-04:00","eventName":"n8n.workflow.started","message":"n8n.workflow.started","payload":{"executionId":"668","workflowId":"sBd1k3ZMlyi45C1g","isManual":false,"mode":"webhook","workflowName":"AI Prep Suggestion","projectId":"f9jtqSpqgxocA0Fw","projectName":"artemii borisov22 <artemii.borisov22@icloud.com>"}}
{"__type":"$$EventMessageConfirm","confirm":"5dcf10ae-cc50-4480-a00c-5e044cd2abff","ts":"2026-08-28T11:38:25.004-04:00","source":{"id":"0","name":"eventBus"}}
{"__type":"$$EventMessageNode","id":"2dfee775-7a42-460d-b492-764c477b02a7","ts":"2026-08-28T11:38:25.004-04:00","eventName":"n8n.node.started","message":"n8n.node.started","payload":{"workflowId":"sBd1k3ZMlyi45C1g","workflowName":"AI Prep Suggestion","executionId":"668","nodeType":"n8n-nodes-base.webhook","nodeName":"Webhook","nodeId":"1"}}
{"__type":"$$EventMessageConfirm","confirm":"2dfee775-7a42-460d-b492-764c477b02a7","ts":"2026-08-28T11:38:25.004-04:00","source":{"id":"0","name":"eventBus"}}
{"__type":"$$EventMessageNode","id":"07bdd26f-f531-401a-a344-2dafc08b1a40","ts":"2026-08-28T11:38:25.004-04:00","eventName":"n8n.node.finished","message":"n8n.node.finished","payload":{"workflowId":"sBd1k3ZMlyi45C1g","workflowName":"AI Prep Suggestion","executionId":"668","nodeType":"n8n-nodes-base.webhook","nodeName":"Webhook","nodeId":"1"}}
{"__type":"$$EventMessageConfirm","confirm":"07bdd26f-f531-401a-a344-2dafc08b1a40","ts":"2026-08-28T11:38:25.004-04:00","source":{"id":"0","name":"eventBus"}}
{"__type":"$$EventMessageNode","id":"55590ff4-e72e-4396-9d18-dbcf1acdbafa","ts":"2026-08-28T11:38:25.004-04:00","eventName":"n8n.node.started","message":"n8n.node.started","payload":{"workflowId":"sBd1k3ZMlyi45C1g","workflowName":"AI Prep Suggestion","executionId":"668","nodeType":"n8n-nodes-base.function","nodeName":"Function","nodeId":"2"}}
{"__type":"$$EventMessageConfirm","confirm":"55590ff4-e72e-4396-9d18-dbcf1acdbafa","ts":"2026-08-28T11:38:25.004-04:00","source":{"id":"0","name":"eventBus"}}
{"__type":"$$EventMessageNode","id":"bc0fda42-4067-4c8e-a6be-e5606e0db107","ts":"2026-08-28T11:38:25.007-04:00","eventName":"n8n.node.finished","message":"n8n.node.finished","payload":{"workflowId":"sBd1k3ZMlyi45C1g","workflowName":"AI Prep Suggestion","executionId":"668","nodeType":"n8n-nodes-base.function","nodeName":"Function","nodeId":"2"}}
{"__type":"$$EventMessageConfirm","confirm":"bc0fda42-4067-4c8e-a6be-e5606e0db107","ts":"2026-08-28T11:38:25.007-04:00","source":{"id":"0","name":"eventBus"}}
{"__type":"$$EventMessageWorkflow","id":"2b4822b0-f6bc-4baa-bae7-085bf478a4dd","ts":"2026-08-28T11:38:25.007-04:00","eventName":"n8n.workflow.failed","message":"n8n.workflow.failed","payload":{"executionId":"668","success":false,"isManual":false,"mode":"webhook","workflowId":"sBd1k3ZMlyi45C1g","workflowName":"AI Prep Suggestion","projectId":"f9jtqSpqgxocA0Fw","projectName":"artemii borisov22 <artemii.borisov22@icloud.com>","lastNodeExecuted":"Function","errorMessage":"Expecting Unicode escape sequence \\uXXXX [Line 180]"}}
{"__type":"$$EventMessageConfirm","confirm":"2b4822b0-f6bc-4baa-bae7-085bf478a4dd","ts":"2026-08-28T11:38:25.007-04:00","source":{"id":"0","name":"eventBus"}}
{"__type":"$$EventMessageAudit","id":"ee13d0d2-6760-47ef-9c69-0b46472977d3","ts":"2026-08-28T11:38:25.027-04:00","eventName":"n8n.audit.workflow.executed","message":"n8n.audit.workflow.executed","payload":{"workflowId":"sBd1k3ZMlyi45C1g","workflowName":"AI Prep Suggestion","executionId":"669","projectId":"f9jtqSpqgxocA0Fw","projectName":"artemii borisov22 <artemii.borisov22@icloud.com>","source":"webhook"}}
{"__type":"$$EventMessageConfirm","confirm":"ee13d0d2-6760-47ef-9c69-0b46472977d3","ts":"2026-08-28T11:38:25.027-04:00","source":{"id":"0","name":"eventBus"}}
{"__type":"$$EventMessageWorkflow","id":"97a981c4-54a1-4ec6-890e-35f3af72d1a7","ts":"2026-08-28T11:38:25.054-04:00","eventName":"n8n.workflow.started","message":"n8n.workflow.started","payload":{"executionId":"669","workflowId":"sBd1k3ZMlyi45C1g","isManual":false,"mode":"webhook","workflowName":"AI Prep Suggestion","projectId":"f9jtqSpqgxocA0Fw","projectName":"artemii borisov22 <artemii.borisov22@icloud.com>"}}
{"__type":"$$EventMessageConfirm","confirm":"97a981c4-54a1-4ec6-890e-35f3af72d1a7","ts":"2026-08-28T11:38:25.054-04:00","source":{"id":"0","name":"eventBus"}}
{"__type":"$$EventMessageNode","id":"7d7c63c1-3f0d-4e5f-aa8e-58c306551732","ts":"2026-08-28T11:38:25.054-04:00","eventName":"n8n.node.started","message":"n8n.node.started","payload":{"workflowId":"sBd1k3ZMlyi45C1g","workflowName":"AI Prep Suggestion","executionId":"669","nodeType":"n8n-nodes-base.webhook","nodeName":"Webhook","nodeId":"1"}}
{"__type":"$$EventMessageConfirm","confirm":"7d7c63c1-3f0d-4e5f-aa8e-58c306551732","ts":"2026-08-28T11:38:25.054-04:00","source":{"id":"0","name":"eventBus"}}
{"__type":"$$EventMessageNode","id":"7ea2cecf-9da6-4902-81ad-0bcab75ea458","ts":"2026-08-28T11:38:25.054-04:00","eventName":"n8n.node.finished","message":"n8n.node.finished","payload":{"workflowId":"sBd1k3ZMlyi45C1g","workflowName":"AI Prep Suggestion","executionId":"669","nodeType":"n8n-nodes-base.webhook","nodeName":"Webhook","nodeId":"1"}}
{"__type":"$$EventMessageConfirm","confirm":"7ea2cecf-9da6-4902-81ad-0bcab75ea458","ts":"2026-08-28T11:38:25.054-04:00","source":{"id":"0","name":"eventBus"}}
{"__type":"$$EventMessageNode","id":"2b51753d-1ceb-417b-ae51-7db2c9cd5e84","ts":"2026-08-28T11:38:25.054-04:00","eventName":"n8n.node.started","message":"n8n.node.started","payload":{"workflowId":"sBd1k3ZMlyi45C1g","workflowName":"AI Prep Suggestion","executionId":"669","nodeType":"n8n-nodes-base.function","nodeName":"Function","nodeId":"2"}}
{"__type":"$$EventMessageConfirm","confirm":"2b51753d-1ceb-417b-ae51-7db2c9cd5e84","ts":"2026-08-28T11:38:25.054-04:00","source":{"id":"0","name":"eventBus"}}
{"__type":"$$EventMessageNode","id":"d871a8cf-bf9e-4e56-a2e6-157599f96398","ts":"2026-08-28T11:38:25.057-04:00","eventName":"n8n.node.finished","message":"n8n.node.finished","payload":{"workflowId":"sBd1k3ZMlyi45C1g","workflowName":"AI Prep Suggestion","executionId":"669","nodeType":"n8n-nodes-base.function","nodeName":"Function","nodeId":"2"}}
{"__type":"$$EventMessageConfirm","confirm":"d871a8cf-bf9e-4e56-a2e6-157599f96398","ts":"2026-08-28T11:38:25.057-04:00","source":{"id":"0","name":"eventBus"}}
{"__type":"$$EventMessageWorkflow","id":"09065738-1da5-4135-81af-296a729a7f64","ts":"2026-08-28T11:38:25.057-04:00","eventName":"n8n.workflow.failed","message":"n8n.workflow.failed","payload":{"executionId":"669","success":false,"isManual":false,"mode":"webhook","workflowId":"sBd1k3ZMlyi45C1g","workflowName":"AI Prep Suggestion","projectId":"f9jtqSpqgxocA0Fw","projectName":"artemii borisov22 <artemii.borisov22@icloud.com>","lastNodeExecuted":"Function","errorMessage":"Expecting Unicode escape sequence \\uXXXX [Line 180]"}}
{"__type":"$$EventMessageConfirm","confirm":"09065738-1da5-4135-81af-296a729a7f64","ts":"2026-08-28T11:38:25.057-04:00","source":{"id":"0","name":"eventBus"}}
{"__type":"$$EventMessageAudit","id":"59c710fc-d018-4179-808a-7508ad0ef5d0","ts":"2026-08-28T11:38:25.072-04:00","eventName":"n8n.audit.workflow.executed","message":"n8n.audit.workflow.executed","payload":{"workflowId":"sBd1k3ZMlyi45C1g","workflowName":"AI Prep Suggestion","executionId":"670","projectId":"f9jtqSpqgxocA0Fw","projectName":"artemii borisov22 <artemii.borisov22@icloud.com>","source":"webhook"}}
{"__type":"$$EventMessageConfirm","confirm":"59c710fc-d018-4179-808a-7508ad0ef5d0","ts":"2026-08-28T11:38:25.072-04:00","source":{"id":"0","name":"eventBus"}}
{"__type":"$$EventMessageWorkflow","id":"ebc26368-1153-43f3-8b02-a30a004ae4cc","ts":"2026-08-28T11:38:25.099-04:00","eventName":"n8n.workflow.started","message":"n8n.workflow.started","payload":{"executionId":"670","workflowId":"sBd1k3ZMlyi45C1g","isManual":false,"mode":"webhook","workflowName":"AI Prep Suggestion","projectId":"f9jtqSpqgxocA0Fw","projectName":"artemii borisov22 <artemii.borisov22@icloud.com>"}}
{"__type":"$$EventMessageConfirm","confirm":"ebc26368-1153-43f3-8b02-a30a004ae4cc","ts":"2026-08-28T11:38:25.099-04:00","source":{"id":"0","name":"eventBus"}}
{"__type":"$$EventMessageNode","id":"258c2b67-35f0-41cd-ae6e-6a0e534c0e07","ts":"2026-08-28T11:38:25.099-04:00","eventName":"n8n.node.started","message":"n8n.node.started","payload":{"workflowId":"sBd1k3ZMlyi45C1g","workflowName":"AI Prep Suggestion","executionId":"670","nodeType":"n8n-nodes-base.webhook","nodeName":"Webhook","nodeId":"1"}}
{"__type":"$$EventMessageConfirm","confirm":"258c2b67-35f0-41cd-ae6e-6a0e534c0e07","ts":"2026-08-28T11:38:25.099-04:00","source":{"id":"0","name":"eventBus"}}
{"__type":"$$EventMessageNode","id":"c2dfcec4-5076-4234-ac8b-9034174b537e","ts":"2026-08-28T11:38:25.099-04:00","eventName":"n8n.node.finished","message":"n8n.node.finished","payload":{"workflowId":"sBd1k3ZMlyi45C1g","workflowName":"AI Prep Suggestion","executionId":"670","nodeType":"n8n-nodes-base.webhook","nodeName":"Webhook","nodeId":"1"}}
{"__type":"$$EventMessageConfirm","confirm":"c2dfcec4-5076-4234-ac8b-9034174b537e","ts":"2026-08-28T11:38:25.099-04:00","source":{"id":"0","name":"eventBus"}}
{"__type":"$$EventMessageNode","id":"caa7aeff-fab8-4c28-9dc6-f9dfe8df6137","ts":"2026-08-28T11:38:25.099-04:00","eventName":"n8n.node.started","message":"n8n.node.started","payload":{"workflowId":"sBd1k3ZMlyi45C1g","workflowName":"AI Prep Suggestion","executionId":"670","nodeType":"n8n-nodes-base.function","nodeName":"Function","nodeId":"2"}}
{"__type":"$$EventMessageConfirm","confirm":"caa7aeff-fab8-4c28-9dc6-f9dfe8df6137","ts":"2026-08-28T11:38:25.099-04:00","source":{"id":"0","name":"eventBus"}}
{"__type":"$$EventMessageNode","id":"5e017bb4-9914-4dcc-996a-af889131598c","ts":"2026-08-28T11:38:25.102-04:00","eventName":"n8n.node.finished","message":"n8n.node.finished","payload":{"workflowId":"sBd1k3ZMlyi45C1g","workflowName":"AI Prep Suggestion","executionId":"670","nodeType":"n8n-nodes-base.function","nodeName":"Function","nodeId":"2"}}
{"__type":"$$EventMessageConfirm","confirm":"5e017bb4-9914-4dcc-996a-af889131598c","ts":"2026-08-28T11:38:25.102-04:00","source":{"id":"0","name":"eventBus"}}
{"__type":"$$EventMessageWorkflow","id":"8e4f0f02-7f86-4c50-b9ba-c5bd18db8ea1","ts":"2026-08-28T11:38:25.102-04:00","eventName":"n8n.workflow.failed","message":"n8n.workflow.failed","payload":{"executionId":"670","success":false,"isManual":false,"mode":"webhook","workflowId":"sBd1k3ZMlyi45C1g","workflowName":"AI Prep Suggestion","projectId":"f9jtqSpqgxocA0Fw","projectName":"artemii borisov22 <artemii.borisov22@icloud.com>","lastNodeExecuted":"Function","errorMessage":"Expecting Unicode escape sequence \\uXXXX [Line 180]"}}
{"__type":"$$EventMessageConfirm","confirm":"8e4f0f02-7f86-4c50-b9ba-c5bd18db8ea1","ts":"2026-08-28T11:38:25.102-04:00","source":{"id":"0","name":"eventBus"}}
{"__type":"$$EventMessageAudit","id":"a5217ec8-1603-42b4-8923-1636153f96ee","ts":"2026-08-28T11:38:25.120-04:00","eventName":"n8n.audit.workflow.executed","message":"n8n.audit.workflow.executed","payload":{"workflowId":"sBd1k3ZMlyi45C1g","workflowName":"AI Prep Suggestion","executionId":"671","projectId":"f9jtqSpqgxocA0Fw","projectName":"artemii borisov22 <artemii.borisov22@icloud.com>","source":"webhook"}}
{"__type":"$$EventMessageConfirm","confirm":"a5217ec8-1603-42b4-8923-1636153f96ee","ts":"2026-08-28T11:38:25.120-04:00","source":{"id":"0","name":"eventBus"}}
{"__type":"$$EventMessageWorkflow","id":"e714e2ea-79f4-4243-b32c-aac3804221e3","ts":"2026-08-28T11:38:25.147-04:00","eventName":"n8n.workflow.started","message":"n8n.workflow.started","payload":{"executionId":"671","workflowId":"sBd1k3ZMlyi45C1g","isManual":false,"mode":"webhook","workflowName":"AI Prep Suggestion","projectId":"f9jtqSpqgxocA0Fw","projectName":"artemii borisov22 <artemii.borisov22@icloud.com>"}}
{"__type":"$$EventMessageConfirm","confirm":"e714e2ea-79f4-4243-b32c-aac3804221e3","ts":"2026-08-28T11:38:25.147-04:00","source":{"id":"0","name":"eventBus"}}
{"__type":"$$EventMessageNode","id":"73c9524f-1948-476e-a1fb-8a1104b74e48","ts":"2026-08-28T11:38:25.147-04:00","eventName":"n8n.node.started","message":"n8n.node.started","payload":{"workflowId":"sBd1k3ZMlyi45C1g","workflowName":"AI Prep Suggestion","executionId":"671","nodeType":"n8n-nodes-base.webhook","nodeName":"Webhook","nodeId":"1"}}
{"__type":"$$EventMessageConfirm","confirm":"73c9524f-1948-476e-a1fb-8a1104b74e48","ts":"2026-08-28T11:38:25.147-04:00","source":{"id":"0","name":"eventBus"}}
{"__type":"$$EventMessageNode","id":"2e7a7cb6-e442-46fa-b109-7b3b9c6ddb5d","ts":"2026-08-28T11:38:25.147-04:00","eventName":"n8n.node.finished","message":"n8n.node.finished","payload":{"workflowId":"sBd1k3ZMlyi45C1g","workflowName":"AI Prep Suggestion","executionId":"671","nodeType":"n8n-nodes-base.webhook","nodeName":"Webhook","nodeId":"1"}}
{"__type":"$$EventMessageConfirm","confirm":"2e7a7cb6-e442-46fa-b109-7b3b9c6ddb5d","ts":"2026-08-28T11:38:25.147-04:00","source":{"id":"0","name":"eventBus"}}
{"__type":"$$EventMessageNode","id":"72e645ae-79b9-41ec-b945-dc4672a3a385","ts":"2026-08-28T11:38:25.147-04:00","eventName":"n8n.node.started","message":"n8n.node.started","payload":{"workflowId":"sBd1k3ZMlyi45C1g","workflowName":"AI Prep Suggestion","executionId":"671","nodeType":"n8n-nodes-base.function","nodeName":"Function","nodeId":"2"}}
{"__type":"$$EventMessageConfirm","confirm":"72e645ae-79b9-41ec-b945-dc4672a3a385","ts":"2026-08-28T11:38:25.147-04:00","source":{"id":"0","name":"eventBus"}}
{"__type":"$$EventMessageNode","id":"e672f762-8a04-4809-aa71-1d4d05187b65","ts":"2026-08-28T11:38:25.150-04:00","eventName":"n8n.node.finished","message":"n8n.node.finished","payload":{"workflowId":"sBd1k3ZMlyi45C1g","workflowName":"AI Prep Suggestion","executionId":"671","nodeType":"n8n-nodes-base.function","nodeName":"Function","nodeId":"2"}}
{"__type":"$$EventMessageConfirm","confirm":"e672f762-8a04-4809-aa71-1d4d05187b65","ts":"2026-08-28T11:38:25.150-04:00","source":{"id":"0","name":"eventBus"}}
{"__type":"$$EventMessageWorkflow","id":"4267d9a8-942c-47fd-b207-d8b3ce12b31e","ts":"2026-08-28T11:38:25.150-04:00","eventName":"n8n.workflow.failed","message":"n8n.workflow.failed","payload":{"executionId":"671","success":false,"isManual":false,"mode":"webhook","workflowId":"sBd1k3ZMlyi45C1g","workflowName":"AI Prep Suggestion","projectId":"f9jtqSpqgxocA0Fw","projectName":"artemii borisov22 <artemii.borisov22@icloud.com>","lastNodeExecuted":"Function","errorMessage":"Expecting Unicode escape sequence \\uXXXX [Line 180]"}}
{"__type":"$$EventMessageConfirm","confirm":"4267d9a8-942c-47fd-b207-d8b3ce12b31e","ts":"2026-08-28T11:38:25.150-04:00","source":{"id":"0","name":"eventBus"}}
{"__type":"$$EventMessageAudit","id":"1801e6e1-ffe8-4d98-8d60-ddaced8aa735","ts":"2026-08-28T11:38:25.166-04:00","eventName":"n8n.audit.workflow.executed","message":"n8n.audit.workflow.executed","payload":{"workflowId":"sBd1k3ZMlyi45C1g","workflowName":"AI Prep Suggestion","executionId":"672","projectId":"f9jtqSpqgxocA0Fw","projectName":"artemii borisov22 <artemii.borisov22@icloud.com>","source":"webhook"}}
{"__type":"$$EventMessageConfirm","confirm":"1801e6e1-ffe8-4d98-8d60-ddaced8aa735","ts":"2026-08-28T11:38:25.166-04:00","source":{"id":"0","name":"eventBus"}}
{"__type":"$$EventMessageWorkflow","id":"a94aaa92-ea7a-4130-aa12-9b59a341edd5","ts":"2026-08-28T11:38:25.193-04:00","eventName":"n8n.workflow.started","message":"n8n.workflow.started","payload":{"executionId":"672","workflowId":"sBd1k3ZMlyi45C1g","isManual":false,"mode":"webhook","workflowName":"AI Prep Suggestion","projectId":"f9jtqSpqgxocA0Fw","projectName":"artemii borisov22 <artemii.borisov22@icloud.com>"}}
{"__type":"$$EventMessageConfirm","confirm":"a94aaa92-ea7a-4130-aa12-9b59a341edd5","ts":"2026-08-28T11:38:25.193-04:00","source":{"id":"0","name":"eventBus"}}
{"__type":"$$EventMessageNode","id":"4cf173fb-dc4b-4731-839e-a04eff14fb0d","ts":"2026-08-28T11:38:25.193-04:00","eventName":"n8n.node.started","message":"n8n.node.started","payload":{"workflowId":"sBd1k3ZMlyi45C1g","workflowName":"AI Prep Suggestion","executionId":"672","nodeType":"n8n-nodes-base.webhook","nodeName":"Webhook","nodeId":"1"}}
{"__type":"$$EventMessageConfirm","confirm":"4cf173fb-dc4b-4731-839e-a04eff14fb0d","ts":"2026-08-28T11:38:25.193-04:00","source":{"id":"0","name":"eventBus"}}
{"__type":"$$EventMessageNode","id":"8ccc57f9-217a-4a74-a7c7-1ce33c322432","ts":"2026-08-28T11:38:25.193-04:00","eventName":"n8n.node.finished","message":"n8n.node.finished","payload":{"workflowId":"sBd1k3ZMlyi45C1g","workflowName":"AI Prep Suggestion","executionId":"672","nodeType":"n8n-nodes-base.webhook","nodeName":"Webhook","nodeId":"1"}}
{"__type":"$$EventMessageConfirm","confirm":"8ccc57f9-217a-4a74-a7c7-1ce33c322432","ts":"2026-08-28T11:38:25.193-04:00","source":{"id":"0","name":"eventBus"}}
{"__type":"$$EventMessageNode","id":"f8876520-7b9c-4d50-80e1-2f449183999f","ts":"2026-08-28T11:38:25.193-04:00","eventName":"n8n.node.started","message":"n8n.node.started","payload":{"workflowId":"sBd1k3ZMlyi45C1g","workflowName":"AI Prep Suggestion","executionId":"672","nodeType":"n8n-nodes-base.function","nodeName":"Function","nodeId":"2"}}
{"__type":"$$EventMessageConfirm","confirm":"f8876520-7b9c-4d50-80e1-2f449183999f","ts":"2026-08-28T11:38:25.193-04:00","source":{"id":"0","name":"eventBus"}}
{"__type":"$$EventMessageNode","id":"85fbd34a-0852-4265-abc0-b2db9a9dbe64","ts":"2026-08-28T11:38:25.196-04:00","eventName":"n8n.node.finished","message":"n8n.node.finished","payload":{"workflowId":"sBd1k3ZMlyi45C1g","workflowName":"AI Prep Suggestion","executionId":"672","nodeType":"n8n-nodes-base.function","nodeName":"Function","nodeId":"2"}}
{"__type":"$$EventMessageConfirm","confirm":"85fbd34a-0852-4265-abc0-b2db9a9dbe64","ts":"2026-08-28T11:38:25.196-04:00","source":{"id":"0","name":"eventBus"}}
{"__type":"$$EventMessageWorkflow","id":"64099d2c-282b-4054-b9e4-d1c672fa37ce","ts":"2026-08-28T11:38:25.196-04:00","eventName":"n8n.workflow.failed","message":"n8n.workflow.failed","payload":{"executionId":"672","success":false,"isManual":false,"mode":"webhook","workflowId":"sBd1k3ZMlyi45C1g","workflowName":"AI Prep Suggestion","projectId":"f9jtqSpqgxocA0Fw","projectName":"artemii borisov22 <artemii.borisov22@icloud.com>","lastNodeExecuted":"Function","errorMessage":"Expecting Unicode escape sequence \\uXXXX [Line 180]"}}
{"__type":"$$EventMessageConfirm","confirm":"64099d2c-282b-4054-b9e4-d1c672fa37ce","ts":"2026-08-28T11:38:25.196-04:00","source":{"id":"0","name":"eventBus"}}
{"__type":"$$EventMessageAudit","id":"5baba210-ea19-4662-b31a-5af05c4dfacc","ts":"2026-08-28T11:47:08.154-04:00","eventName":"n8n.audit.workflow.executed","message":"n8n.audit.workflow.executed","payload":{"workflowId":"5MOL8kKCOYcqTJCD","workflowName":"AI Prep Suggestion Corrected","executionId":"673","projectId":"f9jtqSpqgxocA0Fw","projectName":"artemii borisov22 <artemii.borisov22@icloud.com>","source":"webhook"}}
{"__type":"$$EventMessageConfirm","confirm":"5baba210-ea19-4662-b31a-5af05c4dfacc","ts":"2026-08-28T11:47:08.154-04:00","source":{"id":"0","name":"eventBus"}}
{"__type":"$$EventMessageWorkflow","id":"8caf8833-8309-404b-8127-b8c4375f0fde","ts":"2026-08-28T11:47:08.198-04:00","eventName":"n8n.workflow.started","message":"n8n.workflow.started","payload":{"executionId":"673","workflowId":"5MOL8kKCOYcqTJCD","isManual":false,"mode":"webhook","workflowName":"AI Prep Suggestion Corrected","projectId":"f9jtqSpqgxocA0Fw","projectName":"artemii borisov22 <artemii.borisov22@icloud.com>"}}
{"__type":"$$EventMessageConfirm","confirm":"8caf8833-8309-404b-8127-b8c4375f0fde","ts":"2026-08-28T11:47:08.199-04:00","source":{"id":"0","name":"eventBus"}}
{"__type":"$$EventMessageNode","id":"6435359c-35a7-40e6-867d-840ce5579982","ts":"2026-08-28T11:47:08.199-04:00","eventName":"n8n.node.started","message":"n8n.node.started","payload":{"workflowId":"5MOL8kKCOYcqTJCD","workflowName":"AI Prep Suggestion Corrected","executionId":"673","nodeType":"n8n-nodes-base.webhook","nodeName":"Webhook","nodeId":"1"}}
{"__type":"$$EventMessageConfirm","confirm":"6435359c-35a7-40e6-867d-840ce5579982","ts":"2026-08-28T11:47:08.199-04:00","source":{"id":"0","name":"eventBus"}}
{"__type":"$$EventMessageNode","id":"a28b9aff-6359-4049-a02c-55611e7ee6ca","ts":"2026-08-28T11:47:08.199-04:00","eventName":"n8n.node.finished","message":"n8n.node.finished","payload":{"workflowId":"5MOL8kKCOYcqTJCD","workflowName":"AI Prep Suggestion Corrected","executionId":"673","nodeType":"n8n-nodes-base.webhook","nodeName":"Webhook","nodeId":"1"}}
{"__type":"$$EventMessageConfirm","confirm":"a28b9aff-6359-4049-a02c-55611e7ee6ca","ts":"2026-08-28T11:47:08.199-04:00","source":{"id":"0","name":"eventBus"}}
{"__type":"$$EventMessageNode","id":"5b491a09-46f8-40b1-ad18-983d219d34cb","ts":"2026-08-28T11:47:08.199-04:00","eventName":"n8n.node.started","message":"n8n.node.started","payload":{"workflowId":"5MOL8kKCOYcqTJCD","workflowName":"AI Prep Suggestion Corrected","executionId":"673","nodeType":"n8n-nodes-base.function","nodeName":"Function","nodeId":"2"}}
{"__type":"$$EventMessageConfirm","confirm":"5b491a09-46f8-40b1-ad18-983d219d34cb","ts":"2026-08-28T11:47:08.200-04:00","source":{"id":"0","name":"eventBus"}}
{"__type":"$$EventMessageNode","id":"2e5b0795-ba43-4e0d-bcef-78c7ec85415c","ts":"2026-08-28T11:47:08.212-04:00","eventName":"n8n.node.finished","message":"n8n.node.finished","payload":{"workflowId":"5MOL8kKCOYcqTJCD","workflowName":"AI Prep Suggestion Corrected","executionId":"673","nodeType":"n8n-nodes-base.function","nodeName":"Function","nodeId":"2"}}
{"__type":"$$EventMessageConfirm","confirm":"2e5b0795-ba43-4e0d-bcef-78c7ec85415c","ts":"2026-08-28T11:47:08.212-04:00","source":{"id":"0","name":"eventBus"}}
{"__type":"$$EventMessageWorkflow","id":"41917ec0-c739-4fe6-b20f-a19bfcff1db4","ts":"2026-08-28T11:47:08.213-04:00","eventName":"n8n.workflow.success","message":"n8n.workflow.success","payload":{"executionId":"673","success":true,"isManual":false,"mode":"webhook","workflowId":"5MOL8kKCOYcqTJCD","workflowName":"AI Prep Suggestion Corrected","projectId":"f9jtqSpqgxocA0Fw","projectName":"artemii borisov22 <artemii.borisov22@icloud.com>"}}
{"__type":"$$EventMessageConfirm","confirm":"41917ec0-c739-4fe6-b20f-a19bfcff1db4","ts":"2026-08-28T11:47:08.213-04:00","source":{"id":"0","name":"eventBus"}}
{"__type":"$$EventMessageAudit","id":"e8a26c56-87c8-4899-832a-bf0e92a9f352","ts":"2026-08-28T11:47:17.278-04:00","eventName":"n8n.audit.workflow.executed","message":"n8n.audit.workflow.executed","payload":{"workflowId":"5MOL8kKCOYcqTJCD","workflowName":"AI Prep Suggestion Corrected","executionId":"674","projectId":"f9jtqSpqgxocA0Fw","projectName":"artemii borisov22 <artemii.borisov22@icloud.com>","source":"webhook"}}
{"__type":"$$EventMessageConfirm","confirm":"e8a26c56-87c8-4899-832a-bf0e92a9f352","ts":"2026-08-28T11:47:17.278-04:00","source":{"id":"0","name":"eventBus"}}
{"__type":"$$EventMessageWorkflow","id":"7a4efab7-9125-4323-8009-c0a0af1e3f59","ts":"2026-08-28T11:47:17.318-04:00","eventName":"n8n.workflow.started","message":"n8n.workflow.started","payload":{"executionId":"674","workflowId":"5MOL8kKCOYcqTJCD","isManual":false,"mode":"webhook","workflowName":"AI Prep Suggestion Corrected","projectId":"f9jtqSpqgxocA0Fw","projectName":"artemii borisov22 <artemii.borisov22@icloud.com>"}}
{"__type":"$$EventMessageConfirm","confirm":"7a4efab7-9125-4323-8009-c0a0af1e3f59","ts":"2026-08-28T11:47:17.318-04:00","source":{"id":"0","name":"eventBus"}}
{"__type":"$$EventMessageNode","id":"03e59186-2866-43a8-b453-3492c9446347","ts":"2026-08-28T11:47:17.318-04:00","eventName":"n8n.node.started","message":"n8n.node.started","payload":{"workflowId":"5MOL8kKCOYcqTJCD","workflowName":"AI Prep Suggestion Corrected","executionId":"674","nodeType":"n8n-nodes-base.webhook","nodeName":"Webhook","nodeId":"1"}}
{"__type":"$$EventMessageConfirm","confirm":"03e59186-2866-43a8-b453-3492c9446347","ts":"2026-08-28T11:47:17.318-04:00","source":{"id":"0","name":"eventBus"}}
{"__type":"$$EventMessageNode","id":"eb912f36-1424-4a6c-a0a3-f49bc92da635","ts":"2026-08-28T11:47:17.318-04:00","eventName":"n8n.node.finished","message":"n8n.node.finished","payload":{"workflowId":"5MOL8kKCOYcqTJCD","workflowName":"AI Prep Suggestion Corrected","executionId":"674","nodeType":"n8n-nodes-base.webhook","nodeName":"Webhook","nodeId":"1"}}
{"__type":"$$EventMessageConfirm","confirm":"eb912f36-1424-4a6c-a0a3-f49bc92da635","ts":"2026-08-28T11:47:17.318-04:00","source":{"id":"0","name":"eventBus"}}
{"__type":"$$EventMessageNode","id":"8e335053-1ddd-40df-882b-ff473005ac28","ts":"2026-08-28T11:47:17.318-04:00","eventName":"n8n.node.started","message":"n8n.node.started","payload":{"workflowId":"5MOL8kKCOYcqTJCD","workflowName":"AI Prep Suggestion Corrected","executionId":"674","nodeType":"n8n-nodes-base.function","nodeName":"Function","nodeId":"2"}}
{"__type":"$$EventMessageConfirm","confirm":"8e335053-1ddd-40df-882b-ff473005ac28","ts":"2026-08-28T11:47:17.318-04:00","source":{"id":"0","name":"eventBus"}}
{"__type":"$$EventMessageNode","id":"5cb55739-dda1-4c29-879a-40517401efc9","ts":"2026-08-28T11:47:17.323-04:00","eventName":"n8n.node.finished","message":"n8n.node.finished","payload":{"workflowId":"5MOL8kKCOYcqTJCD","workflowName":"AI Prep Suggestion Corrected","executionId":"674","nodeType":"n8n-nodes-base.function","nodeName":"Function","nodeId":"2"}}
{"__type":"$$EventMessageConfirm","confirm":"5cb55739-dda1-4c29-879a-40517401efc9","ts":"2026-08-28T11:47:17.323-04:00","source":{"id":"0","name":"eventBus"}}
{"__type":"$$EventMessageWorkflow","id":"e8c0e380-05e2-49c2-a2dd-6e342f729041","ts":"2026-08-28T11:47:17.323-04:00","eventName":"n8n.workflow.success","message":"n8n.workflow.success","payload":{"executionId":"674","success":true,"isManual":false,"mode":"webhook","workflowId":"5MOL8kKCOYcqTJCD","workflowName":"AI Prep Suggestion Corrected","projectId":"f9jtqSpqgxocA0Fw","projectName":"artemii borisov22 <artemii.borisov22@icloud.com>"}}
{"__type":"$$EventMessageConfirm","confirm":"e8c0e380-05e2-49c2-a2dd-6e342f729041","ts":"2026-08-28T11:47:17.323-04:00","source":{"id":"0","name":"eventBus"}}
{"__type":"$$EventMessageAudit","id":"56029852-040b-46d4-a4e1-eade176e6c2c","ts":"2026-08-28T11:47:17.342-04:00","eventName":"n8n.audit.workflow.executed","message":"n8n.audit.workflow.executed","payload":{"workflowId":"5MOL8kKCOYcqTJCD","workflowName":"AI Prep Suggestion Corrected","executionId":"675","projectId":"f9jtqSpqgxocA0Fw","projectName":"artemii borisov22 <artemii.borisov22@icloud.com>","source":"webhook"}}
{"__type":"$$EventMessageConfirm","confirm":"56029852-040b-46d4-a4e1-eade176e6c2c","ts":"2026-08-28T11:47:17.342-04:00","source":{"id":"0","name":"eventBus"}}
{"__type":"$$EventMessageWorkflow","id":"fb7c580d-a2a4-4371-9796-23e14bea48be","ts":"2026-08-28T11:47:17.377-04:00","eventName":"n8n.workflow.started","message":"n8n.workflow.started","payload":{"executionId":"675","workflowId":"5MOL8kKCOYcqTJCD","isManual":false,"mode":"webhook","workflowName":"AI Prep Suggestion Corrected","projectId":"f9jtqSpqgxocA0Fw","projectName":"artemii borisov22 <artemii.borisov22@icloud.com>"}}
{"__type":"$$EventMessageConfirm","confirm":"fb7c580d-a2a4-4371-9796-23e14bea48be","ts":"2026-08-28T11:47:17.377-04:00","source":{"id":"0","name":"eventBus"}}
{"__type":"$$EventMessageNode","id":"cb98f168-1acc-4a0f-9233-47b0d0a742c3","ts":"2026-08-28T11:47:17.378-04:00","eventName":"n8n.node.started","message":"n8n.node.started","payload":{"workflowId":"5MOL8kKCOYcqTJCD","workflowName":"AI Prep Suggestion Corrected","executionId":"675","nodeType":"n8n-nodes-base.webhook","nodeName":"Webhook","nodeId":"1"}}
{"__type":"$$EventMessageConfirm","confirm":"cb98f168-1acc-4a0f-9233-47b0d0a742c3","ts":"2026-08-28T11:47:17.378-04:00","source":{"id":"0","name":"eventBus"}}
{"__type":"$$EventMessageNode","id":"f9f2cb56-895c-4bbf-a9cf-2c34b0af6d20","ts":"2026-08-28T11:47:17.378-04:00","eventName":"n8n.node.finished","message":"n8n.node.finished","payload":{"workflowId":"5MOL8kKCOYcqTJCD","workflowName":"AI Prep Suggestion Corrected","executionId":"675","nodeType":"n8n-nodes-base.webhook","nodeName":"Webhook","nodeId":"1"}}
{"__type":"$$EventMessageConfirm","confirm":"f9f2cb56-895c-4bbf-a9cf-2c34b0af6d20","ts":"2026-08-28T11:47:17.378-04:00","source":{"id":"0","name":"eventBus"}}
{"__type":"$$EventMessageNode","id":"13a2e3a9-5a2f-4bc8-a12f-c9e6beff02b4","ts":"2026-08-28T11:47:17.378-04:00","eventName":"n8n.node.started","message":"n8n.node.started","payload":{"workflowId":"5MOL8kKCOYcqTJCD","workflowName":"AI Prep Suggestion Corrected","executionId":"675","nodeType":"n8n-nodes-base.function","nodeName":"Function","nodeId":"2"}}
{"__type":"$$EventMessageConfirm","confirm":"13a2e3a9-5a2f-4bc8-a12f-c9e6beff02b4","ts":"2026-08-28T11:47:17.378-04:00","source":{"id":"0","name":"eventBus"}}
{"__type":"$$EventMessageNode","id":"da34da9b-f96e-419e-b625-39ce67cbd0c3","ts":"2026-08-28T11:47:17.382-04:00","eventName":"n8n.node.finished","message":"n8n.node.finished","payload":{"workflowId":"5MOL8kKCOYcqTJCD","workflowName":"AI Prep Suggestion Corrected","executionId":"675","nodeType":"n8n-nodes-base.function","nodeName":"Function","nodeId":"2"}}
{"__type":"$$EventMessageConfirm","confirm":"da34da9b-f96e-419e-b625-39ce67cbd0c3","ts":"2026-08-28T11:47:17.382-04:00","source":{"id":"0","name":"eventBus"}}
{"__type":"$$EventMessageWorkflow","id":"079ac4ca-43e3-49a9-bc35-215a108daedd","ts":"2026-08-28T11:47:17.382-04:00","eventName":"n8n.workflow.success","message":"n8n.workflow.success","payload":{"executionId":"675","success":true,"isManual":false,"mode":"webhook","workflowId":"5MOL8kKCOYcqTJCD","workflowName":"AI Prep Suggestion Corrected","projectId":"f9jtqSpqgxocA0Fw","projectName":"artemii borisov22 <artemii.borisov22@icloud.com>"}}
{"__type":"$$EventMessageConfirm","confirm":"079ac4ca-43e3-49a9-bc35-215a108daedd","ts":"2026-08-28T11:47:17.382-04:00","source":{"id":"0","name":"eventBus"}}
{"__type":"$$EventMessageAudit","id":"6857a75d-7366-4783-9a72-468f9eb20473","ts":"2026-08-28T11:47:17.405-04:00","eventName":"n8n.audit.workflow.executed","message":"n8n.audit.workflow.executed","payload":{"workflowId":"5MOL8kKCOYcqTJCD","workflowName":"AI Prep Suggestion Corrected","executionId":"676","projectId":"f9jtqSpqgxocA0Fw","projectName":"artemii borisov22 <artemii.borisov22@icloud.com>","source":"webhook"}}
{"__type":"$$EventMessageConfirm","confirm":"6857a75d-7366-4783-9a72-468f9eb20473","ts":"2026-08-28T11:47:17.405-04:00","source":{"id":"0","name":"eventBus"}}
{"__type":"$$EventMessageWorkflow","id":"723a1374-dff7-4731-bd33-21fb4340f6d7","ts":"2026-08-28T11:47:17.433-04:00","eventName":"n8n.workflow.started","message":"n8n.workflow.started","payload":{"executionId":"676","workflowId":"5MOL8kKCOYcqTJCD","isManual":false,"mode":"webhook","workflowName":"AI Prep Suggestion Corrected","projectId":"f9jtqSpqgxocA0Fw","projectName":"artemii borisov22 <artemii.borisov22@icloud.com>"}}
{"__type":"$$EventMessageConfirm","confirm":"723a1374-dff7-4731-bd33-21fb4340f6d7","ts":"2026-08-28T11:47:17.433-04:00","source":{"id":"0","name":"eventBus"}}
{"__type":"$$EventMessageNode","id":"71e24cfc-d758-48ef-91c7-44e73d7c9409","ts":"2026-08-28T11:47:17.433-04:00","eventName":"n8n.node.started","message":"n8n.node.started","payload":{"workflowId":"5MOL8kKCOYcqTJCD","workflowName":"AI Prep Suggestion Corrected","executionId":"676","nodeType":"n8n-nodes-base.webhook","nodeName":"Webhook","nodeId":"1"}}
{"__type":"$$EventMessageConfirm","confirm":"71e24cfc-d758-48ef-91c7-44e73d7c9409","ts":"2026-08-28T11:47:17.433-04:00","source":{"id":"0","name":"eventBus"}}
{"__type":"$$EventMessageNode","id":"d8ffde12-d9c4-483e-9280-c51164ff27aa","ts":"2026-08-28T11:47:17.433-04:00","eventName":"n8n.node.finished","message":"n8n.node.finished","payload":{"workflowId":"5MOL8kKCOYcqTJCD","workflowName":"AI Prep Suggestion Corrected","executionId":"676","nodeType":"n8n-nodes-base.webhook","nodeName":"Webhook","nodeId":"1"}}
{"__type":"$$EventMessageConfirm","confirm":"d8ffde12-d9c4-483e-9280-c51164ff27aa","ts":"2026-08-28T11:47:17.433-04:00","source":{"id":"0","name":"eventBus"}}
{"__type":"$$EventMessageNode","id":"23e3d120-943f-40f6-b4f9-8187d75216b4","ts":"2026-08-28T11:47:17.433-04:00","eventName":"n8n.node.started","message":"n8n.node.started","payload":{"workflowId":"5MOL8kKCOYcqTJCD","workflowName":"AI Prep Suggestion Corrected","executionId":"676","nodeType":"n8n-nodes-base.function","nodeName":"Function","nodeId":"2"}}
{"__type":"$$EventMessageConfirm","confirm":"23e3d120-943f-40f6-b4f9-8187d75216b4","ts":"2026-08-28T11:47:17.433-04:00","source":{"id":"0","name":"eventBus"}}
{"__type":"$$EventMessageNode","id":"06915f6b-d5ee-4383-bf14-1f452236691e","ts":"2026-08-28T11:47:17.436-04:00","eventName":"n8n.node.finished","message":"n8n.node.finished","payload":{"workflowId":"5MOL8kKCOYcqTJCD","workflowName":"AI Prep Suggestion Corrected","executionId":"676","nodeType":"n8n-nodes-base.function","nodeName":"Function","nodeId":"2"}}
{"__type":"$$EventMessageConfirm","confirm":"06915f6b-d5ee-4383-bf14-1f452236691e","ts":"2026-08-28T11:47:17.436-04:00","source":{"id":"0","name":"eventBus"}}
{"__type":"$$EventMessageWorkflow","id":"98bcd2fd-3ffe-4065-9ebe-da4f32787549","ts":"2026-08-28T11:47:17.436-04:00","eventName":"n8n.workflow.success","message":"n8n.workflow.success","payload":{"executionId":"676","success":true,"isManual":false,"mode":"webhook","workflowId":"5MOL8kKCOYcqTJCD","workflowName":"AI Prep Suggestion Corrected","projectId":"f9jtqSpqgxocA0Fw","projectName":"artemii borisov22 <artemii.borisov22@icloud.com>"}}
{"__type":"$$EventMessageConfirm","confirm":"98bcd2fd-3ffe-4065-9ebe-da4f32787549","ts":"2026-08-28T11:47:17.436-04:00","source":{"id":"0","name":"eventBus"}}
{"__type":"$$EventMessageAudit","id":"7536da6e-03e5-45b8-b0cc-d84ab5e8dd3f","ts":"2026-08-28T11:47:17.458-04:00","eventName":"n8n.audit.workflow.executed","message":"n8n.audit.workflow.executed","payload":{"workflowId":"5MOL8kKCOYcqTJCD","workflowName":"AI Prep Suggestion Corrected","executionId":"677","projectId":"f9jtqSpqgxocA0Fw","projectName":"artemii borisov22 <artemii.borisov22@icloud.com>","source":"webhook"}}
{"__type":"$$EventMessageConfirm","confirm":"7536da6e-03e5-45b8-b0cc-d84ab5e8dd3f","ts":"2026-08-28T11:47:17.458-04:00","source":{"id":"0","name":"eventBus"}}
{"__type":"$$EventMessageWorkflow","id":"79967564-0c73-49b0-8b5c-aa8b8663ce10","ts":"2026-08-28T11:47:17.486-04:00","eventName":"n8n.workflow.started","message":"n8n.workflow.started","payload":{"executionId":"677","workflowId":"5MOL8kKCOYcqTJCD","isManual":false,"mode":"webhook","workflowName":"AI Prep Suggestion Corrected","projectId":"f9jtqSpqgxocA0Fw","projectName":"artemii borisov22 <artemii.borisov22@icloud.com>"}}
{"__type":"$$EventMessageConfirm","confirm":"79967564-0c73-49b0-8b5c-aa8b8663ce10","ts":"2026-08-28T11:47:17.486-04:00","source":{"id":"0","name":"eventBus"}}
{"__type":"$$EventMessageNode","id":"148d7f0e-7b0e-48ff-8827-f04c2ce0026d","ts":"2026-08-28T11:47:17.486-04:00","eventName":"n8n.node.started","message":"n8n.node.started","payload":{"workflowId":"5MOL8kKCOYcqTJCD","workflowName":"AI Prep Suggestion Corrected","executionId":"677","nodeType":"n8n-nodes-base.webhook","nodeName":"Webhook","nodeId":"1"}}
{"__type":"$$EventMessageConfirm","confirm":"148d7f0e-7b0e-48ff-8827-f04c2ce0026d","ts":"2026-08-28T11:47:17.486-04:00","source":{"id":"0","name":"eventBus"}}
{"__type":"$$EventMessageNode","id":"af2cdd5d-1263-4828-825c-9b59a7f556ce","ts":"2026-08-28T11:47:17.486-04:00","eventName":"n8n.node.finished","message":"n8n.node.finished","payload":{"workflowId":"5MOL8kKCOYcqTJCD","workflowName":"AI Prep Suggestion Corrected","executionId":"677","nodeType":"n8n-nodes-base.webhook","nodeName":"Webhook","nodeId":"1"}}
{"__type":"$$EventMessageConfirm","confirm":"af2cdd5d-1263-4828-825c-9b59a7f556ce","ts":"2026-08-28T11:47:17.486-04:00","source":{"id":"0","name":"eventBus"}}
{"__type":"$$EventMessageNode","id":"acf7b89e-1dc8-4790-af0b-0215b0d30bb8","ts":"2026-08-28T11:47:17.486-04:00","eventName":"n8n.node.started","message":"n8n.node.started","payload":{"workflowId":"5MOL8kKCOYcqTJCD","workflowName":"AI Prep Suggestion Corrected","executionId":"677","nodeType":"n8n-nodes-base.function","nodeName":"Function","nodeId":"2"}}
{"__type":"$$EventMessageConfirm","confirm":"acf7b89e-1dc8-4790-af0b-0215b0d30bb8","ts":"2026-08-28T11:47:17.486-04:00","source":{"id":"0","name":"eventBus"}}
{"__type":"$$EventMessageNode","id":"020310d4-5cae-4ad3-a2c8-7d39f8ecc3d7","ts":"2026-08-28T11:47:17.490-04:00","eventName":"n8n.node.finished","message":"n8n.node.finished","payload":{"workflowId":"5MOL8kKCOYcqTJCD","workflowName":"AI Prep Suggestion Corrected","executionId":"677","nodeType":"n8n-nodes-base.function","nodeName":"Function","nodeId":"2"}}
{"__type":"$$EventMessageConfirm","confirm":"020310d4-5cae-4ad3-a2c8-7d39f8ecc3d7","ts":"2026-08-28T11:47:17.490-04:00","source":{"id":"0","name":"eventBus"}}
{"__type":"$$EventMessageWorkflow","id":"ca82797c-a2ef-4385-b7b2-bcb28622c0f4","ts":"2026-08-28T11:47:17.490-04:00","eventName":"n8n.workflow.success","message":"n8n.workflow.success","payload":{"executionId":"677","success":true,"isManual":false,"mode":"webhook","workflowId":"5MOL8kKCOYcqTJCD","workflowName":"AI Prep Suggestion Corrected","projectId":"f9jtqSpqgxocA0Fw","projectName":"artemii borisov22 <artemii.borisov22@icloud.com>"}}
{"__type":"$$EventMessageConfirm","confirm":"ca82797c-a2ef-4385-b7b2-bcb28622c0f4","ts":"2026-08-28T11:47:17.490-04:00","source":{"id":"0","name":"eventBus"}}
{"__type":"$$EventMessageAudit","id":"88448c3a-f1a9-4463-813d-7753cfa7386e","ts":"2026-08-28T11:47:17.508-04:00","eventName":"n8n.audit.workflow.executed","message":"n8n.audit.workflow.executed","payload":{"workflowId":"5MOL8kKCOYcqTJCD","workflowName":"AI Prep Suggestion Corrected","executionId":"678","projectId":"f9jtqSpqgxocA0Fw","projectName":"artemii borisov22 <artemii.borisov22@icloud.com>","source":"webhook"}}
{"__type":"$$EventMessageConfirm","confirm":"88448c3a-f1a9-4463-813d-7753cfa7386e","ts":"2026-08-28T11:47:17.508-04:00","source":{"id":"0","name":"eventBus"}}
{"__type":"$$EventMessageWorkflow","id":"6e6b5024-08d0-417d-9bc9-784fce99cf86","ts":"2026-08-28T11:47:17.535-04:00","eventName":"n8n.workflow.started","message":"n8n.workflow.started","payload":{"executionId":"678","workflowId":"5MOL8kKCOYcqTJCD","isManual":false,"mode":"webhook","workflowName":"AI Prep Suggestion Corrected","projectId":"f9jtqSpqgxocA0Fw","projectName":"artemii borisov22 <artemii.borisov22@icloud.com>"}}
{"__type":"$$EventMessageConfirm","confirm":"6e6b5024-08d0-417d-9bc9-784fce99cf86","ts":"2026-08-28T11:47:17.535-04:00","source":{"id":"0","name":"eventBus"}}
{"__type":"$$EventMessageNode","id":"b7fe010f-4d87-4af9-83f4-f059af474026","ts":"2026-08-28T11:47:17.535-04:00","eventName":"n8n.node.started","message":"n8n.node.started","payload":{"workflowId":"5MOL8kKCOYcqTJCD","workflowName":"AI Prep Suggestion Corrected","executionId":"678","nodeType":"n8n-nodes-base.webhook","nodeName":"Webhook","nodeId":"1"}}
{"__type":"$$EventMessageConfirm","confirm":"b7fe010f-4d87-4af9-83f4-f059af474026","ts":"2026-08-28T11:47:17.535-04:00","source":{"id":"0","name":"eventBus"}}
{"__type":"$$EventMessageNode","id":"50a6fca3-bedd-4d37-89cd-4fd5d8b27919","ts":"2026-08-28T11:47:17.535-04:00","eventName":"n8n.node.finished","message":"n8n.node.finished","payload":{"workflowId":"5MOL8kKCOYcqTJCD","workflowName":"AI Prep Suggestion Corrected","executionId":"678","nodeType":"n8n-nodes-base.webhook","nodeName":"Webhook","nodeId":"1"}}
{"__type":"$$EventMessageConfirm","confirm":"50a6fca3-bedd-4d37-89cd-4fd5d8b27919","ts":"2026-08-28T11:47:17.535-04:00","source":{"id":"0","name":"eventBus"}}
{"__type":"$$EventMessageNode","id":"91f9af68-0025-4675-8f60-83ed05d5f648","ts":"2026-08-28T11:47:17.535-04:00","eventName":"n8n.node.started","message":"n8n.node.started","payload":{"workflowId":"5MOL8kKCOYcqTJCD","workflowName":"AI Prep Suggestion Corrected","executionId":"678","nodeType":"n8n-nodes-base.function","nodeName":"Function","nodeId":"2"}}
{"__type":"$$EventMessageConfirm","confirm":"91f9af68-0025-4675-8f60-83ed05d5f648","ts":"2026-08-28T11:47:17.535-04:00","source":{"id":"0","name":"eventBus"}}
{"__type":"$$EventMessageNode","id":"e14e334a-f2ff-47be-a73e-18a792042420","ts":"2026-08-28T11:47:17.539-04:00","eventName":"n8n.node.finished","message":"n8n.node.finished","payload":{"workflowId":"5MOL8kKCOYcqTJCD","workflowName":"AI Prep Suggestion Corrected","executionId":"678","nodeType":"n8n-nodes-base.function","nodeName":"Function","nodeId":"2"}}
{"__type":"$$EventMessageConfirm","confirm":"e14e334a-f2ff-47be-a73e-18a792042420","ts":"2026-08-28T11:47:17.539-04:00","source":{"id":"0","name":"eventBus"}}
{"__type":"$$EventMessageWorkflow","id":"959c8eaf-a456-4141-a337-826ba6c95722","ts":"2026-08-28T11:47:17.539-04:00","eventName":"n8n.workflow.success","message":"n8n.workflow.success","payload":{"executionId":"678","success":true,"isManual":false,"mode":"webhook","workflowId":"5MOL8kKCOYcqTJCD","workflowName":"AI Prep Suggestion Corrected","projectId":"f9jtqSpqgxocA0Fw","projectName":"artemii borisov22 <artemii.borisov22@icloud.com>"}}
{"__type":"$$EventMessageConfirm","confirm":"959c8eaf-a456-4141-a337-826ba6c95722","ts":"2026-08-28T11:47:17.539-04:00","source":{"id":"0","name":"eventBus"}}
{"__type":"$$EventMessageAudit","id":"f3d4457e-bfee-4459-80d4-7dfc1e88e2b0","ts":"2026-08-28T11:47:17.555-04:00","eventName":"n8n.audit.workflow.executed","message":"n8n.audit.workflow.executed","payload":{"workflowId":"5MOL8kKCOYcqTJCD","workflowName":"AI Prep Suggestion Corrected","executionId":"679","projectId":"f9jtqSpqgxocA0Fw","projectName":"artemii borisov22 <artemii.borisov22@icloud.com>","source":"webhook"}}
{"__type":"$$EventMessageConfirm","confirm":"f3d4457e-bfee-4459-80d4-7dfc1e88e2b0","ts":"2026-08-28T11:47:17.555-04:00","source":{"id":"0","name":"eventBus"}}
{"__type":"$$EventMessageWorkflow","id":"5dc05bab-bc72-47b7-b1b2-83c5fa172a76","ts":"2026-08-28T11:47:17.591-04:00","eventName":"n8n.workflow.started","message":"n8n.workflow.started","payload":{"executionId":"679","workflowId":"5MOL8kKCOYcqTJCD","isManual":false,"mode":"webhook","workflowName":"AI Prep Suggestion Corrected","projectId":"f9jtqSpqgxocA0Fw","projectName":"artemii borisov22 <artemii.borisov22@icloud.com>"}}
{"__type":"$$EventMessageConfirm","confirm":"5dc05bab-bc72-47b7-b1b2-83c5fa172a76","ts":"2026-08-28T11:47:17.591-04:00","source":{"id":"0","name":"eventBus"}}
{"__type":"$$EventMessageNode","id":"7d26cb66-12eb-40e4-83e1-f1b8ff5d3aa7","ts":"2026-08-28T11:47:17.591-04:00","eventName":"n8n.node.started","message":"n8n.node.started","payload":{"workflowId":"5MOL8kKCOYcqTJCD","workflowName":"AI Prep Suggestion Corrected","executionId":"679","nodeType":"n8n-nodes-base.webhook","nodeName":"Webhook","nodeId":"1"}}
{"__type":"$$EventMessageConfirm","confirm":"7d26cb66-12eb-40e4-83e1-f1b8ff5d3aa7","ts":"2026-08-28T11:47:17.591-04:00","source":{"id":"0","name":"eventBus"}}
{"__type":"$$EventMessageNode","id":"b8687c57-d18a-4658-bfd3-6d55aa71bf46","ts":"2026-08-28T11:47:17.591-04:00","eventName":"n8n.node.finished","message":"n8n.node.finished","payload":{"workflowId":"5MOL8kKCOYcqTJCD","workflowName":"AI Prep Suggestion Corrected","executionId":"679","nodeType":"n8n-nodes-base.webhook","nodeName":"Webhook","nodeId":"1"}}
{"__type":"$$EventMessageConfirm","confirm":"b8687c57-d18a-4658-bfd3-6d55aa71bf46","ts":"2026-08-28T11:47:17.591-04:00","source":{"id":"0","name":"eventBus"}}
{"__type":"$$EventMessageNode","id":"88e7f3dd-865d-46fd-a4ab-2ee39040c0b2","ts":"2026-08-28T11:47:17.591-04:00","eventName":"n8n.node.started","message":"n8n.node.started","payload":{"workflowId":"5MOL8kKCOYcqTJCD","workflowName":"AI Prep Suggestion Corrected","executionId":"679","nodeType":"n8n-nodes-base.function","nodeName":"Function","nodeId":"2"}}
{"__type":"$$EventMessageConfirm","confirm":"88e7f3dd-865d-46fd-a4ab-2ee39040c0b2","ts":"2026-08-28T11:47:17.591-04:00","source":{"id":"0","name":"eventBus"}}
{"__type":"$$EventMessageNode","id":"7c0367cf-41f0-4956-8238-36dc3fce45f6","ts":"2026-08-28T11:47:17.595-04:00","eventName":"n8n.node.finished","message":"n8n.node.finished","payload":{"workflowId":"5MOL8kKCOYcqTJCD","workflowName":"AI Prep Suggestion Corrected","executionId":"679","nodeType":"n8n-nodes-base.function","nodeName":"Function","nodeId":"2"}}
{"__type":"$$EventMessageConfirm","confirm":"7c0367cf-41f0-4956-8238-36dc3fce45f6","ts":"2026-08-28T11:47:17.595-04:00","source":{"id":"0","name":"eventBus"}}
{"__type":"$$EventMessageWorkflow","id":"f93cc3c3-6e20-4ed5-a5c8-823d438b286a","ts":"2026-08-28T11:47:17.595-04:00","eventName":"n8n.workflow.success","message":"n8n.workflow.success","payload":{"executionId":"679","success":true,"isManual":false,"mode":"webhook","workflowId":"5MOL8kKCOYcqTJCD","workflowName":"AI Prep Suggestion Corrected","projectId":"f9jtqSpqgxocA0Fw","projectName":"artemii borisov22 <artemii.borisov22@icloud.com>"}}
{"__type":"$$EventMessageConfirm","confirm":"f93cc3c3-6e20-4ed5-a5c8-823d438b286a","ts":"2026-08-28T11:47:17.595-04:00","source":{"id":"0","name":"eventBus"}}
{"__type":"$$EventMessageAudit","id":"ab876f84-2231-4f3e-9fa6-7688a3fca618","ts":"2026-08-28T11:47:17.620-04:00","eventName":"n8n.audit.workflow.executed","message":"n8n.audit.workflow.executed","payload":{"workflowId":"5MOL8kKCOYcqTJCD","workflowName":"AI Prep Suggestion Corrected","executionId":"680","projectId":"f9jtqSpqgxocA0Fw","projectName":"artemii borisov22 <artemii.borisov22@icloud.com>","source":"webhook"}}
{"__type":"$$EventMessageConfirm","confirm":"ab876f84-2231-4f3e-9fa6-7688a3fca618","ts":"2026-08-28T11:47:17.620-04:00","source":{"id":"0","name":"eventBus"}}
{"__type":"$$EventMessageWorkflow","id":"88a6b132-4afb-457d-abcc-ff265a061432","ts":"2026-08-28T11:47:17.649-04:00","eventName":"n8n.workflow.started","message":"n8n.workflow.started","payload":{"executionId":"680","workflowId":"5MOL8kKCOYcqTJCD","isManual":false,"mode":"webhook","workflowName":"AI Prep Suggestion Corrected","projectId":"f9jtqSpqgxocA0Fw","projectName":"artemii borisov22 <artemii.borisov22@icloud.com>"}}
{"__type":"$$EventMessageConfirm","confirm":"88a6b132-4afb-457d-abcc-ff265a061432","ts":"2026-08-28T11:47:17.650-04:00","source":{"id":"0","name":"eventBus"}}
{"__type":"$$EventMessageNode","id":"428f01df-f611-4be9-ae7f-be24aeaf3b7a","ts":"2026-08-28T11:47:17.650-04:00","eventName":"n8n.node.started","message":"n8n.node.started","payload":{"workflowId":"5MOL8kKCOYcqTJCD","workflowName":"AI Prep Suggestion Corrected","executionId":"680","nodeType":"n8n-nodes-base.webhook","nodeName":"Webhook","nodeId":"1"}}
{"__type":"$$EventMessageConfirm","confirm":"428f01df-f611-4be9-ae7f-be24aeaf3b7a","ts":"2026-08-28T11:47:17.650-04:00","source":{"id":"0","name":"eventBus"}}
{"__type":"$$EventMessageNode","id":"38660373-8393-4ab6-90c7-d8fab84ee3f8","ts":"2026-08-28T11:47:17.650-04:00","eventName":"n8n.node.finished","message":"n8n.node.finished","payload":{"workflowId":"5MOL8kKCOYcqTJCD","workflowName":"AI Prep Suggestion Corrected","executionId":"680","nodeType":"n8n-nodes-base.webhook","nodeName":"Webhook","nodeId":"1"}}
{"__type":"$$EventMessageConfirm","confirm":"38660373-8393-4ab6-90c7-d8fab84ee3f8","ts":"2026-08-28T11:47:17.650-04:00","source":{"id":"0","name":"eventBus"}}
{"__type":"$$EventMessageNode","id":"8f4448f4-1c75-4048-82e1-413fcf0dfbe9","ts":"2026-08-28T11:47:17.650-04:00","eventName":"n8n.node.started","message":"n8n.node.started","payload":{"workflowId":"5MOL8kKCOYcqTJCD","workflowName":"AI Prep Suggestion Corrected","executionId":"680","nodeType":"n8n-nodes-base.function","nodeName":"Function","nodeId":"2"}}
{"__type":"$$EventMessageConfirm","confirm":"8f4448f4-1c75-4048-82e1-413fcf0dfbe9","ts":"2026-08-28T11:47:17.650-04:00","source":{"id":"0","name":"eventBus"}}
{"__type":"$$EventMessageNode","id":"e4fe04c7-ca81-4a82-87af-f2f9a424e6b1","ts":"2026-08-28T11:47:17.653-04:00","eventName":"n8n.node.finished","message":"n8n.node.finished","payload":{"workflowId":"5MOL8kKCOYcqTJCD","workflowName":"AI Prep Suggestion Corrected","executionId":"680","nodeType":"n8n-nodes-base.function","nodeName":"Function","nodeId":"2"}}
{"__type":"$$EventMessageConfirm","confirm":"e4fe04c7-ca81-4a82-87af-f2f9a424e6b1","ts":"2026-08-28T11:47:17.653-04:00","source":{"id":"0","name":"eventBus"}}
{"__type":"$$EventMessageWorkflow","id":"cb231ea9-3973-47bd-8762-c1d4ad611eee","ts":"2026-08-28T11:47:17.654-04:00","eventName":"n8n.workflow.success","message":"n8n.workflow.success","payload":{"executionId":"680","success":true,"isManual":false,"mode":"webhook","workflowId":"5MOL8kKCOYcqTJCD","workflowName":"AI Prep Suggestion Corrected","projectId":"f9jtqSpqgxocA0Fw","projectName":"artemii borisov22 <artemii.borisov22@icloud.com>"}}
{"__type":"$$EventMessageConfirm","confirm":"cb231ea9-3973-47bd-8762-c1d4ad611eee","ts":"2026-08-28T11:47:17.654-04:00","source":{"id":"0","name":"eventBus"}}
{"__type":"$$EventMessageAudit","id":"9cfe6e4e-8ce9-443a-953c-1e6849a410bb","ts":"2026-08-28T11:47:17.671-04:00","eventName":"n8n.audit.workflow.executed","message":"n8n.audit.workflow.executed","payload":{"workflowId":"5MOL8kKCOYcqTJCD","workflowName":"AI Prep Suggestion Corrected","executionId":"681","projectId":"f9jtqSpqgxocA0Fw","projectName":"artemii borisov22 <artemii.borisov22@icloud.com>","source":"webhook"}}
{"__type":"$$EventMessageConfirm","confirm":"9cfe6e4e-8ce9-443a-953c-1e6849a410bb","ts":"2026-08-28T11:47:17.671-04:00","source":{"id":"0","name":"eventBus"}}
{"__type":"$$EventMessageWorkflow","id":"ccebb397-38ce-4c6d-9241-a1e1a1cd22b1","ts":"2026-08-28T11:47:17.699-04:00","eventName":"n8n.workflow.started","message":"n8n.workflow.started","payload":{"executionId":"681","workflowId":"5MOL8kKCOYcqTJCD","isManual":false,"mode":"webhook","workflowName":"AI Prep Suggestion Corrected","projectId":"f9jtqSpqgxocA0Fw","projectName":"artemii borisov22 <artemii.borisov22@icloud.com>"}}
{"__type":"$$EventMessageConfirm","confirm":"ccebb397-38ce-4c6d-9241-a1e1a1cd22b1","ts":"2026-08-28T11:47:17.699-04:00","source":{"id":"0","name":"eventBus"}}
{"__type":"$$EventMessageNode","id":"fdfd238f-528f-4b49-9683-70f368ff99c1","ts":"2026-08-28T11:47:17.699-04:00","eventName":"n8n.node.started","message":"n8n.node.started","payload":{"workflowId":"5MOL8kKCOYcqTJCD","workflowName":"AI Prep Suggestion Corrected","executionId":"681","nodeType":"n8n-nodes-base.webhook","nodeName":"Webhook","nodeId":"1"}}
{"__type":"$$EventMessageConfirm","confirm":"fdfd238f-528f-4b49-9683-70f368ff99c1","ts":"2026-08-28T11:47:17.699-04:00","source":{"id":"0","name":"eventBus"}}
{"__type":"$$EventMessageNode","id":"24ebd63f-d5f9-45e4-82a5-aa510da96bc5","ts":"2026-08-28T11:47:17.699-04:00","eventName":"n8n.node.finished","message":"n8n.node.finished","payload":{"workflowId":"5MOL8kKCOYcqTJCD","workflowName":"AI Prep Suggestion Corrected","executionId":"681","nodeType":"n8n-nodes-base.webhook","nodeName":"Webhook","nodeId":"1"}}
{"__type":"$$EventMessageConfirm","confirm":"24ebd63f-d5f9-45e4-82a5-aa510da96bc5","ts":"2026-08-28T11:47:17.699-04:00","source":{"id":"0","name":"eventBus"}}
{"__type":"$$EventMessageNode","id":"f49aba1e-efa3-4ce9-87af-2a5fe0d83ac8","ts":"2026-08-28T11:47:17.699-04:00","eventName":"n8n.node.started","message":"n8n.node.started","payload":{"workflowId":"5MOL8kKCOYcqTJCD","workflowName":"AI Prep Suggestion Corrected","executionId":"681","nodeType":"n8n-nodes-base.function","nodeName":"Function","nodeId":"2"}}
{"__type":"$$EventMessageConfirm","confirm":"f49aba1e-efa3-4ce9-87af-2a5fe0d83ac8","ts":"2026-08-28T11:47:17.699-04:00","source":{"id":"0","name":"eventBus"}}
{"__type":"$$EventMessageNode","id":"e43f50f5-931d-407d-bb90-9f47735efb7d","ts":"2026-08-28T11:47:17.702-04:00","eventName":"n8n.node.finished","message":"n8n.node.finished","payload":{"workflowId":"5MOL8kKCOYcqTJCD","workflowName":"AI Prep Suggestion Corrected","executionId":"681","nodeType":"n8n-nodes-base.function","nodeName":"Function","nodeId":"2"}}
{"__type":"$$EventMessageConfirm","confirm":"e43f50f5-931d-407d-bb90-9f47735efb7d","ts":"2026-08-28T11:47:17.702-04:00","source":{"id":"0","name":"eventBus"}}
{"__type":"$$EventMessageWorkflow","id":"4cff48ea-8abc-4cd9-9ec6-c306d8f177be","ts":"2026-08-28T11:47:17.702-04:00","eventName":"n8n.workflow.success","message":"n8n.workflow.success","payload":{"executionId":"681","success":true,"isManual":false,"mode":"webhook","workflowId":"5MOL8kKCOYcqTJCD","workflowName":"AI Prep Suggestion Corrected","projectId":"f9jtqSpqgxocA0Fw","projectName":"artemii borisov22 <artemii.borisov22@icloud.com>"}}
{"__type":"$$EventMessageConfirm","confirm":"4cff48ea-8abc-4cd9-9ec6-c306d8f177be","ts":"2026-08-28T11:47:17.702-04:00","source":{"id":"0","name":"eventBus"}}
{"__type":"$$EventMessageAudit","id":"1e6c54eb-f80f-434d-9a24-6c5c6b70824c","ts":"2026-08-28T11:47:17.719-04:00","eventName":"n8n.audit.workflow.executed","message":"n8n.audit.workflow.executed","payload":{"workflowId":"5MOL8kKCOYcqTJCD","workflowName":"AI Prep Suggestion Corrected","executionId":"682","projectId":"f9jtqSpqgxocA0Fw","projectName":"artemii borisov22 <artemii.borisov22@icloud.com>","source":"webhook"}}
{"__type":"$$EventMessageConfirm","confirm":"1e6c54eb-f80f-434d-9a24-6c5c6b70824c","ts":"2026-08-28T11:47:17.719-04:00","source":{"id":"0","name":"eventBus"}}
{"__type":"$$EventMessageWorkflow","id":"e0c65038-5fc5-4b43-b052-d80408864459","ts":"2026-08-28T11:47:17.747-04:00","eventName":"n8n.workflow.started","message":"n8n.workflow.started","payload":{"executionId":"682","workflowId":"5MOL8kKCOYcqTJCD","isManual":false,"mode":"webhook","workflowName":"AI Prep Suggestion Corrected","projectId":"f9jtqSpqgxocA0Fw","projectName":"artemii borisov22 <artemii.borisov22@icloud.com>"}}
{"__type":"$$EventMessageConfirm","confirm":"e0c65038-5fc5-4b43-b052-d80408864459","ts":"2026-08-28T11:47:17.747-04:00","source":{"id":"0","name":"eventBus"}}
{"__type":"$$EventMessageNode","id":"0146c20f-afb2-4118-9caf-03eba2f79ab8","ts":"2026-08-28T11:47:17.747-04:00","eventName":"n8n.node.started","message":"n8n.node.started","payload":{"workflowId":"5MOL8kKCOYcqTJCD","workflowName":"AI Prep Suggestion Corrected","executionId":"682","nodeType":"n8n-nodes-base.webhook","nodeName":"Webhook","nodeId":"1"}}
{"__type":"$$EventMessageConfirm","confirm":"0146c20f-afb2-4118-9caf-03eba2f79ab8","ts":"2026-08-28T11:47:17.747-04:00","source":{"id":"0","name":"eventBus"}}
{"__type":"$$EventMessageNode","id":"1b95b6a5-94bf-4d81-abda-dd01a7d6ec8f","ts":"2026-08-28T11:47:17.747-04:00","eventName":"n8n.node.finished","message":"n8n.node.finished","payload":{"workflowId":"5MOL8kKCOYcqTJCD","workflowName":"AI Prep Suggestion Corrected","executionId":"682","nodeType":"n8n-nodes-base.webhook","nodeName":"Webhook","nodeId":"1"}}
{"__type":"$$EventMessageConfirm","confirm":"1b95b6a5-94bf-4d81-abda-dd01a7d6ec8f","ts":"2026-08-28T11:47:17.747-04:00","source":{"id":"0","name":"eventBus"}}
{"__type":"$$EventMessageNode","id":"bc814d22-5947-4bec-9aa8-92e0b3d61d86","ts":"2026-08-28T11:47:17.747-04:00","eventName":"n8n.node.started","message":"n8n.node.started","payload":{"workflowId":"5MOL8kKCOYcqTJCD","workflowName":"AI Prep Suggestion Corrected","executionId":"682","nodeType":"n8n-nodes-base.function","nodeName":"Function","nodeId":"2"}}
{"__type":"$$EventMessageConfirm","confirm":"bc814d22-5947-4bec-9aa8-92e0b3d61d86","ts":"2026-08-28T11:47:17.747-04:00","source":{"id":"0","name":"eventBus"}}
{"__type":"$$EventMessageNode","id":"315459e1-6b89-4a7e-975d-2359392b2326","ts":"2026-08-28T11:47:17.751-04:00","eventName":"n8n.node.finished","message":"n8n.node.finished","payload":{"workflowId":"5MOL8kKCOYcqTJCD","workflowName":"AI Prep Suggestion Corrected","executionId":"682","nodeType":"n8n-nodes-base.function","nodeName":"Function","nodeId":"2"}}
{"__type":"$$EventMessageConfirm","confirm":"315459e1-6b89-4a7e-975d-2359392b2326","ts":"2026-08-28T11:47:17.751-04:00","source":{"id":"0","name":"eventBus"}}
{"__type":"$$EventMessageWorkflow","id":"d619da8f-f8e0-40e5-851a-b2c95c626493","ts":"2026-08-28T11:47:17.751-04:00","eventName":"n8n.workflow.success","message":"n8n.workflow.success","payload":{"executionId":"682","success":true,"isManual":false,"mode":"webhook","workflowId":"5MOL8kKCOYcqTJCD","workflowName":"AI Prep Suggestion Corrected","projectId":"f9jtqSpqgxocA0Fw","projectName":"artemii borisov22 <artemii.borisov22@icloud.com>"}}
{"__type":"$$EventMessageConfirm","confirm":"d619da8f-f8e0-40e5-851a-b2c95c626493","ts":"2026-08-28T11:47:17.751-04:00","source":{"id":"0","name":"eventBus"}}
{"__type":"$$EventMessageAudit","id":"3f801c6b-f0ec-4f18-b0e5-700c873c33a6","ts":"2026-08-28T11:47:17.783-04:00","eventName":"n8n.audit.workflow.executed","message":"n8n.audit.workflow.executed","payload":{"workflowId":"5MOL8kKCOYcqTJCD","workflowName":"AI Prep Suggestion Corrected","executionId":"683","projectId":"f9jtqSpqgxocA0Fw","projectName":"artemii borisov22 <artemii.borisov22@icloud.com>","source":"webhook"}}
{"__type":"$$EventMessageConfirm","confirm":"3f801c6b-f0ec-4f18-b0e5-700c873c33a6","ts":"2026-08-28T11:47:17.783-04:00","source":{"id":"0","name":"eventBus"}}
{"__type":"$$EventMessageWorkflow","id":"022595d6-e0d5-436e-975d-81f2915268df","ts":"2026-08-28T11:47:17.814-04:00","eventName":"n8n.workflow.started","message":"n8n.workflow.started","payload":{"executionId":"683","workflowId":"5MOL8kKCOYcqTJCD","isManual":false,"mode":"webhook","workflowName":"AI Prep Suggestion Corrected","projectId":"f9jtqSpqgxocA0Fw","projectName":"artemii borisov22 <artemii.borisov22@icloud.com>"}}
{"__type":"$$EventMessageConfirm","confirm":"022595d6-e0d5-436e-975d-81f2915268df","ts":"2026-08-28T11:47:17.814-04:00","source":{"id":"0","name":"eventBus"}}
{"__type":"$$EventMessageNode","id":"4a1c5e50-80e7-4dcb-a1c5-910a3133b73b","ts":"2026-08-28T11:47:17.814-04:00","eventName":"n8n.node.started","message":"n8n.node.started","payload":{"workflowId":"5MOL8kKCOYcqTJCD","workflowName":"AI Prep Suggestion Corrected","executionId":"683","nodeType":"n8n-nodes-base.webhook","nodeName":"Webhook","nodeId":"1"}}
{"__type":"$$EventMessageConfirm","confirm":"4a1c5e50-80e7-4dcb-a1c5-910a3133b73b","ts":"2026-08-28T11:47:17.814-04:00","source":{"id":"0","name":"eventBus"}}
{"__type":"$$EventMessageNode","id":"18b2b49c-6db1-4029-a689-7f70e2dc2541","ts":"2026-08-28T11:47:17.814-04:00","eventName":"n8n.node.finished","message":"n8n.node.finished","payload":{"workflowId":"5MOL8kKCOYcqTJCD","workflowName":"AI Prep Suggestion Corrected","executionId":"683","nodeType":"n8n-nodes-base.webhook","nodeName":"Webhook","nodeId":"1"}}
{"__type":"$$EventMessageConfirm","confirm":"18b2b49c-6db1-4029-a689-7f70e2dc2541","ts":"2026-08-28T11:47:17.814-04:00","source":{"id":"0","name":"eventBus"}}
{"__type":"$$EventMessageNode","id":"9253db28-0723-42fd-b2d9-7e9eb1ebd8a8","ts":"2026-08-28T11:47:17.814-04:00","eventName":"n8n.node.started","message":"n8n.node.started","payload":{"workflowId":"5MOL8kKCOYcqTJCD","workflowName":"AI Prep Suggestion Corrected","executionId":"683","nodeType":"n8n-nodes-base.function","nodeName":"Function","nodeId":"2"}}
{"__type":"$$EventMessageConfirm","confirm":"9253db28-0723-42fd-b2d9-7e9eb1ebd8a8","ts":"2026-08-28T11:47:17.814-04:00","source":{"id":"0","name":"eventBus"}}
{"__type":"$$EventMessageNode","id":"654554a4-17bc-4cb3-a561-b71ccee3585b","ts":"2026-08-28T11:47:17.819-04:00","eventName":"n8n.node.finished","message":"n8n.node.finished","payload":{"workflowId":"5MOL8kKCOYcqTJCD","workflowName":"AI Prep Suggestion Corrected","executionId":"683","nodeType":"n8n-nodes-base.function","nodeName":"Function","nodeId":"2"}}
{"__type":"$$EventMessageConfirm","confirm":"654554a4-17bc-4cb3-a561-b71ccee3585b","ts":"2026-08-28T11:47:17.819-04:00","source":{"id":"0","name":"eventBus"}}
{"__type":"$$EventMessageWorkflow","id":"92513f15-42f9-488b-b4bf-831dfcd79b70","ts":"2026-08-28T11:47:17.819-04:00","eventName":"n8n.workflow.success","message":"n8n.workflow.success","payload":{"executionId":"683","success":true,"isManual":false,"mode":"webhook","workflowId":"5MOL8kKCOYcqTJCD","workflowName":"AI Prep Suggestion Corrected","projectId":"f9jtqSpqgxocA0Fw","projectName":"artemii borisov22 <artemii.borisov22@icloud.com>"}}
{"__type":"$$EventMessageConfirm","confirm":"92513f15-42f9-488b-b4bf-831dfcd79b70","ts":"2026-08-28T11:47:17.819-04:00","source":{"id":"0","name":"eventBus"}}
{"__type":"$$EventMessageAudit","id":"f85cfdbf-ddb7-4483-9496-fc601457a775","ts":"2026-08-28T11:47:17.877-04:00","eventName":"n8n.audit.workflow.executed","message":"n8n.audit.workflow.executed","payload":{"workflowId":"5MOL8kKCOYcqTJCD","workflowName":"AI Prep Suggestion Corrected","executionId":"684","projectId":"f9jtqSpqgxocA0Fw","projectName":"artemii borisov22 <artemii.borisov22@icloud.com>","source":"webhook"}}
{"__type":"$$EventMessageConfirm","confirm":"f85cfdbf-ddb7-4483-9496-fc601457a775","ts":"2026-08-28T11:47:17.877-04:00","source":{"id":"0","name":"eventBus"}}
{"__type":"$$EventMessageWorkflow","id":"69a0806c-4ac1-4bb1-82ff-026573bfd45f","ts":"2026-08-28T11:47:17.923-04:00","eventName":"n8n.workflow.started","message":"n8n.workflow.started","payload":{"executionId":"684","workflowId":"5MOL8kKCOYcqTJCD","isManual":false,"mode":"webhook","workflowName":"AI Prep Suggestion Corrected","projectId":"f9jtqSpqgxocA0Fw","projectName":"artemii borisov22 <artemii.borisov22@icloud.com>"}}
{"__type":"$$EventMessageConfirm","confirm":"69a0806c-4ac1-4bb1-82ff-026573bfd45f","ts":"2026-08-28T11:47:17.923-04:00","source":{"id":"0","name":"eventBus"}}
{"__type":"$$EventMessageNode","id":"051f3025-292c-4bdd-a641-b803f8443b41","ts":"2026-08-28T11:47:17.923-04:00","eventName":"n8n.node.started","message":"n8n.node.started","payload":{"workflowId":"5MOL8kKCOYcqTJCD","workflowName":"AI Prep Suggestion Corrected","executionId":"684","nodeType":"n8n-nodes-base.webhook","nodeName":"Webhook","nodeId":"1"}}
{"__type":"$$EventMessageConfirm","confirm":"051f3025-292c-4bdd-a641-b803f8443b41","ts":"2026-08-28T11:47:17.923-04:00","source":{"id":"0","name":"eventBus"}}
{"__type":"$$EventMessageNode","id":"a5edaf67-c333-4704-b3a7-87523faf6c28","ts":"2026-08-28T11:47:17.923-04:00","eventName":"n8n.node.finished","message":"n8n.node.finished","payload":{"workflowId":"5MOL8kKCOYcqTJCD","workflowName":"AI Prep Suggestion Corrected","executionId":"684","nodeType":"n8n-nodes-base.webhook","nodeName":"Webhook","nodeId":"1"}}
{"__type":"$$EventMessageConfirm","confirm":"a5edaf67-c333-4704-b3a7-87523faf6c28","ts":"2026-08-28T11:47:17.923-04:00","source":{"id":"0","name":"eventBus"}}
{"__type":"$$EventMessageNode","id":"d4a24bb7-95da-404d-a84b-a00fe153395f","ts":"2026-08-28T11:47:17.923-04:00","eventName":"n8n.node.started","message":"n8n.node.started","payload":{"workflowId":"5MOL8kKCOYcqTJCD","workflowName":"AI Prep Suggestion Corrected","executionId":"684","nodeType":"n8n-nodes-base.function","nodeName":"Function","nodeId":"2"}}
{"__type":"$$EventMessageConfirm","confirm":"d4a24bb7-95da-404d-a84b-a00fe153395f","ts":"2026-08-28T11:47:17.923-04:00","source":{"id":"0","name":"eventBus"}}
{"__type":"$$EventMessageNode","id":"2ea1820c-7e8c-4e78-9b00-e918257aa707","ts":"2026-08-28T11:47:17.928-04:00","eventName":"n8n.node.finished","message":"n8n.node.finished","payload":{"workflowId":"5MOL8kKCOYcqTJCD","workflowName":"AI Prep Suggestion Corrected","executionId":"684","nodeType":"n8n-nodes-base.function","nodeName":"Function","nodeId":"2"}}
{"__type":"$$EventMessageConfirm","confirm":"2ea1820c-7e8c-4e78-9b00-e918257aa707","ts":"2026-08-28T11:47:17.928-04:00","source":{"id":"0","name":"eventBus"}}
{"__type":"$$EventMessageWorkflow","id":"124e56cc-5615-468e-8d20-0dbcb0abfed5","ts":"2026-08-28T11:47:17.928-04:00","eventName":"n8n.workflow.success","message":"n8n.workflow.success","payload":{"executionId":"684","success":true,"isManual":false,"mode":"webhook","workflowId":"5MOL8kKCOYcqTJCD","workflowName":"AI Prep Suggestion Corrected","projectId":"f9jtqSpqgxocA0Fw","projectName":"artemii borisov22 <artemii.borisov22@icloud.com>"}}
{"__type":"$$EventMessageConfirm","confirm":"124e56cc-5615-468e-8d20-0dbcb0abfed5","ts":"2026-08-28T11:47:17.928-04:00","source":{"id":"0","name":"eventBus"}}
{"__type":"$$EventMessageAudit","id":"72276b27-c6ad-42f8-b692-34eac87a5fe9","ts":"2026-08-28T11:47:17.947-04:00","eventName":"n8n.audit.workflow.executed","message":"n8n.audit.workflow.executed","payload":{"workflowId":"5MOL8kKCOYcqTJCD","workflowName":"AI Prep Suggestion Corrected","executionId":"685","projectId":"f9jtqSpqgxocA0Fw","projectName":"artemii borisov22 <artemii.borisov22@icloud.com>","source":"webhook"}}
{"__type":"$$EventMessageConfirm","confirm":"72276b27-c6ad-42f8-b692-34eac87a5fe9","ts":"2026-08-28T11:47:17.947-04:00","source":{"id":"0","name":"eventBus"}}
{"__type":"$$EventMessageWorkflow","id":"93e5b2e3-a84a-4936-a739-c25460b78d04","ts":"2026-08-28T11:47:17.974-04:00","eventName":"n8n.workflow.started","message":"n8n.workflow.started","payload":{"executionId":"685","workflowId":"5MOL8kKCOYcqTJCD","isManual":false,"mode":"webhook","workflowName":"AI Prep Suggestion Corrected","projectId":"f9jtqSpqgxocA0Fw","projectName":"artemii borisov22 <artemii.borisov22@icloud.com>"}}
{"__type":"$$EventMessageConfirm","confirm":"93e5b2e3-a84a-4936-a739-c25460b78d04","ts":"2026-08-28T11:47:17.974-04:00","source":{"id":"0","name":"eventBus"}}
{"__type":"$$EventMessageNode","id":"4837d58a-fc60-4841-8bc8-a645f9fd3cde","ts":"2026-08-28T11:47:17.974-04:00","eventName":"n8n.node.started","message":"n8n.node.started","payload":{"workflowId":"5MOL8kKCOYcqTJCD","workflowName":"AI Prep Suggestion Corrected","executionId":"685","nodeType":"n8n-nodes-base.webhook","nodeName":"Webhook","nodeId":"1"}}
{"__type":"$$EventMessageConfirm","confirm":"4837d58a-fc60-4841-8bc8-a645f9fd3cde","ts":"2026-08-28T11:47:17.974-04:00","source":{"id":"0","name":"eventBus"}}
{"__type":"$$EventMessageNode","id":"4bf28f54-6cf7-4078-a7f6-96a7dc7ec7f3","ts":"2026-08-28T11:47:17.974-04:00","eventName":"n8n.node.finished","message":"n8n.node.finished","payload":{"workflowId":"5MOL8kKCOYcqTJCD","workflowName":"AI Prep Suggestion Corrected","executionId":"685","nodeType":"n8n-nodes-base.webhook","nodeName":"Webhook","nodeId":"1"}}
{"__type":"$$EventMessageConfirm","confirm":"4bf28f54-6cf7-4078-a7f6-96a7dc7ec7f3","ts":"2026-08-28T11:47:17.974-04:00","source":{"id":"0","name":"eventBus"}}
{"__type":"$$EventMessageNode","id":"bf1d8e9f-b5a0-46f0-a1bf-20cce5872499","ts":"2026-08-28T11:47:17.974-04:00","eventName":"n8n.node.started","message":"n8n.node.started","payload":{"workflowId":"5MOL8kKCOYcqTJCD","workflowName":"AI Prep Suggestion Corrected","executionId":"685","nodeType":"n8n-nodes-base.function","nodeName":"Function","nodeId":"2"}}
{"__type":"$$EventMessageConfirm","confirm":"bf1d8e9f-b5a0-46f0-a1bf-20cce5872499","ts":"2026-08-28T11:47:17.974-04:00","source":{"id":"0","name":"eventBus"}}
{"__type":"$$EventMessageNode","id":"f1fbb4f3-2709-4012-b77c-df0c824d189f","ts":"2026-08-28T11:47:17.977-04:00","eventName":"n8n.node.finished","message":"n8n.node.finished","payload":{"workflowId":"5MOL8kKCOYcqTJCD","workflowName":"AI Prep Suggestion Corrected","executionId":"685","nodeType":"n8n-nodes-base.function","nodeName":"Function","nodeId":"2"}}
{"__type":"$$EventMessageConfirm","confirm":"f1fbb4f3-2709-4012-b77c-df0c824d189f","ts":"2026-08-28T11:47:17.977-04:00","source":{"id":"0","name":"eventBus"}}
{"__type":"$$EventMessageWorkflow","id":"8c72baf7-eb0a-43ce-8a83-2495445f061f","ts":"2026-08-28T11:47:17.977-04:00","eventName":"n8n.workflow.success","message":"n8n.workflow.success","payload":{"executionId":"685","success":true,"isManual":false,"mode":"webhook","workflowId":"5MOL8kKCOYcqTJCD","workflowName":"AI Prep Suggestion Corrected","projectId":"f9jtqSpqgxocA0Fw","projectName":"artemii borisov22 <artemii.borisov22@icloud.com>"}}
{"__type":"$$EventMessageConfirm","confirm":"8c72baf7-eb0a-43ce-8a83-2495445f061f","ts":"2026-08-28T11:47:17.977-04:00","source":{"id":"0","name":"eventBus"}}
{"__type":"$$EventMessageAudit","id":"66805bc2-06bb-4d54-b8aa-9ec938df2e9a","ts":"2026-08-28T11:47:17.993-04:00","eventName":"n8n.audit.workflow.executed","message":"n8n.audit.workflow.executed","payload":{"workflowId":"5MOL8kKCOYcqTJCD","workflowName":"AI Prep Suggestion Corrected","executionId":"686","projectId":"f9jtqSpqgxocA0Fw","projectName":"artemii borisov22 <artemii.borisov22@icloud.com>","source":"webhook"}}
{"__type":"$$EventMessageConfirm","confirm":"66805bc2-06bb-4d54-b8aa-9ec938df2e9a","ts":"2026-08-28T11:47:17.993-04:00","source":{"id":"0","name":"eventBus"}}
{"__type":"$$EventMessageWorkflow","id":"9e9c36b8-b355-4cf1-83e1-f51f3ec966c7","ts":"2026-08-28T11:47:18.021-04:00","eventName":"n8n.workflow.started","message":"n8n.workflow.started","payload":{"executionId":"686","workflowId":"5MOL8kKCOYcqTJCD","isManual":false,"mode":"webhook","workflowName":"AI Prep Suggestion Corrected","projectId":"f9jtqSpqgxocA0Fw","projectName":"artemii borisov22 <artemii.borisov22@icloud.com>"}}
{"__type":"$$EventMessageConfirm","confirm":"9e9c36b8-b355-4cf1-83e1-f51f3ec966c7","ts":"2026-08-28T11:47:18.021-04:00","source":{"id":"0","name":"eventBus"}}
{"__type":"$$EventMessageNode","id":"6b52ae97-8aa7-4baa-a98d-06f6e3738eab","ts":"2026-08-28T11:47:18.021-04:00","eventName":"n8n.node.started","message":"n8n.node.started","payload":{"workflowId":"5MOL8kKCOYcqTJCD","workflowName":"AI Prep Suggestion Corrected","executionId":"686","nodeType":"n8n-nodes-base.webhook","nodeName":"Webhook","nodeId":"1"}}
{"__type":"$$EventMessageConfirm","confirm":"6b52ae97-8aa7-4baa-a98d-06f6e3738eab","ts":"2026-08-28T11:47:18.021-04:00","source":{"id":"0","name":"eventBus"}}
{"__type":"$$EventMessageNode","id":"02b0344b-f1c7-4e6f-ba58-b851895c388c","ts":"2026-08-28T11:47:18.021-04:00","eventName":"n8n.node.finished","message":"n8n.node.finished","payload":{"workflowId":"5MOL8kKCOYcqTJCD","workflowName":"AI Prep Suggestion Corrected","executionId":"686","nodeType":"n8n-nodes-base.webhook","nodeName":"Webhook","nodeId":"1"}}
{"__type":"$$EventMessageConfirm","confirm":"02b0344b-f1c7-4e6f-ba58-b851895c388c","ts":"2026-08-28T11:47:18.021-04:00","source":{"id":"0","name":"eventBus"}}
{"__type":"$$EventMessageNode","id":"d10ab1d8-14b4-43d2-8d1d-06fc303fcf57","ts":"2026-08-28T11:47:18.021-04:00","eventName":"n8n.node.started","message":"n8n.node.started","payload":{"workflowId":"5MOL8kKCOYcqTJCD","workflowName":"AI Prep Suggestion Corrected","executionId":"686","nodeType":"n8n-nodes-base.function","nodeName":"Function","nodeId":"2"}}
{"__type":"$$EventMessageConfirm","confirm":"d10ab1d8-14b4-43d2-8d1d-06fc303fcf57","ts":"2026-08-28T11:47:18.021-04:00","source":{"id":"0","name":"eventBus"}}
{"__type":"$$EventMessageNode","id":"facd9191-ad5b-4bdb-81ff-65b114713374","ts":"2026-08-28T11:47:18.024-04:00","eventName":"n8n.node.finished","message":"n8n.node.finished","payload":{"workflowId":"5MOL8kKCOYcqTJCD","workflowName":"AI Prep Suggestion Corrected","executionId":"686","nodeType":"n8n-nodes-base.function","nodeName":"Function","nodeId":"2"}}
{"__type":"$$EventMessageConfirm","confirm":"facd9191-ad5b-4bdb-81ff-65b114713374","ts":"2026-08-28T11:47:18.024-04:00","source":{"id":"0","name":"eventBus"}}
{"__type":"$$EventMessageWorkflow","id":"d5a179c7-9df7-420c-a5a8-1473b22f3cbf","ts":"2026-08-28T11:47:18.024-04:00","eventName":"n8n.workflow.success","message":"n8n.workflow.success","payload":{"executionId":"686","success":true,"isManual":false,"mode":"webhook","workflowId":"5MOL8kKCOYcqTJCD","workflowName":"AI Prep Suggestion Corrected","projectId":"f9jtqSpqgxocA0Fw","projectName":"artemii borisov22 <artemii.borisov22@icloud.com>"}}
{"__type":"$$EventMessageConfirm","confirm":"d5a179c7-9df7-420c-a5a8-1473b22f3cbf","ts":"2026-08-28T11:47:18.024-04:00","source":{"id":"0","name":"eventBus"}}
{"__type":"$$EventMessageAudit","id":"f351c584-29a6-422f-a8d7-4fae9da213e8","ts":"2026-08-28T11:47:18.040-04:00","eventName":"n8n.audit.workflow.executed","message":"n8n.audit.workflow.executed","payload":{"workflowId":"5MOL8kKCOYcqTJCD","workflowName":"AI Prep Suggestion Corrected","executionId":"687","projectId":"f9jtqSpqgxocA0Fw","projectName":"artemii borisov22 <artemii.borisov22@icloud.com>","source":"webhook"}}
{"__type":"$$EventMessageConfirm","confirm":"f351c584-29a6-422f-a8d7-4fae9da213e8","ts":"2026-08-28T11:47:18.040-04:00","source":{"id":"0","name":"eventBus"}}
{"__type":"$$EventMessageWorkflow","id":"0d0a1312-f641-4dfb-a7c4-516724170df7","ts":"2026-08-28T11:47:18.069-04:00","eventName":"n8n.workflow.started","message":"n8n.workflow.started","payload":{"executionId":"687","workflowId":"5MOL8kKCOYcqTJCD","isManual":false,"mode":"webhook","workflowName":"AI Prep Suggestion Corrected","projectId":"f9jtqSpqgxocA0Fw","projectName":"artemii borisov22 <artemii.borisov22@icloud.com>"}}
{"__type":"$$EventMessageConfirm","confirm":"0d0a1312-f641-4dfb-a7c4-516724170df7","ts":"2026-08-28T11:47:18.069-04:00","source":{"id":"0","name":"eventBus"}}
{"__type":"$$EventMessageNode","id":"47383480-7f59-4ce4-9b9d-286f3fee8ef5","ts":"2026-08-28T11:47:18.069-04:00","eventName":"n8n.node.started","message":"n8n.node.started","payload":{"workflowId":"5MOL8kKCOYcqTJCD","workflowName":"AI Prep Suggestion Corrected","executionId":"687","nodeType":"n8n-nodes-base.webhook","nodeName":"Webhook","nodeId":"1"}}
{"__type":"$$EventMessageConfirm","confirm":"47383480-7f59-4ce4-9b9d-286f3fee8ef5","ts":"2026-08-28T11:47:18.069-04:00","source":{"id":"0","name":"eventBus"}}
{"__type":"$$EventMessageNode","id":"5df7d0e9-f1a8-4865-a51c-eed2429df8d6","ts":"2026-08-28T11:47:18.069-04:00","eventName":"n8n.node.finished","message":"n8n.node.finished","payload":{"workflowId":"5MOL8kKCOYcqTJCD","workflowName":"AI Prep Suggestion Corrected","executionId":"687","nodeType":"n8n-nodes-base.webhook","nodeName":"Webhook","nodeId":"1"}}
{"__type":"$$EventMessageConfirm","confirm":"5df7d0e9-f1a8-4865-a51c-eed2429df8d6","ts":"2026-08-28T11:47:18.069-04:00","source":{"id":"0","name":"eventBus"}}
{"__type":"$$EventMessageNode","id":"bf860fb0-f6de-43f8-92f8-939a6d287c60","ts":"2026-08-28T11:47:18.069-04:00","eventName":"n8n.node.started","message":"n8n.node.started","payload":{"workflowId":"5MOL8kKCOYcqTJCD","workflowName":"AI Prep Suggestion Corrected","executionId":"687","nodeType":"n8n-nodes-base.function","nodeName":"Function","nodeId":"2"}}
{"__type":"$$EventMessageConfirm","confirm":"bf860fb0-f6de-43f8-92f8-939a6d287c60","ts":"2026-08-28T11:47:18.069-04:00","source":{"id":"0","name":"eventBus"}}
{"__type":"$$EventMessageNode","id":"5a4392d6-a7a2-4047-9d0f-fe232edc1a11","ts":"2026-08-28T11:47:18.073-04:00","eventName":"n8n.node.finished","message":"n8n.node.finished","payload":{"workflowId":"5MOL8kKCOYcqTJCD","workflowName":"AI Prep Suggestion Corrected","executionId":"687","nodeType":"n8n-nodes-base.function","nodeName":"Function","nodeId":"2"}}
{"__type":"$$EventMessageConfirm","confirm":"5a4392d6-a7a2-4047-9d0f-fe232edc1a11","ts":"2026-08-28T11:47:18.073-04:00","source":{"id":"0","name":"eventBus"}}
{"__type":"$$EventMessageWorkflow","id":"2247a28c-5aa0-42db-ae68-8f0ecf588ba4","ts":"2026-08-28T11:47:18.073-04:00","eventName":"n8n.workflow.success","message":"n8n.workflow.success","payload":{"executionId":"687","success":true,"isManual":false,"mode":"webhook","workflowId":"5MOL8kKCOYcqTJCD","workflowName":"AI Prep Suggestion Corrected","projectId":"f9jtqSpqgxocA0Fw","projectName":"artemii borisov22 <artemii.borisov22@icloud.com>"}}
{"__type":"$$EventMessageConfirm","confirm":"2247a28c-5aa0-42db-ae68-8f0ecf588ba4","ts":"2026-08-28T11:47:18.073-04:00","source":{"id":"0","name":"eventBus"}}
{"__type":"$$EventMessageAudit","id":"000d5739-927e-4add-97c2-70014f97a65e","ts":"2026-08-28T11:47:18.094-04:00","eventName":"n8n.audit.workflow.executed","message":"n8n.audit.workflow.executed","payload":{"workflowId":"5MOL8kKCOYcqTJCD","workflowName":"AI Prep Suggestion Corrected","executionId":"688","projectId":"f9jtqSpqgxocA0Fw","projectName":"artemii borisov22 <artemii.borisov22@icloud.com>","source":"webhook"}}
{"__type":"$$EventMessageConfirm","confirm":"000d5739-927e-4add-97c2-70014f97a65e","ts":"2026-08-28T11:47:18.094-04:00","source":{"id":"0","name":"eventBus"}}
{"__type":"$$EventMessageWorkflow","id":"d1c7d6d4-cd03-41e1-8a4d-d8fbfa99cca3","ts":"2026-08-28T11:47:18.122-04:00","eventName":"n8n.workflow.started","message":"n8n.workflow.started","payload":{"executionId":"688","workflowId":"5MOL8kKCOYcqTJCD","isManual":false,"mode":"webhook","workflowName":"AI Prep Suggestion Corrected","projectId":"f9jtqSpqgxocA0Fw","projectName":"artemii borisov22 <artemii.borisov22@icloud.com>"}}
{"__type":"$$EventMessageConfirm","confirm":"d1c7d6d4-cd03-41e1-8a4d-d8fbfa99cca3","ts":"2026-08-28T11:47:18.123-04:00","source":{"id":"0","name":"eventBus"}}
{"__type":"$$EventMessageNode","id":"78aaea66-a93e-4ca6-8fa2-f5be62391a3d","ts":"2026-08-28T11:47:18.123-04:00","eventName":"n8n.node.started","message":"n8n.node.started","payload":{"workflowId":"5MOL8kKCOYcqTJCD","workflowName":"AI Prep Suggestion Corrected","executionId":"688","nodeType":"n8n-nodes-base.webhook","nodeName":"Webhook","nodeId":"1"}}
{"__type":"$$EventMessageConfirm","confirm":"78aaea66-a93e-4ca6-8fa2-f5be62391a3d","ts":"2026-08-28T11:47:18.123-04:00","source":{"id":"0","name":"eventBus"}}
{"__type":"$$EventMessageNode","id":"91493d9b-3e90-4a03-b216-570b2806ae76","ts":"2026-08-28T11:47:18.123-04:00","eventName":"n8n.node.finished","message":"n8n.node.finished","payload":{"workflowId":"5MOL8kKCOYcqTJCD","workflowName":"AI Prep Suggestion Corrected","executionId":"688","nodeType":"n8n-nodes-base.webhook","nodeName":"Webhook","nodeId":"1"}}
{"__type":"$$EventMessageConfirm","confirm":"91493d9b-3e90-4a03-b216-570b2806ae76","ts":"2026-08-28T11:47:18.123-04:00","source":{"id":"0","name":"eventBus"}}
{"__type":"$$EventMessageNode","id":"0cdd3a50-80fc-4424-80fa-7b052e7bdfc7","ts":"2026-08-28T11:47:18.123-04:00","eventName":"n8n.node.started","message":"n8n.node.started","payload":{"workflowId":"5MOL8kKCOYcqTJCD","workflowName":"AI Prep Suggestion Corrected","executionId":"688","nodeType":"n8n-nodes-base.function","nodeName":"Function","nodeId":"2"}}
{"__type":"$$EventMessageConfirm","confirm":"0cdd3a50-80fc-4424-80fa-7b052e7bdfc7","ts":"2026-08-28T11:47:18.123-04:00","source":{"id":"0","name":"eventBus"}}
{"__type":"$$EventMessageNode","id":"f4377567-ef5c-4adf-ac89-54971531417b","ts":"2026-08-28T11:47:18.126-04:00","eventName":"n8n.node.finished","message":"n8n.node.finished","payload":{"workflowId":"5MOL8kKCOYcqTJCD","workflowName":"AI Prep Suggestion Corrected","executionId":"688","nodeType":"n8n-nodes-base.function","nodeName":"Function","nodeId":"2"}}
{"__type":"$$EventMessageConfirm","confirm":"f4377567-ef5c-4adf-ac89-54971531417b","ts":"2026-08-28T11:47:18.126-04:00","source":{"id":"0","name":"eventBus"}}
{"__type":"$$EventMessageWorkflow","id":"759f7068-3a4e-4b85-9897-1d4d340510b7","ts":"2026-08-28T11:47:18.126-04:00","eventName":"n8n.workflow.success","message":"n8n.workflow.success","payload":{"executionId":"688","success":true,"isManual":false,"mode":"webhook","workflowId":"5MOL8kKCOYcqTJCD","workflowName":"AI Prep Suggestion Corrected","projectId":"f9jtqSpqgxocA0Fw","projectName":"artemii borisov22 <artemii.borisov22@icloud.com>"}}
{"__type":"$$EventMessageConfirm","confirm":"759f7068-3a4e-4b85-9897-1d4d340510b7","ts":"2026-08-28T11:47:18.126-04:00","source":{"id":"0","name":"eventBus"}}
{"__type":"$$EventMessageAudit","id":"0a803603-46ee-4556-bea1-1ab15671600f","ts":"2026-08-28T11:47:18.143-04:00","eventName":"n8n.audit.workflow.executed","message":"n8n.audit.workflow.executed","payload":{"workflowId":"5MOL8kKCOYcqTJCD","workflowName":"AI Prep Suggestion Corrected","executionId":"689","projectId":"f9jtqSpqgxocA0Fw","projectName":"artemii borisov22 <artemii.borisov22@icloud.com>","source":"webhook"}}
{"__type":"$$EventMessageConfirm","confirm":"0a803603-46ee-4556-bea1-1ab15671600f","ts":"2026-08-28T11:47:18.143-04:00","source":{"id":"0","name":"eventBus"}}
{"__type":"$$EventMessageWorkflow","id":"c83f38dd-f829-4eed-bc82-e9d8bef038c4","ts":"2026-08-28T11:47:18.170-04:00","eventName":"n8n.workflow.started","message":"n8n.workflow.started","payload":{"executionId":"689","workflowId":"5MOL8kKCOYcqTJCD","isManual":false,"mode":"webhook","workflowName":"AI Prep Suggestion Corrected","projectId":"f9jtqSpqgxocA0Fw","projectName":"artemii borisov22 <artemii.borisov22@icloud.com>"}}
{"__type":"$$EventMessageConfirm","confirm":"c83f38dd-f829-4eed-bc82-e9d8bef038c4","ts":"2026-08-28T11:47:18.170-04:00","source":{"id":"0","name":"eventBus"}}
{"__type":"$$EventMessageNode","id":"4492bae9-19f1-4974-9fee-97884d472aaa","ts":"2026-08-28T11:47:18.170-04:00","eventName":"n8n.node.started","message":"n8n.node.started","payload":{"workflowId":"5MOL8kKCOYcqTJCD","workflowName":"AI Prep Suggestion Corrected","executionId":"689","nodeType":"n8n-nodes-base.webhook","nodeName":"Webhook","nodeId":"1"}}
{"__type":"$$EventMessageConfirm","confirm":"4492bae9-19f1-4974-9fee-97884d472aaa","ts":"2026-08-28T11:47:18.170-04:00","source":{"id":"0","name":"eventBus"}}
{"__type":"$$EventMessageNode","id":"7437d5e8-d914-4526-a82a-bb50732b2fc5","ts":"2026-08-28T11:47:18.170-04:00","eventName":"n8n.node.finished","message":"n8n.node.finished","payload":{"workflowId":"5MOL8kKCOYcqTJCD","workflowName":"AI Prep Suggestion Corrected","executionId":"689","nodeType":"n8n-nodes-base.webhook","nodeName":"Webhook","nodeId":"1"}}
{"__type":"$$EventMessageConfirm","confirm":"7437d5e8-d914-4526-a82a-bb50732b2fc5","ts":"2026-08-28T11:47:18.170-04:00","source":{"id":"0","name":"eventBus"}}
{"__type":"$$EventMessageNode","id":"bf75211c-b286-491c-95be-93645a8b7e52","ts":"2026-08-28T11:47:18.170-04:00","eventName":"n8n.node.started","message":"n8n.node.started","payload":{"workflowId":"5MOL8kKCOYcqTJCD","workflowName":"AI Prep Suggestion Corrected","executionId":"689","nodeType":"n8n-nodes-base.function","nodeName":"Function","nodeId":"2"}}
{"__type":"$$EventMessageConfirm","confirm":"bf75211c-b286-491c-95be-93645a8b7e52","ts":"2026-08-28T11:47:18.170-04:00","source":{"id":"0","name":"eventBus"}}
{"__type":"$$EventMessageNode","id":"a44e3f33-6821-4904-9674-319a75020fe7","ts":"2026-08-28T11:47:18.173-04:00","eventName":"n8n.node.finished","message":"n8n.node.finished","payload":{"workflowId":"5MOL8kKCOYcqTJCD","workflowName":"AI Prep Suggestion Corrected","executionId":"689","nodeType":"n8n-nodes-base.function","nodeName":"Function","nodeId":"2"}}
{"__type":"$$EventMessageConfirm","confirm":"a44e3f33-6821-4904-9674-319a75020fe7","ts":"2026-08-28T11:47:18.173-04:00","source":{"id":"0","name":"eventBus"}}
{"__type":"$$EventMessageWorkflow","id":"286d96b7-9f22-4576-bb64-ded733414a16","ts":"2026-08-28T11:47:18.173-04:00","eventName":"n8n.workflow.success","message":"n8n.workflow.success","payload":{"executionId":"689","success":true,"isManual":false,"mode":"webhook","workflowId":"5MOL8kKCOYcqTJCD","workflowName":"AI Prep Suggestion Corrected","projectId":"f9jtqSpqgxocA0Fw","projectName":"artemii borisov22 <artemii.borisov22@icloud.com>"}}
{"__type":"$$EventMessageConfirm","confirm":"286d96b7-9f22-4576-bb64-ded733414a16","ts":"2026-08-28T11:47:18.173-04:00","source":{"id":"0","name":"eventBus"}}
{"__type":"$$EventMessageAudit","id":"4ea37916-d7f6-4624-9956-69364ad0b7f8","ts":"2026-08-28T11:47:18.189-04:00","eventName":"n8n.audit.workflow.executed","message":"n8n.audit.workflow.executed","payload":{"workflowId":"5MOL8kKCOYcqTJCD","workflowName":"AI Prep Suggestion Corrected","executionId":"690","projectId":"f9jtqSpqgxocA0Fw","projectName":"artemii borisov22 <artemii.borisov22@icloud.com>","source":"webhook"}}
{"__type":"$$EventMessageConfirm","confirm":"4ea37916-d7f6-4624-9956-69364ad0b7f8","ts":"2026-08-28T11:47:18.189-04:00","source":{"id":"0","name":"eventBus"}}
{"__type":"$$EventMessageWorkflow","id":"3687426b-448d-43c5-b985-4b875b0e0731","ts":"2026-08-28T11:47:18.217-04:00","eventName":"n8n.workflow.started","message":"n8n.workflow.started","payload":{"executionId":"690","workflowId":"5MOL8kKCOYcqTJCD","isManual":false,"mode":"webhook","workflowName":"AI Prep Suggestion Corrected","projectId":"f9jtqSpqgxocA0Fw","projectName":"artemii borisov22 <artemii.borisov22@icloud.com>"}}
{"__type":"$$EventMessageConfirm","confirm":"3687426b-448d-43c5-b985-4b875b0e0731","ts":"2026-08-28T11:47:18.217-04:00","source":{"id":"0","name":"eventBus"}}
{"__type":"$$EventMessageNode","id":"40826c2c-e0a2-4c2b-a744-9909ce9142a1","ts":"2026-08-28T11:47:18.217-04:00","eventName":"n8n.node.started","message":"n8n.node.started","payload":{"workflowId":"5MOL8kKCOYcqTJCD","workflowName":"AI Prep Suggestion Corrected","executionId":"690","nodeType":"n8n-nodes-base.webhook","nodeName":"Webhook","nodeId":"1"}}
{"__type":"$$EventMessageConfirm","confirm":"40826c2c-e0a2-4c2b-a744-9909ce9142a1","ts":"2026-08-28T11:47:18.217-04:00","source":{"id":"0","name":"eventBus"}}
{"__type":"$$EventMessageNode","id":"ddd14550-2749-40bb-9013-718d005dbdb4","ts":"2026-08-28T11:47:18.217-04:00","eventName":"n8n.node.finished","message":"n8n.node.finished","payload":{"workflowId":"5MOL8kKCOYcqTJCD","workflowName":"AI Prep Suggestion Corrected","executionId":"690","nodeType":"n8n-nodes-base.webhook","nodeName":"Webhook","nodeId":"1"}}
{"__type":"$$EventMessageConfirm","confirm":"ddd14550-2749-40bb-9013-718d005dbdb4","ts":"2026-08-28T11:47:18.217-04:00","source":{"id":"0","name":"eventBus"}}
{"__type":"$$EventMessageNode","id":"73a832e6-490e-47a5-a592-775010c9139f","ts":"2026-08-28T11:47:18.217-04:00","eventName":"n8n.node.started","message":"n8n.node.started","payload":{"workflowId":"5MOL8kKCOYcqTJCD","workflowName":"AI Prep Suggestion Corrected","executionId":"690","nodeType":"n8n-nodes-base.function","nodeName":"Function","nodeId":"2"}}
{"__type":"$$EventMessageConfirm","confirm":"73a832e6-490e-47a5-a592-775010c9139f","ts":"2026-08-28T11:47:18.217-04:00","source":{"id":"0","name":"eventBus"}}
{"__type":"$$EventMessageNode","id":"7b20c2ce-4d06-4184-8d4b-b6be98a5004e","ts":"2026-08-28T11:47:18.220-04:00","eventName":"n8n.node.finished","message":"n8n.node.finished","payload":{"workflowId":"5MOL8kKCOYcqTJCD","workflowName":"AI Prep Suggestion Corrected","executionId":"690","nodeType":"n8n-nodes-base.function","nodeName":"Function","nodeId":"2"}}
{"__type":"$$EventMessageConfirm","confirm":"7b20c2ce-4d06-4184-8d4b-b6be98a5004e","ts":"2026-08-28T11:47:18.220-04:00","source":{"id":"0","name":"eventBus"}}
{"__type":"$$EventMessageWorkflow","id":"8677d426-b3a9-484b-a913-10e5c48bed08","ts":"2026-08-28T11:47:18.220-04:00","eventName":"n8n.workflow.success","message":"n8n.workflow.success","payload":{"executionId":"690","success":true,"isManual":false,"mode":"webhook","workflowId":"5MOL8kKCOYcqTJCD","workflowName":"AI Prep Suggestion Corrected","projectId":"f9jtqSpqgxocA0Fw","projectName":"artemii borisov22 <artemii.borisov22@icloud.com>"}}
{"__type":"$$EventMessageConfirm","confirm":"8677d426-b3a9-484b-a913-10e5c48bed08","ts":"2026-08-28T11:47:18.220-04:00","source":{"id":"0","name":"eventBus"}}
{"__type":"$$EventMessageAudit","id":"1e6295d8-61ea-46f6-a6ab-8de8f6a7c6a6","ts":"2026-08-28T11:47:18.239-04:00","eventName":"n8n.audit.workflow.executed","message":"n8n.audit.workflow.executed","payload":{"workflowId":"5MOL8kKCOYcqTJCD","workflowName":"AI Prep Suggestion Corrected","executionId":"691","projectId":"f9jtqSpqgxocA0Fw","projectName":"artemii borisov22 <artemii.borisov22@icloud.com>","source":"webhook"}}
{"__type":"$$EventMessageConfirm","confirm":"1e6295d8-61ea-46f6-a6ab-8de8f6a7c6a6","ts":"2026-08-28T11:47:18.239-04:00","source":{"id":"0","name":"eventBus"}}
{"__type":"$$EventMessageWorkflow","id":"5d0407d4-f471-44c8-aed9-f42cc6abbe28","ts":"2026-08-28T11:47:18.267-04:00","eventName":"n8n.workflow.started","message":"n8n.workflow.started","payload":{"executionId":"691","workflowId":"5MOL8kKCOYcqTJCD","isManual":false,"mode":"webhook","workflowName":"AI Prep Suggestion Corrected","projectId":"f9jtqSpqgxocA0Fw","projectName":"artemii borisov22 <artemii.borisov22@icloud.com>"}}
{"__type":"$$EventMessageConfirm","confirm":"5d0407d4-f471-44c8-aed9-f42cc6abbe28","ts":"2026-08-28T11:47:18.267-04:00","source":{"id":"0","name":"eventBus"}}
{"__type":"$$EventMessageNode","id":"18985a9d-3005-416e-83be-289a98cad977","ts":"2026-08-28T11:47:18.267-04:00","eventName":"n8n.node.started","message":"n8n.node.started","payload":{"workflowId":"5MOL8kKCOYcqTJCD","workflowName":"AI Prep Suggestion Corrected","executionId":"691","nodeType":"n8n-nodes-base.webhook","nodeName":"Webhook","nodeId":"1"}}
{"__type":"$$EventMessageConfirm","confirm":"18985a9d-3005-416e-83be-289a98cad977","ts":"2026-08-28T11:47:18.267-04:00","source":{"id":"0","name":"eventBus"}}
{"__type":"$$EventMessageNode","id":"b2262f08-0df5-4d67-b989-2ee02eadfdf1","ts":"2026-08-28T11:47:18.267-04:00","eventName":"n8n.node.finished","message":"n8n.node.finished","payload":{"workflowId":"5MOL8kKCOYcqTJCD","workflowName":"AI Prep Suggestion Corrected","executionId":"691","nodeType":"n8n-nodes-base.webhook","nodeName":"Webhook","nodeId":"1"}}
{"__type":"$$EventMessageConfirm","confirm":"b2262f08-0df5-4d67-b989-2ee02eadfdf1","ts":"2026-08-28T11:47:18.267-04:00","source":{"id":"0","name":"eventBus"}}
{"__type":"$$EventMessageNode","id":"a48736e0-e2d6-4a9a-8a8e-68ed03673a65","ts":"2026-08-28T11:47:18.267-04:00","eventName":"n8n.node.started","message":"n8n.node.started","payload":{"workflowId":"5MOL8kKCOYcqTJCD","workflowName":"AI Prep Suggestion Corrected","executionId":"691","nodeType":"n8n-nodes-base.function","nodeName":"Function","nodeId":"2"}}
{"__type":"$$EventMessageConfirm","confirm":"a48736e0-e2d6-4a9a-8a8e-68ed03673a65","ts":"2026-08-28T11:47:18.267-04:00","source":{"id":"0","name":"eventBus"}}
{"__type":"$$EventMessageNode","id":"369b5e69-bf7c-4b9a-b6bd-b2e372fce97c","ts":"2026-08-28T11:47:18.270-04:00","eventName":"n8n.node.finished","message":"n8n.node.finished","payload":{"workflowId":"5MOL8kKCOYcqTJCD","workflowName":"AI Prep Suggestion Corrected","executionId":"691","nodeType":"n8n-nodes-base.function","nodeName":"Function","nodeId":"2"}}
{"__type":"$$EventMessageConfirm","confirm":"369b5e69-bf7c-4b9a-b6bd-b2e372fce97c","ts":"2026-08-28T11:47:18.270-04:00","source":{"id":"0","name":"eventBus"}}
{"__type":"$$EventMessageWorkflow","id":"cd03bb5a-7e82-4856-b078-22c794bdb45f","ts":"2026-08-28T11:47:18.270-04:00","eventName":"n8n.workflow.success","message":"n8n.workflow.success","payload":{"executionId":"691","success":true,"isManual":false,"mode":"webhook","workflowId":"5MOL8kKCOYcqTJCD","workflowName":"AI Prep Suggestion Corrected","projectId":"f9jtqSpqgxocA0Fw","projectName":"artemii borisov22 <artemii.borisov22@icloud.com>"}}
{"__type":"$$EventMessageConfirm","confirm":"cd03bb5a-7e82-4856-b078-22c794bdb45f","ts":"2026-08-28T11:47:18.270-04:00","source":{"id":"0","name":"eventBus"}}
{"__type":"$$EventMessageAudit","id":"b2c3d0a3-ab89-4ddc-80a7-c02eb90e4f51","ts":"2026-08-28T11:47:18.286-04:00","eventName":"n8n.audit.workflow.executed","message":"n8n.audit.workflow.executed","payload":{"workflowId":"5MOL8kKCOYcqTJCD","workflowName":"AI Prep Suggestion Corrected","executionId":"692","projectId":"f9jtqSpqgxocA0Fw","projectName":"artemii borisov22 <artemii.borisov22@icloud.com>","source":"webhook"}}
{"__type":"$$EventMessageConfirm","confirm":"b2c3d0a3-ab89-4ddc-80a7-c02eb90e4f51","ts":"2026-08-28T11:47:18.286-04:00","source":{"id":"0","name":"eventBus"}}
{"__type":"$$EventMessageWorkflow","id":"2fc8e16b-aefc-41f5-a558-19bff0d4e363","ts":"2026-08-28T11:47:18.314-04:00","eventName":"n8n.workflow.started","message":"n8n.workflow.started","payload":{"executionId":"692","workflowId":"5MOL8kKCOYcqTJCD","isManual":false,"mode":"webhook","workflowName":"AI Prep Suggestion Corrected","projectId":"f9jtqSpqgxocA0Fw","projectName":"artemii borisov22 <artemii.borisov22@icloud.com>"}}
{"__type":"$$EventMessageConfirm","confirm":"2fc8e16b-aefc-41f5-a558-19bff0d4e363","ts":"2026-08-28T11:47:18.314-04:00","source":{"id":"0","name":"eventBus"}}
{"__type":"$$EventMessageNode","id":"276cd6f3-084e-4c9f-a373-4d95a1504387","ts":"2026-08-28T11:47:18.314-04:00","eventName":"n8n.node.started","message":"n8n.node.started","payload":{"workflowId":"5MOL8kKCOYcqTJCD","workflowName":"AI Prep Suggestion Corrected","executionId":"692","nodeType":"n8n-nodes-base.webhook","nodeName":"Webhook","nodeId":"1"}}
{"__type":"$$EventMessageConfirm","confirm":"276cd6f3-084e-4c9f-a373-4d95a1504387","ts":"2026-08-28T11:47:18.314-04:00","source":{"id":"0","name":"eventBus"}}
{"__type":"$$EventMessageNode","id":"e6836b38-00db-438c-8c30-ba52226e925a","ts":"2026-08-28T11:47:18.314-04:00","eventName":"n8n.node.finished","message":"n8n.node.finished","payload":{"workflowId":"5MOL8kKCOYcqTJCD","workflowName":"AI Prep Suggestion Corrected","executionId":"692","nodeType":"n8n-nodes-base.webhook","nodeName":"Webhook","nodeId":"1"}}
{"__type":"$$EventMessageConfirm","confirm":"e6836b38-00db-438c-8c30-ba52226e925a","ts":"2026-08-28T11:47:18.314-04:00","source":{"id":"0","name":"eventBus"}}
{"__type":"$$EventMessageNode","id":"4965db31-5be5-49e2-9d6b-c1bfbe65b42f","ts":"2026-08-28T11:47:18.314-04:00","eventName":"n8n.node.started","message":"n8n.node.started","payload":{"workflowId":"5MOL8kKCOYcqTJCD","workflowName":"AI Prep Suggestion Corrected","executionId":"692","nodeType":"n8n-nodes-base.function","nodeName":"Function","nodeId":"2"}}
{"__type":"$$EventMessageConfirm","confirm":"4965db31-5be5-49e2-9d6b-c1bfbe65b42f","ts":"2026-08-28T11:47:18.314-04:00","source":{"id":"0","name":"eventBus"}}
{"__type":"$$EventMessageNode","id":"559ba634-1e6f-4c69-a94d-77808103f0d9","ts":"2026-08-28T11:47:18.317-04:00","eventName":"n8n.node.finished","message":"n8n.node.finished","payload":{"workflowId":"5MOL8kKCOYcqTJCD","workflowName":"AI Prep Suggestion Corrected","executionId":"692","nodeType":"n8n-nodes-base.function","nodeName":"Function","nodeId":"2"}}
{"__type":"$$EventMessageConfirm","confirm":"559ba634-1e6f-4c69-a94d-77808103f0d9","ts":"2026-08-28T11:47:18.317-04:00","source":{"id":"0","name":"eventBus"}}
{"__type":"$$EventMessageWorkflow","id":"c6035091-432f-4d79-aaa9-d941b5052ffd","ts":"2026-08-28T11:47:18.317-04:00","eventName":"n8n.workflow.success","message":"n8n.workflow.success","payload":{"executionId":"692","success":true,"isManual":false,"mode":"webhook","workflowId":"5MOL8kKCOYcqTJCD","workflowName":"AI Prep Suggestion Corrected","projectId":"f9jtqSpqgxocA0Fw","projectName":"artemii borisov22 <artemii.borisov22@icloud.com>"}}
{"__type":"$$EventMessageConfirm","confirm":"c6035091-432f-4d79-aaa9-d941b5052ffd","ts":"2026-08-28T11:47:18.317-04:00","source":{"id":"0","name":"eventBus"}}
{"__type":"$$EventMessageAudit","id":"76805117-5a5c-4cbe-82a8-eb924acf5e75","ts":"2026-08-28T11:47:18.333-04:00","eventName":"n8n.audit.workflow.executed","message":"n8n.audit.workflow.executed","payload":{"workflowId":"5MOL8kKCOYcqTJCD","workflowName":"AI Prep Suggestion Corrected","executionId":"693","projectId":"f9jtqSpqgxocA0Fw","projectName":"artemii borisov22 <artemii.borisov22@icloud.com>","source":"webhook"}}
{"__type":"$$EventMessageConfirm","confirm":"76805117-5a5c-4cbe-82a8-eb924acf5e75","ts":"2026-08-28T11:47:18.333-04:00","source":{"id":"0","name":"eventBus"}}
{"__type":"$$EventMessageWorkflow","id":"fc900978-bdfe-4536-b23d-76d4460fedf5","ts":"2026-08-28T11:47:18.362-04:00","eventName":"n8n.workflow.started","message":"n8n.workflow.started","payload":{"executionId":"693","workflowId":"5MOL8kKCOYcqTJCD","isManual":false,"mode":"webhook","workflowName":"AI Prep Suggestion Corrected","projectId":"f9jtqSpqgxocA0Fw","projectName":"artemii borisov22 <artemii.borisov22@icloud.com>"}}
{"__type":"$$EventMessageConfirm","confirm":"fc900978-bdfe-4536-b23d-76d4460fedf5","ts":"2026-08-28T11:47:18.362-04:00","source":{"id":"0","name":"eventBus"}}
{"__type":"$$EventMessageNode","id":"9341a7e2-b672-4833-940f-beb1c8b4296e","ts":"2026-08-28T11:47:18.362-04:00","eventName":"n8n.node.started","message":"n8n.node.started","payload":{"workflowId":"5MOL8kKCOYcqTJCD","workflowName":"AI Prep Suggestion Corrected","executionId":"693","nodeType":"n8n-nodes-base.webhook","nodeName":"Webhook","nodeId":"1"}}
{"__type":"$$EventMessageConfirm","confirm":"9341a7e2-b672-4833-940f-beb1c8b4296e","ts":"2026-08-28T11:47:18.362-04:00","source":{"id":"0","name":"eventBus"}}
{"__type":"$$EventMessageNode","id":"c26b3989-142c-4fea-9b7d-87ae1de1628d","ts":"2026-08-28T11:47:18.362-04:00","eventName":"n8n.node.finished","message":"n8n.node.finished","payload":{"workflowId":"5MOL8kKCOYcqTJCD","workflowName":"AI Prep Suggestion Corrected","executionId":"693","nodeType":"n8n-nodes-base.webhook","nodeName":"Webhook","nodeId":"1"}}
{"__type":"$$EventMessageConfirm","confirm":"c26b3989-142c-4fea-9b7d-87ae1de1628d","ts":"2026-08-28T11:47:18.362-04:00","source":{"id":"0","name":"eventBus"}}
{"__type":"$$EventMessageNode","id":"0d5b1196-5d00-48cc-9045-ec08ec4d6651","ts":"2026-08-28T11:47:18.362-04:00","eventName":"n8n.node.started","message":"n8n.node.started","payload":{"workflowId":"5MOL8kKCOYcqTJCD","workflowName":"AI Prep Suggestion Corrected","executionId":"693","nodeType":"n8n-nodes-base.function","nodeName":"Function","nodeId":"2"}}
{"__type":"$$EventMessageConfirm","confirm":"0d5b1196-5d00-48cc-9045-ec08ec4d6651","ts":"2026-08-28T11:47:18.362-04:00","source":{"id":"0","name":"eventBus"}}
{"__type":"$$EventMessageNode","id":"13cb7763-b521-44fa-b8f4-3a2b41800bf0","ts":"2026-08-28T11:47:18.365-04:00","eventName":"n8n.node.finished","message":"n8n.node.finished","payload":{"workflowId":"5MOL8kKCOYcqTJCD","workflowName":"AI Prep Suggestion Corrected","executionId":"693","nodeType":"n8n-nodes-base.function","nodeName":"Function","nodeId":"2"}}
{"__type":"$$EventMessageConfirm","confirm":"13cb7763-b521-44fa-b8f4-3a2b41800bf0","ts":"2026-08-28T11:47:18.365-04:00","source":{"id":"0","name":"eventBus"}}
{"__type":"$$EventMessageWorkflow","id":"ebbc7864-139f-4c10-8aa1-c90f7bfb55c1","ts":"2026-08-28T11:47:18.366-04:00","eventName":"n8n.workflow.success","message":"n8n.workflow.success","payload":{"executionId":"693","success":true,"isManual":false,"mode":"webhook","workflowId":"5MOL8kKCOYcqTJCD","workflowName":"AI Prep Suggestion Corrected","projectId":"f9jtqSpqgxocA0Fw","projectName":"artemii borisov22 <artemii.borisov22@icloud.com>"}}
{"__type":"$$EventMessageConfirm","confirm":"ebbc7864-139f-4c10-8aa1-c90f7bfb55c1","ts":"2026-08-28T11:47:18.366-04:00","source":{"id":"0","name":"eventBus"}}
{"__type":"$$EventMessageAudit","id":"e9ae3a8a-bad8-4040-a0a4-b6714970cc18","ts":"2026-08-28T11:47:18.385-04:00","eventName":"n8n.audit.workflow.executed","message":"n8n.audit.workflow.executed","payload":{"workflowId":"5MOL8kKCOYcqTJCD","workflowName":"AI Prep Suggestion Corrected","executionId":"694","projectId":"f9jtqSpqgxocA0Fw","projectName":"artemii borisov22 <artemii.borisov22@icloud.com>","source":"webhook"}}
{"__type":"$$EventMessageConfirm","confirm":"e9ae3a8a-bad8-4040-a0a4-b6714970cc18","ts":"2026-08-28T11:47:18.385-04:00","source":{"id":"0","name":"eventBus"}}
{"__type":"$$EventMessageWorkflow","id":"45824d7c-6dd0-4ca0-8b25-3b2a8ad02fa6","ts":"2026-08-28T11:47:18.414-04:00","eventName":"n8n.workflow.started","message":"n8n.workflow.started","payload":{"executionId":"694","workflowId":"5MOL8kKCOYcqTJCD","isManual":false,"mode":"webhook","workflowName":"AI Prep Suggestion Corrected","projectId":"f9jtqSpqgxocA0Fw","projectName":"artemii borisov22 <artemii.borisov22@icloud.com>"}}
{"__type":"$$EventMessageConfirm","confirm":"45824d7c-6dd0-4ca0-8b25-3b2a8ad02fa6","ts":"2026-08-28T11:47:18.414-04:00","source":{"id":"0","name":"eventBus"}}
{"__type":"$$EventMessageNode","id":"96626847-5ec1-4160-82b5-dd034ad79767","ts":"2026-08-28T11:47:18.414-04:00","eventName":"n8n.node.started","message":"n8n.node.started","payload":{"workflowId":"5MOL8kKCOYcqTJCD","workflowName":"AI Prep Suggestion Corrected","executionId":"694","nodeType":"n8n-nodes-base.webhook","nodeName":"Webhook","nodeId":"1"}}
{"__type":"$$EventMessageConfirm","confirm":"96626847-5ec1-4160-82b5-dd034ad79767","ts":"2026-08-28T11:47:18.414-04:00","source":{"id":"0","name":"eventBus"}}
{"__type":"$$EventMessageNode","id":"c8d42da2-03a5-4692-93cd-d75f5baa46ed","ts":"2026-08-28T11:47:18.414-04:00","eventName":"n8n.node.finished","message":"n8n.node.finished","payload":{"workflowId":"5MOL8kKCOYcqTJCD","workflowName":"AI Prep Suggestion Corrected","executionId":"694","nodeType":"n8n-nodes-base.webhook","nodeName":"Webhook","nodeId":"1"}}
{"__type":"$$EventMessageConfirm","confirm":"c8d42da2-03a5-4692-93cd-d75f5baa46ed","ts":"2026-08-28T11:47:18.414-04:00","source":{"id":"0","name":"eventBus"}}
{"__type":"$$EventMessageNode","id":"7d18922b-6ebc-406b-8868-62cfed78dc04","ts":"2026-08-28T11:47:18.414-04:00","eventName":"n8n.node.started","message":"n8n.node.started","payload":{"workflowId":"5MOL8kKCOYcqTJCD","workflowName":"AI Prep Suggestion Corrected","executionId":"694","nodeType":"n8n-nodes-base.function","nodeName":"Function","nodeId":"2"}}
{"__type":"$$EventMessageConfirm","confirm":"7d18922b-6ebc-406b-8868-62cfed78dc04","ts":"2026-08-28T11:47:18.414-04:00","source":{"id":"0","name":"eventBus"}}
{"__type":"$$EventMessageNode","id":"0ad3c0ac-3fcd-4295-9631-41ae5b9b92fb","ts":"2026-08-28T11:47:18.417-04:00","eventName":"n8n.node.finished","message":"n8n.node.finished","payload":{"workflowId":"5MOL8kKCOYcqTJCD","workflowName":"AI Prep Suggestion Corrected","executionId":"694","nodeType":"n8n-nodes-base.function","nodeName":"Function","nodeId":"2"}}
{"__type":"$$EventMessageConfirm","confirm":"0ad3c0ac-3fcd-4295-9631-41ae5b9b92fb","ts":"2026-08-28T11:47:18.417-04:00","source":{"id":"0","name":"eventBus"}}
{"__type":"$$EventMessageWorkflow","id":"3fdb5623-8784-4800-9ff9-a6fc5be1cadf","ts":"2026-08-28T11:47:18.417-04:00","eventName":"n8n.workflow.success","message":"n8n.workflow.success","payload":{"executionId":"694","success":true,"isManual":false,"mode":"webhook","workflowId":"5MOL8kKCOYcqTJCD","workflowName":"AI Prep Suggestion Corrected","projectId":"f9jtqSpqgxocA0Fw","projectName":"artemii borisov22 <artemii.borisov22@icloud.com>"}}
{"__type":"$$EventMessageConfirm","confirm":"3fdb5623-8784-4800-9ff9-a6fc5be1cadf","ts":"2026-08-28T11:47:18.417-04:00","source":{"id":"0","name":"eventBus"}}
{"__type":"$$EventMessageAudit","id":"acf335f1-e478-467a-a12a-e236cccd0538","ts":"2026-08-28T11:47:18.435-04:00","eventName":"n8n.audit.workflow.executed","message":"n8n.audit.workflow.executed","payload":{"workflowId":"5MOL8kKCOYcqTJCD","workflowName":"AI Prep Suggestion Corrected","executionId":"695","projectId":"f9jtqSpqgxocA0Fw","projectName":"artemii borisov22 <artemii.borisov22@icloud.com>","source":"webhook"}}
{"__type":"$$EventMessageConfirm","confirm":"acf335f1-e478-467a-a12a-e236cccd0538","ts":"2026-08-28T11:47:18.435-04:00","source":{"id":"0","name":"eventBus"}}
{"__type":"$$EventMessageWorkflow","id":"c500acf3-8b9a-41aa-92e9-1d653827a6b3","ts":"2026-08-28T11:47:18.463-04:00","eventName":"n8n.workflow.started","message":"n8n.workflow.started","payload":{"executionId":"695","workflowId":"5MOL8kKCOYcqTJCD","isManual":false,"mode":"webhook","workflowName":"AI Prep Suggestion Corrected","projectId":"f9jtqSpqgxocA0Fw","projectName":"artemii borisov22 <artemii.borisov22@icloud.com>"}}
{"__type":"$$EventMessageConfirm","confirm":"c500acf3-8b9a-41aa-92e9-1d653827a6b3","ts":"2026-08-28T11:47:18.463-04:00","source":{"id":"0","name":"eventBus"}}
{"__type":"$$EventMessageNode","id":"8b5fdd91-476d-48cb-9943-3f02310193f0","ts":"2026-08-28T11:47:18.463-04:00","eventName":"n8n.node.started","message":"n8n.node.started","payload":{"workflowId":"5MOL8kKCOYcqTJCD","workflowName":"AI Prep Suggestion Corrected","executionId":"695","nodeType":"n8n-nodes-base.webhook","nodeName":"Webhook","nodeId":"1"}}
{"__type":"$$EventMessageConfirm","confirm":"8b5fdd91-476d-48cb-9943-3f02310193f0","ts":"2026-08-28T11:47:18.463-04:00","source":{"id":"0","name":"eventBus"}}
{"__type":"$$EventMessageNode","id":"da0f9423-f103-4bb8-b390-d5a1a0d2dd66","ts":"2026-08-28T11:47:18.463-04:00","eventName":"n8n.node.finished","message":"n8n.node.finished","payload":{"workflowId":"5MOL8kKCOYcqTJCD","workflowName":"AI Prep Suggestion Corrected","executionId":"695","nodeType":"n8n-nodes-base.webhook","nodeName":"Webhook","nodeId":"1"}}
{"__type":"$$EventMessageConfirm","confirm":"da0f9423-f103-4bb8-b390-d5a1a0d2dd66","ts":"2026-08-28T11:47:18.463-04:00","source":{"id":"0","name":"eventBus"}}
{"__type":"$$EventMessageNode","id":"5f657549-7021-4f38-b706-b00fe31f75a4","ts":"2026-08-28T11:47:18.463-04:00","eventName":"n8n.node.started","message":"n8n.node.started","payload":{"workflowId":"5MOL8kKCOYcqTJCD","workflowName":"AI Prep Suggestion Corrected","executionId":"695","nodeType":"n8n-nodes-base.function","nodeName":"Function","nodeId":"2"}}
{"__type":"$$EventMessageConfirm","confirm":"5f657549-7021-4f38-b706-b00fe31f75a4","ts":"2026-08-28T11:47:18.463-04:00","source":{"id":"0","name":"eventBus"}}
{"__type":"$$EventMessageNode","id":"12dac098-c8b0-4ef3-9dc8-64252bd05ff6","ts":"2026-08-28T11:47:18.466-04:00","eventName":"n8n.node.finished","message":"n8n.node.finished","payload":{"workflowId":"5MOL8kKCOYcqTJCD","workflowName":"AI Prep Suggestion Corrected","executionId":"695","nodeType":"n8n-nodes-base.function","nodeName":"Function","nodeId":"2"}}
{"__type":"$$EventMessageConfirm","confirm":"12dac098-c8b0-4ef3-9dc8-64252bd05ff6","ts":"2026-08-28T11:47:18.466-04:00","source":{"id":"0","name":"eventBus"}}
{"__type":"$$EventMessageWorkflow","id":"138553c0-c428-4964-b0ce-783b00a2a9cb","ts":"2026-08-28T11:47:18.466-04:00","eventName":"n8n.workflow.success","message":"n8n.workflow.success","payload":{"executionId":"695","success":true,"isManual":false,"mode":"webhook","workflowId":"5MOL8kKCOYcqTJCD","workflowName":"AI Prep Suggestion Corrected","projectId":"f9jtqSpqgxocA0Fw","projectName":"artemii borisov22 <artemii.borisov22@icloud.com>"}}
{"__type":"$$EventMessageConfirm","confirm":"138553c0-c428-4964-b0ce-783b00a2a9cb","ts":"2026-08-28T11:47:18.467-04:00","source":{"id":"0","name":"eventBus"}}
{"__type":"$$EventMessageAudit","id":"8bd1ec2e-a30a-484b-9b21-9331ba5ba77c","ts":"2026-08-28T11:47:18.492-04:00","eventName":"n8n.audit.workflow.executed","message":"n8n.audit.workflow.executed","payload":{"workflowId":"5MOL8kKCOYcqTJCD","workflowName":"AI Prep Suggestion Corrected","executionId":"696","projectId":"f9jtqSpqgxocA0Fw","projectName":"artemii borisov22 <artemii.borisov22@icloud.com>","source":"webhook"}}
{"__type":"$$EventMessageConfirm","confirm":"8bd1ec2e-a30a-484b-9b21-9331ba5ba77c","ts":"2026-08-28T11:47:18.492-04:00","source":{"id":"0","name":"eventBus"}}
{"__type":"$$EventMessageWorkflow","id":"705193b1-593b-43c2-b8ab-ef250f2dac2c","ts":"2026-08-28T11:47:18.521-04:00","eventName":"n8n.workflow.started","message":"n8n.workflow.started","payload":{"executionId":"696","workflowId":"5MOL8kKCOYcqTJCD","isManual":false,"mode":"webhook","workflowName":"AI Prep Suggestion Corrected","projectId":"f9jtqSpqgxocA0Fw","projectName":"artemii borisov22 <artemii.borisov22@icloud.com>"}}
{"__type":"$$EventMessageConfirm","confirm":"705193b1-593b-43c2-b8ab-ef250f2dac2c","ts":"2026-08-28T11:47:18.521-04:00","source":{"id":"0","name":"eventBus"}}
{"__type":"$$EventMessageNode","id":"c63b460a-4be0-4c48-967d-083bed6119ee","ts":"2026-08-28T11:47:18.521-04:00","eventName":"n8n.node.started","message":"n8n.node.started","payload":{"workflowId":"5MOL8kKCOYcqTJCD","workflowName":"AI Prep Suggestion Corrected","executionId":"696","nodeType":"n8n-nodes-base.webhook","nodeName":"Webhook","nodeId":"1"}}
{"__type":"$$EventMessageConfirm","confirm":"c63b460a-4be0-4c48-967d-083bed6119ee","ts":"2026-08-28T11:47:18.521-04:00","source":{"id":"0","name":"eventBus"}}
{"__type":"$$EventMessageNode","id":"a2219681-e727-4b2b-b8e5-e4df011f9a68","ts":"2026-08-28T11:47:18.521-04:00","eventName":"n8n.node.finished","message":"n8n.node.finished","payload":{"workflowId":"5MOL8kKCOYcqTJCD","workflowName":"AI Prep Suggestion Corrected","executionId":"696","nodeType":"n8n-nodes-base.webhook","nodeName":"Webhook","nodeId":"1"}}
{"__type":"$$EventMessageConfirm","confirm":"a2219681-e727-4b2b-b8e5-e4df011f9a68","ts":"2026-08-28T11:47:18.521-04:00","source":{"id":"0","name":"eventBus"}}
{"__type":"$$EventMessageNode","id":"083e7229-8e10-41f5-a66c-3aeb3daef8ce","ts":"2026-08-28T11:47:18.521-04:00","eventName":"n8n.node.started","message":"n8n.node.started","payload":{"workflowId":"5MOL8kKCOYcqTJCD","workflowName":"AI Prep Suggestion Corrected","executionId":"696","nodeType":"n8n-nodes-base.function","nodeName":"Function","nodeId":"2"}}
{"__type":"$$EventMessageConfirm","confirm":"083e7229-8e10-41f5-a66c-3aeb3daef8ce","ts":"2026-08-28T11:47:18.521-04:00","source":{"id":"0","name":"eventBus"}}
{"__type":"$$EventMessageNode","id":"ff525315-58fd-417a-82cc-b14e3b5f2e5c","ts":"2026-08-28T11:47:18.524-04:00","eventName":"n8n.node.finished","message":"n8n.node.finished","payload":{"workflowId":"5MOL8kKCOYcqTJCD","workflowName":"AI Prep Suggestion Corrected","executionId":"696","nodeType":"n8n-nodes-base.function","nodeName":"Function","nodeId":"2"}}
{"__type":"$$EventMessageConfirm","confirm":"ff525315-58fd-417a-82cc-b14e3b5f2e5c","ts":"2026-08-28T11:47:18.524-04:00","source":{"id":"0","name":"eventBus"}}
{"__type":"$$EventMessageWorkflow","id":"63ae96ed-788a-4df6-92d1-16191cc3ff60","ts":"2026-08-28T11:47:18.524-04:00","eventName":"n8n.workflow.success","message":"n8n.workflow.success","payload":{"executionId":"696","success":true,"isManual":false,"mode":"webhook","workflowId":"5MOL8kKCOYcqTJCD","workflowName":"AI Prep Suggestion Corrected","projectId":"f9jtqSpqgxocA0Fw","projectName":"artemii borisov22 <artemii.borisov22@icloud.com>"}}
{"__type":"$$EventMessageConfirm","confirm":"63ae96ed-788a-4df6-92d1-16191cc3ff60","ts":"2026-08-28T11:47:18.524-04:00","source":{"id":"0","name":"eventBus"}}
{"__type":"$$EventMessageAudit","id":"48b37d90-d743-4b26-9aaa-5c05b091bebd","ts":"2026-08-28T11:47:18.541-04:00","eventName":"n8n.audit.workflow.executed","message":"n8n.audit.workflow.executed","payload":{"workflowId":"5MOL8kKCOYcqTJCD","workflowName":"AI Prep Suggestion Corrected","executionId":"697","projectId":"f9jtqSpqgxocA0Fw","projectName":"artemii borisov22 <artemii.borisov22@icloud.com>","source":"webhook"}}
{"__type":"$$EventMessageConfirm","confirm":"48b37d90-d743-4b26-9aaa-5c05b091bebd","ts":"2026-08-28T11:47:18.541-04:00","source":{"id":"0","name":"eventBus"}}
{"__type":"$$EventMessageWorkflow","id":"5597071a-8766-481e-942a-1560bd8a1d8b","ts":"2026-08-28T11:47:18.571-04:00","eventName":"n8n.workflow.started","message":"n8n.workflow.started","payload":{"executionId":"697","workflowId":"5MOL8kKCOYcqTJCD","isManual":false,"mode":"webhook","workflowName":"AI Prep Suggestion Corrected","projectId":"f9jtqSpqgxocA0Fw","projectName":"artemii borisov22 <artemii.borisov22@icloud.com>"}}
{"__type":"$$EventMessageConfirm","confirm":"5597071a-8766-481e-942a-1560bd8a1d8b","ts":"2026-08-28T11:47:18.571-04:00","source":{"id":"0","name":"eventBus"}}
{"__type":"$$EventMessageNode","id":"ea8f67a8-7fca-4fdf-8a3c-8da80c48d5f3","ts":"2026-08-28T11:47:18.571-04:00","eventName":"n8n.node.started","message":"n8n.node.started","payload":{"workflowId":"5MOL8kKCOYcqTJCD","workflowName":"AI Prep Suggestion Corrected","executionId":"697","nodeType":"n8n-nodes-base.webhook","nodeName":"Webhook","nodeId":"1"}}
{"__type":"$$EventMessageConfirm","confirm":"ea8f67a8-7fca-4fdf-8a3c-8da80c48d5f3","ts":"2026-08-28T11:47:18.571-04:00","source":{"id":"0","name":"eventBus"}}
{"__type":"$$EventMessageNode","id":"8f2bb958-4849-4d84-a387-8ce2568051da","ts":"2026-08-28T11:47:18.571-04:00","eventName":"n8n.node.finished","message":"n8n.node.finished","payload":{"workflowId":"5MOL8kKCOYcqTJCD","workflowName":"AI Prep Suggestion Corrected","executionId":"697","nodeType":"n8n-nodes-base.webhook","nodeName":"Webhook","nodeId":"1"}}
{"__type":"$$EventMessageConfirm","confirm":"8f2bb958-4849-4d84-a387-8ce2568051da","ts":"2026-08-28T11:47:18.571-04:00","source":{"id":"0","name":"eventBus"}}
{"__type":"$$EventMessageNode","id":"a60b9d4c-d610-44de-a0a0-0c00e3432944","ts":"2026-08-28T11:47:18.571-04:00","eventName":"n8n.node.started","message":"n8n.node.started","payload":{"workflowId":"5MOL8kKCOYcqTJCD","workflowName":"AI Prep Suggestion Corrected","executionId":"697","nodeType":"n8n-nodes-base.function","nodeName":"Function","nodeId":"2"}}
{"__type":"$$EventMessageConfirm","confirm":"a60b9d4c-d610-44de-a0a0-0c00e3432944","ts":"2026-08-28T11:47:18.571-04:00","source":{"id":"0","name":"eventBus"}}
{"__type":"$$EventMessageNode","id":"71a75571-1c76-417c-9966-37e892ff0770","ts":"2026-08-28T11:47:18.576-04:00","eventName":"n8n.node.finished","message":"n8n.node.finished","payload":{"workflowId":"5MOL8kKCOYcqTJCD","workflowName":"AI Prep Suggestion Corrected","executionId":"697","nodeType":"n8n-nodes-base.function","nodeName":"Function","nodeId":"2"}}
{"__type":"$$EventMessageConfirm","confirm":"71a75571-1c76-417c-9966-37e892ff0770","ts":"2026-08-28T11:47:18.576-04:00","source":{"id":"0","name":"eventBus"}}
{"__type":"$$EventMessageWorkflow","id":"55af097a-5728-4ffa-8e3f-ddfaa1771b2c","ts":"2026-08-28T11:47:18.576-04:00","eventName":"n8n.workflow.success","message":"n8n.workflow.success","payload":{"executionId":"697","success":true,"isManual":false,"mode":"webhook","workflowId":"5MOL8kKCOYcqTJCD","workflowName":"AI Prep Suggestion Corrected","projectId":"f9jtqSpqgxocA0Fw","projectName":"artemii borisov22 <artemii.borisov22@icloud.com>"}}
{"__type":"$$EventMessageConfirm","confirm":"55af097a-5728-4ffa-8e3f-ddfaa1771b2c","ts":"2026-08-28T11:47:18.576-04:00","source":{"id":"0","name":"eventBus"}}
{"__type":"$$EventMessageAudit","id":"b3e10db3-167e-4311-b1e3-02269b095b4a","ts":"2026-08-28T11:47:18.605-04:00","eventName":"n8n.audit.workflow.executed","message":"n8n.audit.workflow.executed","payload":{"workflowId":"5MOL8kKCOYcqTJCD","workflowName":"AI Prep Suggestion Corrected","executionId":"698","projectId":"f9jtqSpqgxocA0Fw","projectName":"artemii borisov22 <artemii.borisov22@icloud.com>","source":"webhook"}}
{"__type":"$$EventMessageConfirm","confirm":"b3e10db3-167e-4311-b1e3-02269b095b4a","ts":"2026-08-28T11:47:18.605-04:00","source":{"id":"0","name":"eventBus"}}
{"__type":"$$EventMessageWorkflow","id":"759cd238-973c-4866-823e-688613ea90dc","ts":"2026-08-28T11:47:18.635-04:00","eventName":"n8n.workflow.started","message":"n8n.workflow.started","payload":{"executionId":"698","workflowId":"5MOL8kKCOYcqTJCD","isManual":false,"mode":"webhook","workflowName":"AI Prep Suggestion Corrected","projectId":"f9jtqSpqgxocA0Fw","projectName":"artemii borisov22 <artemii.borisov22@icloud.com>"}}
{"__type":"$$EventMessageConfirm","confirm":"759cd238-973c-4866-823e-688613ea90dc","ts":"2026-08-28T11:47:18.635-04:00","source":{"id":"0","name":"eventBus"}}
{"__type":"$$EventMessageNode","id":"50b58850-dce6-4cda-b3f6-768588d10a0b","ts":"2026-08-28T11:47:18.635-04:00","eventName":"n8n.node.started","message":"n8n.node.started","payload":{"workflowId":"5MOL8kKCOYcqTJCD","workflowName":"AI Prep Suggestion Corrected","executionId":"698","nodeType":"n8n-nodes-base.webhook","nodeName":"Webhook","nodeId":"1"}}
{"__type":"$$EventMessageConfirm","confirm":"50b58850-dce6-4cda-b3f6-768588d10a0b","ts":"2026-08-28T11:47:18.635-04:00","source":{"id":"0","name":"eventBus"}}
{"__type":"$$EventMessageNode","id":"b90e4989-edec-4667-82c4-d58cf2bb824a","ts":"2026-08-28T11:47:18.635-04:00","eventName":"n8n.node.finished","message":"n8n.node.finished","payload":{"workflowId":"5MOL8kKCOYcqTJCD","workflowName":"AI Prep Suggestion Corrected","executionId":"698","nodeType":"n8n-nodes-base.webhook","nodeName":"Webhook","nodeId":"1"}}
{"__type":"$$EventMessageConfirm","confirm":"b90e4989-edec-4667-82c4-d58cf2bb824a","ts":"2026-08-28T11:47:18.635-04:00","source":{"id":"0","name":"eventBus"}}
{"__type":"$$EventMessageNode","id":"a8e65267-0d89-4be2-8473-c965e0b00735","ts":"2026-08-28T11:47:18.635-04:00","eventName":"n8n.node.started","message":"n8n.node.started","payload":{"workflowId":"5MOL8kKCOYcqTJCD","workflowName":"AI Prep Suggestion Corrected","executionId":"698","nodeType":"n8n-nodes-base.function","nodeName":"Function","nodeId":"2"}}
{"__type":"$$EventMessageConfirm","confirm":"a8e65267-0d89-4be2-8473-c965e0b00735","ts":"2026-08-28T11:47:18.635-04:00","source":{"id":"0","name":"eventBus"}}
{"__type":"$$EventMessageNode","id":"94d97331-5c5c-4c0e-9c42-42c5aadaf927","ts":"2026-08-28T11:47:18.639-04:00","eventName":"n8n.node.finished","message":"n8n.node.finished","payload":{"workflowId":"5MOL8kKCOYcqTJCD","workflowName":"AI Prep Suggestion Corrected","executionId":"698","nodeType":"n8n-nodes-base.function","nodeName":"Function","nodeId":"2"}}
{"__type":"$$EventMessageConfirm","confirm":"94d97331-5c5c-4c0e-9c42-42c5aadaf927","ts":"2026-08-28T11:47:18.639-04:00","source":{"id":"0","name":"eventBus"}}
{"__type":"$$EventMessageWorkflow","id":"8e26a19b-88ba-4e6a-be45-e022bdb26b19","ts":"2026-08-28T11:47:18.639-04:00","eventName":"n8n.workflow.success","message":"n8n.workflow.success","payload":{"executionId":"698","success":true,"isManual":false,"mode":"webhook","workflowId":"5MOL8kKCOYcqTJCD","workflowName":"AI Prep Suggestion Corrected","projectId":"f9jtqSpqgxocA0Fw","projectName":"artemii borisov22 <artemii.borisov22@icloud.com>"}}
{"__type":"$$EventMessageConfirm","confirm":"8e26a19b-88ba-4e6a-be45-e022bdb26b19","ts":"2026-08-28T11:47:18.639-04:00","source":{"id":"0","name":"eventBus"}}
{"__type":"$$EventMessageAudit","id":"ab8b64cb-b54c-4851-8bdc-a3e924f05622","ts":"2026-08-28T11:47:18.656-04:00","eventName":"n8n.audit.workflow.executed","message":"n8n.audit.workflow.executed","payload":{"workflowId":"5MOL8kKCOYcqTJCD","workflowName":"AI Prep Suggestion Corrected","executionId":"699","projectId":"f9jtqSpqgxocA0Fw","projectName":"artemii borisov22 <artemii.borisov22@icloud.com>","source":"webhook"}}
{"__type":"$$EventMessageConfirm","confirm":"ab8b64cb-b54c-4851-8bdc-a3e924f05622","ts":"2026-08-28T11:47:18.656-04:00","source":{"id":"0","name":"eventBus"}}
{"__type":"$$EventMessageWorkflow","id":"7e8410eb-f710-453f-a761-fc7f8a2ce22e","ts":"2026-08-28T11:47:18.684-04:00","eventName":"n8n.workflow.started","message":"n8n.workflow.started","payload":{"executionId":"699","workflowId":"5MOL8kKCOYcqTJCD","isManual":false,"mode":"webhook","workflowName":"AI Prep Suggestion Corrected","projectId":"f9jtqSpqgxocA0Fw","projectName":"artemii borisov22 <artemii.borisov22@icloud.com>"}}
{"__type":"$$EventMessageConfirm","confirm":"7e8410eb-f710-453f-a761-fc7f8a2ce22e","ts":"2026-08-28T11:47:18.684-04:00","source":{"id":"0","name":"eventBus"}}
{"__type":"$$EventMessageNode","id":"45866186-7a46-4842-a745-3ca2d9d65423","ts":"2026-08-28T11:47:18.684-04:00","eventName":"n8n.node.started","message":"n8n.node.started","payload":{"workflowId":"5MOL8kKCOYcqTJCD","workflowName":"AI Prep Suggestion Corrected","executionId":"699","nodeType":"n8n-nodes-base.webhook","nodeName":"Webhook","nodeId":"1"}}
{"__type":"$$EventMessageConfirm","confirm":"45866186-7a46-4842-a745-3ca2d9d65423","ts":"2026-08-28T11:47:18.684-04:00","source":{"id":"0","name":"eventBus"}}
{"__type":"$$EventMessageNode","id":"3d7be161-9332-47a1-b28c-8b4f79fe740c","ts":"2026-08-28T11:47:18.684-04:00","eventName":"n8n.node.finished","message":"n8n.node.finished","payload":{"workflowId":"5MOL8kKCOYcqTJCD","workflowName":"AI Prep Suggestion Corrected","executionId":"699","nodeType":"n8n-nodes-base.webhook","nodeName":"Webhook","nodeId":"1"}}
{"__type":"$$EventMessageConfirm","confirm":"3d7be161-9332-47a1-b28c-8b4f79fe740c","ts":"2026-08-28T11:47:18.684-04:00","source":{"id":"0","name":"eventBus"}}
{"__type":"$$EventMessageNode","id":"73374c42-48d4-49d0-80bd-f3f19bc1d5aa","ts":"2026-08-28T11:47:18.684-04:00","eventName":"n8n.node.started","message":"n8n.node.started","payload":{"workflowId":"5MOL8kKCOYcqTJCD","workflowName":"AI Prep Suggestion Corrected","executionId":"699","nodeType":"n8n-nodes-base.function","nodeName":"Function","nodeId":"2"}}
{"__type":"$$EventMessageConfirm","confirm":"73374c42-48d4-49d0-80bd-f3f19bc1d5aa","ts":"2026-08-28T11:47:18.684-04:00","source":{"id":"0","name":"eventBus"}}
{"__type":"$$EventMessageNode","id":"2ed042a1-d37a-4eaf-99ec-8146153dc5d0","ts":"2026-08-28T11:47:18.687-04:00","eventName":"n8n.node.finished","message":"n8n.node.finished","payload":{"workflowId":"5MOL8kKCOYcqTJCD","workflowName":"AI Prep Suggestion Corrected","executionId":"699","nodeType":"n8n-nodes-base.function","nodeName":"Function","nodeId":"2"}}
{"__type":"$$EventMessageConfirm","confirm":"2ed042a1-d37a-4eaf-99ec-8146153dc5d0","ts":"2026-08-28T11:47:18.687-04:00","source":{"id":"0","name":"eventBus"}}
{"__type":"$$EventMessageWorkflow","id":"0b302d0f-9da9-4ea1-8452-2db8e7f8ade5","ts":"2026-08-28T11:47:18.687-04:00","eventName":"n8n.workflow.success","message":"n8n.workflow.success","payload":{"executionId":"699","success":true,"isManual":false,"mode":"webhook","workflowId":"5MOL8kKCOYcqTJCD","workflowName":"AI Prep Suggestion Corrected","projectId":"f9jtqSpqgxocA0Fw","projectName":"artemii borisov22 <artemii.borisov22@icloud.com>"}}
{"__type":"$$EventMessageConfirm","confirm":"0b302d0f-9da9-4ea1-8452-2db8e7f8ade5","ts":"2026-08-28T11:47:18.687-04:00","source":{"id":"0","name":"eventBus"}}
{"__type":"$$EventMessageAudit","id":"4d7499c5-0861-4b8b-be70-8d5fb0856f53","ts":"2026-08-28T11:47:18.704-04:00","eventName":"n8n.audit.workflow.executed","message":"n8n.audit.workflow.executed","payload":{"workflowId":"5MOL8kKCOYcqTJCD","workflowName":"AI Prep Suggestion Corrected","executionId":"700","projectId":"f9jtqSpqgxocA0Fw","projectName":"artemii borisov22 <artemii.borisov22@icloud.com>","source":"webhook"}}
{"__type":"$$EventMessageConfirm","confirm":"4d7499c5-0861-4b8b-be70-8d5fb0856f53","ts":"2026-08-28T11:47:18.704-04:00","source":{"id":"0","name":"eventBus"}}
{"__type":"$$EventMessageWorkflow","id":"6744a8b7-463c-4cf2-bb9e-c3fb343577d5","ts":"2026-08-28T11:47:18.732-04:00","eventName":"n8n.workflow.started","message":"n8n.workflow.started","payload":{"executionId":"700","workflowId":"5MOL8kKCOYcqTJCD","isManual":false,"mode":"webhook","workflowName":"AI Prep Suggestion Corrected","projectId":"f9jtqSpqgxocA0Fw","projectName":"artemii borisov22 <artemii.borisov22@icloud.com>"}}
{"__type":"$$EventMessageConfirm","confirm":"6744a8b7-463c-4cf2-bb9e-c3fb343577d5","ts":"2026-08-28T11:47:18.732-04:00","source":{"id":"0","name":"eventBus"}}
{"__type":"$$EventMessageNode","id":"bdde62ad-15bf-444e-aeeb-a6e18ec8586f","ts":"2026-08-28T11:47:18.733-04:00","eventName":"n8n.node.started","message":"n8n.node.started","payload":{"workflowId":"5MOL8kKCOYcqTJCD","workflowName":"AI Prep Suggestion Corrected","executionId":"700","nodeType":"n8n-nodes-base.webhook","nodeName":"Webhook","nodeId":"1"}}
{"__type":"$$EventMessageConfirm","confirm":"bdde62ad-15bf-444e-aeeb-a6e18ec8586f","ts":"2026-08-28T11:47:18.733-04:00","source":{"id":"0","name":"eventBus"}}
{"__type":"$$EventMessageNode","id":"f1d55b26-8c63-414e-9ae4-9332bd5c1988","ts":"2026-08-28T11:47:18.733-04:00","eventName":"n8n.node.finished","message":"n8n.node.finished","payload":{"workflowId":"5MOL8kKCOYcqTJCD","workflowName":"AI Prep Suggestion Corrected","executionId":"700","nodeType":"n8n-nodes-base.webhook","nodeName":"Webhook","nodeId":"1"}}
{"__type":"$$EventMessageConfirm","confirm":"f1d55b26-8c63-414e-9ae4-9332bd5c1988","ts":"2026-08-28T11:47:18.733-04:00","source":{"id":"0","name":"eventBus"}}
{"__type":"$$EventMessageNode","id":"3d697634-f4e5-491e-888a-d020b6227525","ts":"2026-08-28T11:47:18.733-04:00","eventName":"n8n.node.started","message":"n8n.node.started","payload":{"workflowId":"5MOL8kKCOYcqTJCD","workflowName":"AI Prep Suggestion Corrected","executionId":"700","nodeType":"n8n-nodes-base.function","nodeName":"Function","nodeId":"2"}}
{"__type":"$$EventMessageConfirm","confirm":"3d697634-f4e5-491e-888a-d020b6227525","ts":"2026-08-28T11:47:18.733-04:00","source":{"id":"0","name":"eventBus"}}
{"__type":"$$EventMessageNode","id":"c59c29ad-f975-4d79-bb24-4c0af183bfc7","ts":"2026-08-28T11:47:18.736-04:00","eventName":"n8n.node.finished","message":"n8n.node.finished","payload":{"workflowId":"5MOL8kKCOYcqTJCD","workflowName":"AI Prep Suggestion Corrected","executionId":"700","nodeType":"n8n-nodes-base.function","nodeName":"Function","nodeId":"2"}}
{"__type":"$$EventMessageConfirm","confirm":"c59c29ad-f975-4d79-bb24-4c0af183bfc7","ts":"2026-08-28T11:47:18.736-04:00","source":{"id":"0","name":"eventBus"}}
{"__type":"$$EventMessageWorkflow","id":"4354a2b2-a7b3-435c-a908-829d1bb3821c","ts":"2026-08-28T11:47:18.736-04:00","eventName":"n8n.workflow.success","message":"n8n.workflow.success","payload":{"executionId":"700","success":true,"isManual":false,"mode":"webhook","workflowId":"5MOL8kKCOYcqTJCD","workflowName":"AI Prep Suggestion Corrected","projectId":"f9jtqSpqgxocA0Fw","projectName":"artemii borisov22 <artemii.borisov22@icloud.com>"}}
{"__type":"$$EventMessageConfirm","confirm":"4354a2b2-a7b3-435c-a908-829d1bb3821c","ts":"2026-08-28T11:47:18.736-04:00","source":{"id":"0","name":"eventBus"}}
{"__type":"$$EventMessageAudit","id":"9bf2d2ba-7f1d-4576-a452-286e9fc27fbb","ts":"2026-08-28T11:47:18.752-04:00","eventName":"n8n.audit.workflow.executed","message":"n8n.audit.workflow.executed","payload":{"workflowId":"5MOL8kKCOYcqTJCD","workflowName":"AI Prep Suggestion Corrected","executionId":"701","projectId":"f9jtqSpqgxocA0Fw","projectName":"artemii borisov22 <artemii.borisov22@icloud.com>","source":"webhook"}}
{"__type":"$$EventMessageConfirm","confirm":"9bf2d2ba-7f1d-4576-a452-286e9fc27fbb","ts":"2026-08-28T11:47:18.752-04:00","source":{"id":"0","name":"eventBus"}}
{"__type":"$$EventMessageWorkflow","id":"31a797b1-f6de-4a6b-804c-64bd69721a47","ts":"2026-08-28T11:47:18.781-04:00","eventName":"n8n.workflow.started","message":"n8n.workflow.started","payload":{"executionId":"701","workflowId":"5MOL8kKCOYcqTJCD","isManual":false,"mode":"webhook","workflowName":"AI Prep Suggestion Corrected","projectId":"f9jtqSpqgxocA0Fw","projectName":"artemii borisov22 <artemii.borisov22@icloud.com>"}}
{"__type":"$$EventMessageConfirm","confirm":"31a797b1-f6de-4a6b-804c-64bd69721a47","ts":"2026-08-28T11:47:18.781-04:00","source":{"id":"0","name":"eventBus"}}
{"__type":"$$EventMessageNode","id":"8f143388-4a6f-48a9-a21d-622fcbdfc1e1","ts":"2026-08-28T11:47:18.781-04:00","eventName":"n8n.node.started","message":"n8n.node.started","payload":{"workflowId":"5MOL8kKCOYcqTJCD","workflowName":"AI Prep Suggestion Corrected","executionId":"701","nodeType":"n8n-nodes-base.webhook","nodeName":"Webhook","nodeId":"1"}}
{"__type":"$$EventMessageConfirm","confirm":"8f143388-4a6f-48a9-a21d-622fcbdfc1e1","ts":"2026-08-28T11:47:18.781-04:00","source":{"id":"0","name":"eventBus"}}
{"__type":"$$EventMessageNode","id":"55008b4a-a83a-4fc5-ac48-41798f2bfaca","ts":"2026-08-28T11:47:18.781-04:00","eventName":"n8n.node.finished","message":"n8n.node.finished","payload":{"workflowId":"5MOL8kKCOYcqTJCD","workflowName":"AI Prep Suggestion Corrected","executionId":"701","nodeType":"n8n-nodes-base.webhook","nodeName":"Webhook","nodeId":"1"}}
{"__type":"$$EventMessageConfirm","confirm":"55008b4a-a83a-4fc5-ac48-41798f2bfaca","ts":"2026-08-28T11:47:18.781-04:00","source":{"id":"0","name":"eventBus"}}
{"__type":"$$EventMessageNode","id":"08fa56cc-affc-4b0f-a32c-33fde05ec3d2","ts":"2026-08-28T11:47:18.781-04:00","eventName":"n8n.node.started","message":"n8n.node.started","payload":{"workflowId":"5MOL8kKCOYcqTJCD","workflowName":"AI Prep Suggestion Corrected","executionId":"701","nodeType":"n8n-nodes-base.function","nodeName":"Function","nodeId":"2"}}
{"__type":"$$EventMessageConfirm","confirm":"08fa56cc-affc-4b0f-a32c-33fde05ec3d2","ts":"2026-08-28T11:47:18.781-04:00","source":{"id":"0","name":"eventBus"}}
{"__type":"$$EventMessageNode","id":"609a0018-1cf5-45d5-8543-8fd988036f58","ts":"2026-08-28T11:47:18.784-04:00","eventName":"n8n.node.finished","message":"n8n.node.finished","payload":{"workflowId":"5MOL8kKCOYcqTJCD","workflowName":"AI Prep Suggestion Corrected","executionId":"701","nodeType":"n8n-nodes-base.function","nodeName":"Function","nodeId":"2"}}
{"__type":"$$EventMessageConfirm","confirm":"609a0018-1cf5-45d5-8543-8fd988036f58","ts":"2026-08-28T11:47:18.784-04:00","source":{"id":"0","name":"eventBus"}}
{"__type":"$$EventMessageWorkflow","id":"cded8ed3-9305-4c26-990c-e27382410074","ts":"2026-08-28T11:47:18.785-04:00","eventName":"n8n.workflow.success","message":"n8n.workflow.success","payload":{"executionId":"701","success":true,"isManual":false,"mode":"webhook","workflowId":"5MOL8kKCOYcqTJCD","workflowName":"AI Prep Suggestion Corrected","projectId":"f9jtqSpqgxocA0Fw","projectName":"artemii borisov22 <artemii.borisov22@icloud.com>"}}
{"__type":"$$EventMessageConfirm","confirm":"cded8ed3-9305-4c26-990c-e27382410074","ts":"2026-08-28T11:47:18.785-04:00","source":{"id":"0","name":"eventBus"}}
{"__type":"$$EventMessageAudit","id":"c8ce3534-4dcd-43df-b72a-4910d28fdbe4","ts":"2026-08-28T11:47:18.807-04:00","eventName":"n8n.audit.workflow.executed","message":"n8n.audit.workflow.executed","payload":{"workflowId":"5MOL8kKCOYcqTJCD","workflowName":"AI Prep Suggestion Corrected","executionId":"702","projectId":"f9jtqSpqgxocA0Fw","projectName":"artemii borisov22 <artemii.borisov22@icloud.com>","source":"webhook"}}
{"__type":"$$EventMessageConfirm","confirm":"c8ce3534-4dcd-43df-b72a-4910d28fdbe4","ts":"2026-08-28T11:47:18.807-04:00","source":{"id":"0","name":"eventBus"}}
{"__type":"$$EventMessageWorkflow","id":"698e1d8b-8307-4197-b625-f54f4d3f0ac5","ts":"2026-08-28T11:47:18.835-04:00","eventName":"n8n.workflow.started","message":"n8n.workflow.started","payload":{"executionId":"702","workflowId":"5MOL8kKCOYcqTJCD","isManual":false,"mode":"webhook","workflowName":"AI Prep Suggestion Corrected","projectId":"f9jtqSpqgxocA0Fw","projectName":"artemii borisov22 <artemii.borisov22@icloud.com>"}}
{"__type":"$$EventMessageConfirm","confirm":"698e1d8b-8307-4197-b625-f54f4d3f0ac5","ts":"2026-08-28T11:47:18.835-04:00","source":{"id":"0","name":"eventBus"}}
{"__type":"$$EventMessageNode","id":"1d741774-77e4-429d-bc64-602cd47a8644","ts":"2026-08-28T11:47:18.836-04:00","eventName":"n8n.node.started","message":"n8n.node.started","payload":{"workflowId":"5MOL8kKCOYcqTJCD","workflowName":"AI Prep Suggestion Corrected","executionId":"702","nodeType":"n8n-nodes-base.webhook","nodeName":"Webhook","nodeId":"1"}}
{"__type":"$$EventMessageConfirm","confirm":"1d741774-77e4-429d-bc64-602cd47a8644","ts":"2026-08-28T11:47:18.836-04:00","source":{"id":"0","name":"eventBus"}}
{"__type":"$$EventMessageNode","id":"b4ea1f88-a4fb-42e7-ae32-7b9afaef3b40","ts":"2026-08-28T11:47:18.836-04:00","eventName":"n8n.node.finished","message":"n8n.node.finished","payload":{"workflowId":"5MOL8kKCOYcqTJCD","workflowName":"AI Prep Suggestion Corrected","executionId":"702","nodeType":"n8n-nodes-base.webhook","nodeName":"Webhook","nodeId":"1"}}
{"__type":"$$EventMessageConfirm","confirm":"b4ea1f88-a4fb-42e7-ae32-7b9afaef3b40","ts":"2026-08-28T11:47:18.836-04:00","source":{"id":"0","name":"eventBus"}}
{"__type":"$$EventMessageNode","id":"cb39f12b-5cfd-4b44-9c6b-249f902c089b","ts":"2026-08-28T11:47:18.836-04:00","eventName":"n8n.node.started","message":"n8n.node.started","payload":{"workflowId":"5MOL8kKCOYcqTJCD","workflowName":"AI Prep Suggestion Corrected","executionId":"702","nodeType":"n8n-nodes-base.function","nodeName":"Function","nodeId":"2"}}
{"__type":"$$EventMessageConfirm","confirm":"cb39f12b-5cfd-4b44-9c6b-249f902c089b","ts":"2026-08-28T11:47:18.836-04:00","source":{"id":"0","name":"eventBus"}}
{"__type":"$$EventMessageNode","id":"a6a00881-22b9-4753-a511-f6b6aa51f759","ts":"2026-08-28T11:47:18.839-04:00","eventName":"n8n.node.finished","message":"n8n.node.finished","payload":{"workflowId":"5MOL8kKCOYcqTJCD","workflowName":"AI Prep Suggestion Corrected","executionId":"702","nodeType":"n8n-nodes-base.function","nodeName":"Function","nodeId":"2"}}
{"__type":"$$EventMessageConfirm","confirm":"a6a00881-22b9-4753-a511-f6b6aa51f759","ts":"2026-08-28T11:47:18.839-04:00","source":{"id":"0","name":"eventBus"}}
{"__type":"$$EventMessageWorkflow","id":"15b5cdec-a98d-48a7-b24d-de315a562cd6","ts":"2026-08-28T11:47:18.839-04:00","eventName":"n8n.workflow.success","message":"n8n.workflow.success","payload":{"executionId":"702","success":true,"isManual":false,"mode":"webhook","workflowId":"5MOL8kKCOYcqTJCD","workflowName":"AI Prep Suggestion Corrected","projectId":"f9jtqSpqgxocA0Fw","projectName":"artemii borisov22 <artemii.borisov22@icloud.com>"}}
{"__type":"$$EventMessageConfirm","confirm":"15b5cdec-a98d-48a7-b24d-de315a562cd6","ts":"2026-08-28T11:47:18.839-04:00","source":{"id":"0","name":"eventBus"}}
{"__type":"$$EventMessageAudit","id":"ea3108ef-7e1e-4e7a-82d6-59954ab63bde","ts":"2026-08-28T11:47:18.855-04:00","eventName":"n8n.audit.workflow.executed","message":"n8n.audit.workflow.executed","payload":{"workflowId":"5MOL8kKCOYcqTJCD","workflowName":"AI Prep Suggestion Corrected","executionId":"703","projectId":"f9jtqSpqgxocA0Fw","projectName":"artemii borisov22 <artemii.borisov22@icloud.com>","source":"webhook"}}
{"__type":"$$EventMessageConfirm","confirm":"ea3108ef-7e1e-4e7a-82d6-59954ab63bde","ts":"2026-08-28T11:47:18.855-04:00","source":{"id":"0","name":"eventBus"}}
{"__type":"$$EventMessageWorkflow","id":"5699f37e-fe10-487e-8757-84baf6dbb6c6","ts":"2026-08-28T11:47:18.884-04:00","eventName":"n8n.workflow.started","message":"n8n.workflow.started","payload":{"executionId":"703","workflowId":"5MOL8kKCOYcqTJCD","isManual":false,"mode":"webhook","workflowName":"AI Prep Suggestion Corrected","projectId":"f9jtqSpqgxocA0Fw","projectName":"artemii borisov22 <artemii.borisov22@icloud.com>"}}
{"__type":"$$EventMessageConfirm","confirm":"5699f37e-fe10-487e-8757-84baf6dbb6c6","ts":"2026-08-28T11:47:18.884-04:00","source":{"id":"0","name":"eventBus"}}
{"__type":"$$EventMessageNode","id":"5a2517a6-4e3c-46f8-8c9f-c39f872f8e62","ts":"2026-08-28T11:47:18.884-04:00","eventName":"n8n.node.started","message":"n8n.node.started","payload":{"workflowId":"5MOL8kKCOYcqTJCD","workflowName":"AI Prep Suggestion Corrected","executionId":"703","nodeType":"n8n-nodes-base.webhook","nodeName":"Webhook","nodeId":"1"}}
{"__type":"$$EventMessageConfirm","confirm":"5a2517a6-4e3c-46f8-8c9f-c39f872f8e62","ts":"2026-08-28T11:47:18.884-04:00","source":{"id":"0","name":"eventBus"}}
{"__type":"$$EventMessageNode","id":"67378f92-3b99-4386-9d5d-3551431760d7","ts":"2026-08-28T11:47:18.884-04:00","eventName":"n8n.node.finished","message":"n8n.node.finished","payload":{"workflowId":"5MOL8kKCOYcqTJCD","workflowName":"AI Prep Suggestion Corrected","executionId":"703","nodeType":"n8n-nodes-base.webhook","nodeName":"Webhook","nodeId":"1"}}
{"__type":"$$EventMessageConfirm","confirm":"67378f92-3b99-4386-9d5d-3551431760d7","ts":"2026-08-28T11:47:18.884-04:00","source":{"id":"0","name":"eventBus"}}
{"__type":"$$EventMessageNode","id":"f21b01d9-1eb1-4273-b397-dcc8c46126eb","ts":"2026-08-28T11:47:18.884-04:00","eventName":"n8n.node.started","message":"n8n.node.started","payload":{"workflowId":"5MOL8kKCOYcqTJCD","workflowName":"AI Prep Suggestion Corrected","executionId":"703","nodeType":"n8n-nodes-base.function","nodeName":"Function","nodeId":"2"}}
{"__type":"$$EventMessageConfirm","confirm":"f21b01d9-1eb1-4273-b397-dcc8c46126eb","ts":"2026-08-28T11:47:18.884-04:00","source":{"id":"0","name":"eventBus"}}
{"__type":"$$EventMessageNode","id":"7fbd6cc8-c9c5-43c7-92c5-0b01de68f3eb","ts":"2026-08-28T11:47:18.887-04:00","eventName":"n8n.node.finished","message":"n8n.node.finished","payload":{"workflowId":"5MOL8kKCOYcqTJCD","workflowName":"AI Prep Suggestion Corrected","executionId":"703","nodeType":"n8n-nodes-base.function","nodeName":"Function","nodeId":"2"}}
{"__type":"$$EventMessageConfirm","confirm":"7fbd6cc8-c9c5-43c7-92c5-0b01de68f3eb","ts":"2026-08-28T11:47:18.887-04:00","source":{"id":"0","name":"eventBus"}}
{"__type":"$$EventMessageWorkflow","id":"c0c8c5df-b9a9-41fc-a5c2-6397b1041bd8","ts":"2026-08-28T11:47:18.888-04:00","eventName":"n8n.workflow.success","message":"n8n.workflow.success","payload":{"executionId":"703","success":true,"isManual":false,"mode":"webhook","workflowId":"5MOL8kKCOYcqTJCD","workflowName":"AI Prep Suggestion Corrected","projectId":"f9jtqSpqgxocA0Fw","projectName":"artemii borisov22 <artemii.borisov22@icloud.com>"}}
{"__type":"$$EventMessageConfirm","confirm":"c0c8c5df-b9a9-41fc-a5c2-6397b1041bd8","ts":"2026-08-28T11:47:18.888-04:00","source":{"id":"0","name":"eventBus"}}
{"__type":"$$EventMessageAudit","id":"1ad97cf0-21c4-46d7-b14d-d556d7420356","ts":"2026-08-28T11:47:18.954-04:00","eventName":"n8n.audit.workflow.executed","message":"n8n.audit.workflow.executed","payload":{"workflowId":"5MOL8kKCOYcqTJCD","workflowName":"AI Prep Suggestion Corrected","executionId":"704","projectId":"f9jtqSpqgxocA0Fw","projectName":"artemii borisov22 <artemii.borisov22@icloud.com>","source":"webhook"}}
{"__type":"$$EventMessageConfirm","confirm":"1ad97cf0-21c4-46d7-b14d-d556d7420356","ts":"2026-08-28T11:47:18.954-04:00","source":{"id":"0","name":"eventBus"}}
{"__type":"$$EventMessageWorkflow","id":"a9c87a32-2d52-4a15-b193-9fc4aecde736","ts":"2026-08-28T11:47:18.954-04:00","eventName":"n8n.workflow.started","message":"n8n.workflow.started","payload":{"executionId":"704","workflowId":"5MOL8kKCOYcqTJCD","isManual":false,"mode":"webhook","workflowName":"AI Prep Suggestion Corrected","projectId":"f9jtqSpqgxocA0Fw","projectName":"artemii borisov22 <artemii.borisov22@icloud.com>"}}
{"__type":"$$EventMessageConfirm","confirm":"a9c87a32-2d52-4a15-b193-9fc4aecde736","ts":"2026-08-28T11:47:18.954-04:00","source":{"id":"0","name":"eventBus"}}
{"__type":"$$EventMessageNode","id":"9badf59d-e516-465d-afc2-53a69f4fb2c0","ts":"2026-08-28T11:47:18.954-04:00","eventName":"n8n.node.started","message":"n8n.node.started","payload":{"workflowId":"5MOL8kKCOYcqTJCD","workflowName":"AI Prep Suggestion Corrected","executionId":"704","nodeType":"n8n-nodes-base.webhook","nodeName":"Webhook","nodeId":"1"}}
{"__type":"$$EventMessageConfirm","confirm":"9badf59d-e516-465d-afc2-53a69f4fb2c0","ts":"2026-08-28T11:47:18.954-04:00","source":{"id":"0","name":"eventBus"}}
{"__type":"$$EventMessageNode","id":"3935916b-e587-495a-adfd-180bf78ac906","ts":"2026-08-28T11:47:18.955-04:00","eventName":"n8n.node.finished","message":"n8n.node.finished","payload":{"workflowId":"5MOL8kKCOYcqTJCD","workflowName":"AI Prep Suggestion Corrected","executionId":"704","nodeType":"n8n-nodes-base.webhook","nodeName":"Webhook","nodeId":"1"}}
{"__type":"$$EventMessageConfirm","confirm":"3935916b-e587-495a-adfd-180bf78ac906","ts":"2026-08-28T11:47:18.955-04:00","source":{"id":"0","name":"eventBus"}}
{"__type":"$$EventMessageNode","id":"d12829a2-d824-4012-a5be-575a4ee3a8d4","ts":"2026-08-28T11:47:18.955-04:00","eventName":"n8n.node.started","message":"n8n.node.started","payload":{"workflowId":"5MOL8kKCOYcqTJCD","workflowName":"AI Prep Suggestion Corrected","executionId":"704","nodeType":"n8n-nodes-base.function","nodeName":"Function","nodeId":"2"}}
{"__type":"$$EventMessageConfirm","confirm":"d12829a2-d824-4012-a5be-575a4ee3a8d4","ts":"2026-08-28T11:47:18.955-04:00","source":{"id":"0","name":"eventBus"}}
{"__type":"$$EventMessageNode","id":"c912f930-bd1d-4248-9f2e-71b5ed0ed383","ts":"2026-08-28T11:47:18.958-04:00","eventName":"n8n.node.finished","message":"n8n.node.finished","payload":{"workflowId":"5MOL8kKCOYcqTJCD","workflowName":"AI Prep Suggestion Corrected","executionId":"704","nodeType":"n8n-nodes-base.function","nodeName":"Function","nodeId":"2"}}
{"__type":"$$EventMessageConfirm","confirm":"c912f930-bd1d-4248-9f2e-71b5ed0ed383","ts":"2026-08-28T11:47:18.958-04:00","source":{"id":"0","name":"eventBus"}}
{"__type":"$$EventMessageWorkflow","id":"7866bce4-ecda-45bc-a42b-48cf364fcba9","ts":"2026-08-28T11:47:18.958-04:00","eventName":"n8n.workflow.success","message":"n8n.workflow.success","payload":{"executionId":"704","success":true,"isManual":false,"mode":"webhook","workflowId":"5MOL8kKCOYcqTJCD","workflowName":"AI Prep Suggestion Corrected","projectId":"f9jtqSpqgxocA0Fw","projectName":"artemii borisov22 <artemii.borisov22@icloud.com>"}}
{"__type":"$$EventMessageConfirm","confirm":"7866bce4-ecda-45bc-a42b-48cf364fcba9","ts":"2026-08-28T11:47:18.958-04:00","source":{"id":"0","name":"eventBus"}}
{"__type":"$$EventMessageAudit","id":"ec400c55-0bda-4764-8382-9941c8440c61","ts":"2026-08-28T11:47:19.006-04:00","eventName":"n8n.audit.workflow.executed","message":"n8n.audit.workflow.executed","payload":{"workflowId":"5MOL8kKCOYcqTJCD","workflowName":"AI Prep Suggestion Corrected","executionId":"705","projectId":"f9jtqSpqgxocA0Fw","projectName":"artemii borisov22 <artemii.borisov22@icloud.com>","source":"webhook"}}
{"__type":"$$EventMessageConfirm","confirm":"ec400c55-0bda-4764-8382-9941c8440c61","ts":"2026-08-28T11:47:19.006-04:00","source":{"id":"0","name":"eventBus"}}
{"__type":"$$EventMessageWorkflow","id":"31f52d40-3751-476d-b10d-54e197fd65c4","ts":"2026-08-28T11:47:19.006-04:00","eventName":"n8n.workflow.started","message":"n8n.workflow.started","payload":{"executionId":"705","workflowId":"5MOL8kKCOYcqTJCD","isManual":false,"mode":"webhook","workflowName":"AI Prep Suggestion Corrected","projectId":"f9jtqSpqgxocA0Fw","projectName":"artemii borisov22 <artemii.borisov22@icloud.com>"}}
{"__type":"$$EventMessageConfirm","confirm":"31f52d40-3751-476d-b10d-54e197fd65c4","ts":"2026-08-28T11:47:19.006-04:00","source":{"id":"0","name":"eventBus"}}
{"__type":"$$EventMessageNode","id":"7386392f-a4e5-4612-bb14-b2aca9577e34","ts":"2026-08-28T11:47:19.006-04:00","eventName":"n8n.node.started","message":"n8n.node.started","payload":{"workflowId":"5MOL8kKCOYcqTJCD","workflowName":"AI Prep Suggestion Corrected","executionId":"705","nodeType":"n8n-nodes-base.webhook","nodeName":"Webhook","nodeId":"1"}}
{"__type":"$$EventMessageConfirm","confirm":"7386392f-a4e5-4612-bb14-b2aca9577e34","ts":"2026-08-28T11:47:19.006-04:00","source":{"id":"0","name":"eventBus"}}
{"__type":"$$EventMessageNode","id":"db884e86-2d8b-4aef-a771-dad686831130","ts":"2026-08-28T11:47:19.007-04:00","eventName":"n8n.node.finished","message":"n8n.node.finished","payload":{"workflowId":"5MOL8kKCOYcqTJCD","workflowName":"AI Prep Suggestion Corrected","executionId":"705","nodeType":"n8n-nodes-base.webhook","nodeName":"Webhook","nodeId":"1"}}
{"__type":"$$EventMessageConfirm","confirm":"db884e86-2d8b-4aef-a771-dad686831130","ts":"2026-08-28T11:47:19.007-04:00","source":{"id":"0","name":"eventBus"}}
{"__type":"$$EventMessageNode","id":"1b7523d6-31c2-4d95-925d-d7044f8cd689","ts":"2026-08-28T11:47:19.007-04:00","eventName":"n8n.node.started","message":"n8n.node.started","payload":{"workflowId":"5MOL8kKCOYcqTJCD","workflowName":"AI Prep Suggestion Corrected","executionId":"705","nodeType":"n8n-nodes-base.function","nodeName":"Function","nodeId":"2"}}
{"__type":"$$EventMessageConfirm","confirm":"1b7523d6-31c2-4d95-925d-d7044f8cd689","ts":"2026-08-28T11:47:19.007-04:00","source":{"id":"0","name":"eventBus"}}
{"__type":"$$EventMessageNode","id":"2c6315c9-431b-4c30-9f4b-0e10efc2d865","ts":"2026-08-28T11:47:19.009-04:00","eventName":"n8n.node.finished","message":"n8n.node.finished","payload":{"workflowId":"5MOL8kKCOYcqTJCD","workflowName":"AI Prep Suggestion Corrected","executionId":"705","nodeType":"n8n-nodes-base.function","nodeName":"Function","nodeId":"2"}}
{"__type":"$$EventMessageConfirm","confirm":"2c6315c9-431b-4c30-9f4b-0e10efc2d865","ts":"2026-08-28T11:47:19.009-04:00","source":{"id":"0","name":"eventBus"}}
{"__type":"$$EventMessageWorkflow","id":"d4b8fb3f-9288-478f-945a-9a5c83518f5f","ts":"2026-08-28T11:47:19.010-04:00","eventName":"n8n.workflow.success","message":"n8n.workflow.success","payload":{"executionId":"705","success":true,"isManual":false,"mode":"webhook","workflowId":"5MOL8kKCOYcqTJCD","workflowName":"AI Prep Suggestion Corrected","projectId":"f9jtqSpqgxocA0Fw","projectName":"artemii borisov22 <artemii.borisov22@icloud.com>"}}
{"__type":"$$EventMessageConfirm","confirm":"d4b8fb3f-9288-478f-945a-9a5c83518f5f","ts":"2026-08-28T11:47:19.010-04:00","source":{"id":"0","name":"eventBus"}}
{"__type":"$$EventMessageAudit","id":"5ce72276-6612-4743-86db-2a9533735675","ts":"2026-08-28T11:47:19.054-04:00","eventName":"n8n.audit.workflow.executed","message":"n8n.audit.workflow.executed","payload":{"workflowId":"5MOL8kKCOYcqTJCD","workflowName":"AI Prep Suggestion Corrected","executionId":"706","projectId":"f9jtqSpqgxocA0Fw","projectName":"artemii borisov22 <artemii.borisov22@icloud.com>","source":"webhook"}}
{"__type":"$$EventMessageConfirm","confirm":"5ce72276-6612-4743-86db-2a9533735675","ts":"2026-08-28T11:47:19.054-04:00","source":{"id":"0","name":"eventBus"}}
{"__type":"$$EventMessageWorkflow","id":"97657ab9-27ad-49bf-8003-6bdd8f4b181c","ts":"2026-08-28T11:47:19.054-04:00","eventName":"n8n.workflow.started","message":"n8n.workflow.started","payload":{"executionId":"706","workflowId":"5MOL8kKCOYcqTJCD","isManual":false,"mode":"webhook","workflowName":"AI Prep Suggestion Corrected","projectId":"f9jtqSpqgxocA0Fw","projectName":"artemii borisov22 <artemii.borisov22@icloud.com>"}}
{"__type":"$$EventMessageConfirm","confirm":"97657ab9-27ad-49bf-8003-6bdd8f4b181c","ts":"2026-08-28T11:47:19.054-04:00","source":{"id":"0","name":"eventBus"}}
{"__type":"$$EventMessageNode","id":"58bd0b11-25ac-4849-8eb6-b517317d56a4","ts":"2026-08-28T11:47:19.054-04:00","eventName":"n8n.node.started","message":"n8n.node.started","payload":{"workflowId":"5MOL8kKCOYcqTJCD","workflowName":"AI Prep Suggestion Corrected","executionId":"706","nodeType":"n8n-nodes-base.webhook","nodeName":"Webhook","nodeId":"1"}}
{"__type":"$$EventMessageConfirm","confirm":"58bd0b11-25ac-4849-8eb6-b517317d56a4","ts":"2026-08-28T11:47:19.054-04:00","source":{"id":"0","name":"eventBus"}}
{"__type":"$$EventMessageNode","id":"25d19b47-e2ab-4082-a581-2335d50986c7","ts":"2026-08-28T11:47:19.054-04:00","eventName":"n8n.node.finished","message":"n8n.node.finished","payload":{"workflowId":"5MOL8kKCOYcqTJCD","workflowName":"AI Prep Suggestion Corrected","executionId":"706","nodeType":"n8n-nodes-base.webhook","nodeName":"Webhook","nodeId":"1"}}
{"__type":"$$EventMessageConfirm","confirm":"25d19b47-e2ab-4082-a581-2335d50986c7","ts":"2026-08-28T11:47:19.054-04:00","source":{"id":"0","name":"eventBus"}}
{"__type":"$$EventMessageNode","id":"b18d8ca3-d787-49d4-bb5c-6c58732c790d","ts":"2026-08-28T11:47:19.054-04:00","eventName":"n8n.node.started","message":"n8n.node.started","payload":{"workflowId":"5MOL8kKCOYcqTJCD","workflowName":"AI Prep Suggestion Corrected","executionId":"706","nodeType":"n8n-nodes-base.function","nodeName":"Function","nodeId":"2"}}
{"__type":"$$EventMessageConfirm","confirm":"b18d8ca3-d787-49d4-bb5c-6c58732c790d","ts":"2026-08-28T11:47:19.054-04:00","source":{"id":"0","name":"eventBus"}}
{"__type":"$$EventMessageNode","id":"5b8de823-3cf9-4eb2-8f4b-80b6eb87603e","ts":"2026-08-28T11:47:19.057-04:00","eventName":"n8n.node.finished","message":"n8n.node.finished","payload":{"workflowId":"5MOL8kKCOYcqTJCD","workflowName":"AI Prep Suggestion Corrected","executionId":"706","nodeType":"n8n-nodes-base.function","nodeName":"Function","nodeId":"2"}}
{"__type":"$$EventMessageConfirm","confirm":"5b8de823-3cf9-4eb2-8f4b-80b6eb87603e","ts":"2026-08-28T11:47:19.057-04:00","source":{"id":"0","name":"eventBus"}}
{"__type":"$$EventMessageWorkflow","id":"43d1489d-5afd-44ed-b40b-e68f3b344ff3","ts":"2026-08-28T11:47:19.057-04:00","eventName":"n8n.workflow.success","message":"n8n.workflow.success","payload":{"executionId":"706","success":true,"isManual":false,"mode":"webhook","workflowId":"5MOL8kKCOYcqTJCD","workflowName":"AI Prep Suggestion Corrected","projectId":"f9jtqSpqgxocA0Fw","projectName":"artemii borisov22 <artemii.borisov22@icloud.com>"}}
{"__type":"$$EventMessageConfirm","confirm":"43d1489d-5afd-44ed-b40b-e68f3b344ff3","ts":"2026-08-28T11:47:19.057-04:00","source":{"id":"0","name":"eventBus"}}
{"__type":"$$EventMessageAudit","id":"259a8876-b6e3-46a4-9719-9cee9abc1ce6","ts":"2026-08-28T11:47:19.101-04:00","eventName":"n8n.audit.workflow.executed","message":"n8n.audit.workflow.executed","payload":{"workflowId":"5MOL8kKCOYcqTJCD","workflowName":"AI Prep Suggestion Corrected","executionId":"707","projectId":"f9jtqSpqgxocA0Fw","projectName":"artemii borisov22 <artemii.borisov22@icloud.com>","source":"webhook"}}
{"__type":"$$EventMessageConfirm","confirm":"259a8876-b6e3-46a4-9719-9cee9abc1ce6","ts":"2026-08-28T11:47:19.101-04:00","source":{"id":"0","name":"eventBus"}}
{"__type":"$$EventMessageWorkflow","id":"ab83865f-af70-49d7-b7ad-018564b54874","ts":"2026-08-28T11:47:19.101-04:00","eventName":"n8n.workflow.started","message":"n8n.workflow.started","payload":{"executionId":"707","workflowId":"5MOL8kKCOYcqTJCD","isManual":false,"mode":"webhook","workflowName":"AI Prep Suggestion Corrected","projectId":"f9jtqSpqgxocA0Fw","projectName":"artemii borisov22 <artemii.borisov22@icloud.com>"}}
{"__type":"$$EventMessageConfirm","confirm":"ab83865f-af70-49d7-b7ad-018564b54874","ts":"2026-08-28T11:47:19.101-04:00","source":{"id":"0","name":"eventBus"}}
{"__type":"$$EventMessageNode","id":"bd347653-cca5-48a8-abc9-07ada5a0da85","ts":"2026-08-28T11:47:19.101-04:00","eventName":"n8n.node.started","message":"n8n.node.started","payload":{"workflowId":"5MOL8kKCOYcqTJCD","workflowName":"AI Prep Suggestion Corrected","executionId":"707","nodeType":"n8n-nodes-base.webhook","nodeName":"Webhook","nodeId":"1"}}
{"__type":"$$EventMessageConfirm","confirm":"bd347653-cca5-48a8-abc9-07ada5a0da85","ts":"2026-08-28T11:47:19.101-04:00","source":{"id":"0","name":"eventBus"}}
{"__type":"$$EventMessageNode","id":"365af066-f83a-4b7b-8a7c-4078c5c69557","ts":"2026-08-28T11:47:19.101-04:00","eventName":"n8n.node.finished","message":"n8n.node.finished","payload":{"workflowId":"5MOL8kKCOYcqTJCD","workflowName":"AI Prep Suggestion Corrected","executionId":"707","nodeType":"n8n-nodes-base.webhook","nodeName":"Webhook","nodeId":"1"}}
{"__type":"$$EventMessageConfirm","confirm":"365af066-f83a-4b7b-8a7c-4078c5c69557","ts":"2026-08-28T11:47:19.101-04:00","source":{"id":"0","name":"eventBus"}}
{"__type":"$$EventMessageNode","id":"2b0d67af-456d-4f14-a916-1b70a615de4e","ts":"2026-08-28T11:47:19.101-04:00","eventName":"n8n.node.started","message":"n8n.node.started","payload":{"workflowId":"5MOL8kKCOYcqTJCD","workflowName":"AI Prep Suggestion Corrected","executionId":"707","nodeType":"n8n-nodes-base.function","nodeName":"Function","nodeId":"2"}}
{"__type":"$$EventMessageConfirm","confirm":"2b0d67af-456d-4f14-a916-1b70a615de4e","ts":"2026-08-28T11:47:19.101-04:00","source":{"id":"0","name":"eventBus"}}
{"__type":"$$EventMessageNode","id":"105c42f4-7392-426a-b173-35e93172faab","ts":"2026-08-28T11:47:19.104-04:00","eventName":"n8n.node.finished","message":"n8n.node.finished","payload":{"workflowId":"5MOL8kKCOYcqTJCD","workflowName":"AI Prep Suggestion Corrected","executionId":"707","nodeType":"n8n-nodes-base.function","nodeName":"Function","nodeId":"2"}}
{"__type":"$$EventMessageConfirm","confirm":"105c42f4-7392-426a-b173-35e93172faab","ts":"2026-08-28T11:47:19.104-04:00","source":{"id":"0","name":"eventBus"}}
{"__type":"$$EventMessageWorkflow","id":"b1c1bbab-8cc7-4af3-b3f7-25972415d4d7","ts":"2026-08-28T11:47:19.104-04:00","eventName":"n8n.workflow.success","message":"n8n.workflow.success","payload":{"executionId":"707","success":true,"isManual":false,"mode":"webhook","workflowId":"5MOL8kKCOYcqTJCD","workflowName":"AI Prep Suggestion Corrected","projectId":"f9jtqSpqgxocA0Fw","projectName":"artemii borisov22 <artemii.borisov22@icloud.com>"}}
{"__type":"$$EventMessageConfirm","confirm":"b1c1bbab-8cc7-4af3-b3f7-25972415d4d7","ts":"2026-08-28T11:47:19.104-04:00","source":{"id":"0","name":"eventBus"}}
{"__type":"$$EventMessageAudit","id":"a63101b0-9d1d-4808-97e7-b7d1c7514e14","ts":"2026-08-28T11:47:19.148-04:00","eventName":"n8n.audit.workflow.executed","message":"n8n.audit.workflow.executed","payload":{"workflowId":"5MOL8kKCOYcqTJCD","workflowName":"AI Prep Suggestion Corrected","executionId":"708","projectId":"f9jtqSpqgxocA0Fw","projectName":"artemii borisov22 <artemii.borisov22@icloud.com>","source":"webhook"}}
{"__type":"$$EventMessageConfirm","confirm":"a63101b0-9d1d-4808-97e7-b7d1c7514e14","ts":"2026-08-28T11:47:19.148-04:00","source":{"id":"0","name":"eventBus"}}
{"__type":"$$EventMessageWorkflow","id":"77f74ecd-a12d-4aa2-b2e6-c57eb79d78e4","ts":"2026-08-28T11:47:19.148-04:00","eventName":"n8n.workflow.started","message":"n8n.workflow.started","payload":{"executionId":"708","workflowId":"5MOL8kKCOYcqTJCD","isManual":false,"mode":"webhook","workflowName":"AI Prep Suggestion Corrected","projectId":"f9jtqSpqgxocA0Fw","projectName":"artemii borisov22 <artemii.borisov22@icloud.com>"}}
{"__type":"$$EventMessageConfirm","confirm":"77f74ecd-a12d-4aa2-b2e6-c57eb79d78e4","ts":"2026-08-28T11:47:19.148-04:00","source":{"id":"0","name":"eventBus"}}
{"__type":"$$EventMessageNode","id":"312d2241-3c7e-4a24-88d5-37debf463aa3","ts":"2026-08-28T11:47:19.148-04:00","eventName":"n8n.node.started","message":"n8n.node.started","payload":{"workflowId":"5MOL8kKCOYcqTJCD","workflowName":"AI Prep Suggestion Corrected","executionId":"708","nodeType":"n8n-nodes-base.webhook","nodeName":"Webhook","nodeId":"1"}}
{"__type":"$$EventMessageConfirm","confirm":"312d2241-3c7e-4a24-88d5-37debf463aa3","ts":"2026-08-28T11:47:19.148-04:00","source":{"id":"0","name":"eventBus"}}
{"__type":"$$EventMessageNode","id":"ebe2e123-54d9-457b-9e3d-85703f73b23a","ts":"2026-08-28T11:47:19.148-04:00","eventName":"n8n.node.finished","message":"n8n.node.finished","payload":{"workflowId":"5MOL8kKCOYcqTJCD","workflowName":"AI Prep Suggestion Corrected","executionId":"708","nodeType":"n8n-nodes-base.webhook","nodeName":"Webhook","nodeId":"1"}}
{"__type":"$$EventMessageConfirm","confirm":"ebe2e123-54d9-457b-9e3d-85703f73b23a","ts":"2026-08-28T11:47:19.148-04:00","source":{"id":"0","name":"eventBus"}}
{"__type":"$$EventMessageNode","id":"09001c87-c0ad-4737-8d29-7e04a6d26f83","ts":"2026-08-28T11:47:19.148-04:00","eventName":"n8n.node.started","message":"n8n.node.started","payload":{"workflowId":"5MOL8kKCOYcqTJCD","workflowName":"AI Prep Suggestion Corrected","executionId":"708","nodeType":"n8n-nodes-base.function","nodeName":"Function","nodeId":"2"}}
{"__type":"$$EventMessageConfirm","confirm":"09001c87-c0ad-4737-8d29-7e04a6d26f83","ts":"2026-08-28T11:47:19.148-04:00","source":{"id":"0","name":"eventBus"}}
{"__type":"$$EventMessageNode","id":"7466ed57-644c-486c-9fbf-25c5be613f2f","ts":"2026-08-28T11:47:19.151-04:00","eventName":"n8n.node.finished","message":"n8n.node.finished","payload":{"workflowId":"5MOL8kKCOYcqTJCD","workflowName":"AI Prep Suggestion Corrected","executionId":"708","nodeType":"n8n-nodes-base.function","nodeName":"Function","nodeId":"2"}}
{"__type":"$$EventMessageConfirm","confirm":"7466ed57-644c-486c-9fbf-25c5be613f2f","ts":"2026-08-28T11:47:19.151-04:00","source":{"id":"0","name":"eventBus"}}
{"__type":"$$EventMessageWorkflow","id":"9344cfdc-7d7f-46c1-b4ba-9c2334cb922a","ts":"2026-08-28T11:47:19.151-04:00","eventName":"n8n.workflow.success","message":"n8n.workflow.success","payload":{"executionId":"708","success":true,"isManual":false,"mode":"webhook","workflowId":"5MOL8kKCOYcqTJCD","workflowName":"AI Prep Suggestion Corrected","projectId":"f9jtqSpqgxocA0Fw","projectName":"artemii borisov22 <artemii.borisov22@icloud.com>"}}
{"__type":"$$EventMessageConfirm","confirm":"9344cfdc-7d7f-46c1-b4ba-9c2334cb922a","ts":"2026-08-28T11:47:19.151-04:00","source":{"id":"0","name":"eventBus"}}
{"__type":"$$EventMessageAudit","id":"c9e43103-c359-425a-a1fd-866d7694c833","ts":"2026-08-28T11:47:19.194-04:00","eventName":"n8n.audit.workflow.executed","message":"n8n.audit.workflow.executed","payload":{"workflowId":"5MOL8kKCOYcqTJCD","workflowName":"AI Prep Suggestion Corrected","executionId":"709","projectId":"f9jtqSpqgxocA0Fw","projectName":"artemii borisov22 <artemii.borisov22@icloud.com>","source":"webhook"}}
{"__type":"$$EventMessageConfirm","confirm":"c9e43103-c359-425a-a1fd-866d7694c833","ts":"2026-08-28T11:47:19.194-04:00","source":{"id":"0","name":"eventBus"}}
{"__type":"$$EventMessageWorkflow","id":"00a541c0-e5f7-49d2-ab98-49e36ac5962b","ts":"2026-08-28T11:47:19.194-04:00","eventName":"n8n.workflow.started","message":"n8n.workflow.started","payload":{"executionId":"709","workflowId":"5MOL8kKCOYcqTJCD","isManual":false,"mode":"webhook","workflowName":"AI Prep Suggestion Corrected","projectId":"f9jtqSpqgxocA0Fw","projectName":"artemii borisov22 <artemii.borisov22@icloud.com>"}}
{"__type":"$$EventMessageConfirm","confirm":"00a541c0-e5f7-49d2-ab98-49e36ac5962b","ts":"2026-08-28T11:47:19.194-04:00","source":{"id":"0","name":"eventBus"}}
{"__type":"$$EventMessageNode","id":"b53eb50a-3f89-4ac2-8089-29a836fab3b2","ts":"2026-08-28T11:47:19.194-04:00","eventName":"n8n.node.started","message":"n8n.node.started","payload":{"workflowId":"5MOL8kKCOYcqTJCD","workflowName":"AI Prep Suggestion Corrected","executionId":"709","nodeType":"n8n-nodes-base.webhook","nodeName":"Webhook","nodeId":"1"}}
{"__type":"$$EventMessageConfirm","confirm":"b53eb50a-3f89-4ac2-8089-29a836fab3b2","ts":"2026-08-28T11:47:19.194-04:00","source":{"id":"0","name":"eventBus"}}
{"__type":"$$EventMessageNode","id":"827b1648-78e6-4ce4-8f8d-c55d23ff0727","ts":"2026-08-28T11:47:19.194-04:00","eventName":"n8n.node.finished","message":"n8n.node.finished","payload":{"workflowId":"5MOL8kKCOYcqTJCD","workflowName":"AI Prep Suggestion Corrected","executionId":"709","nodeType":"n8n-nodes-base.webhook","nodeName":"Webhook","nodeId":"1"}}
{"__type":"$$EventMessageConfirm","confirm":"827b1648-78e6-4ce4-8f8d-c55d23ff0727","ts":"2026-08-28T11:47:19.194-04:00","source":{"id":"0","name":"eventBus"}}
{"__type":"$$EventMessageNode","id":"af549c09-52a2-401b-a421-6364a33066c1","ts":"2026-08-28T11:47:19.195-04:00","eventName":"n8n.node.started","message":"n8n.node.started","payload":{"workflowId":"5MOL8kKCOYcqTJCD","workflowName":"AI Prep Suggestion Corrected","executionId":"709","nodeType":"n8n-nodes-base.function","nodeName":"Function","nodeId":"2"}}
{"__type":"$$EventMessageConfirm","confirm":"af549c09-52a2-401b-a421-6364a33066c1","ts":"2026-08-28T11:47:19.195-04:00","source":{"id":"0","name":"eventBus"}}
{"__type":"$$EventMessageNode","id":"23d5f90e-8265-40d3-a488-882e7bc1a8f6","ts":"2026-08-28T11:47:19.197-04:00","eventName":"n8n.node.finished","message":"n8n.node.finished","payload":{"workflowId":"5MOL8kKCOYcqTJCD","workflowName":"AI Prep Suggestion Corrected","executionId":"709","nodeType":"n8n-nodes-base.function","nodeName":"Function","nodeId":"2"}}
{"__type":"$$EventMessageConfirm","confirm":"23d5f90e-8265-40d3-a488-882e7bc1a8f6","ts":"2026-08-28T11:47:19.197-04:00","source":{"id":"0","name":"eventBus"}}
{"__type":"$$EventMessageWorkflow","id":"abd7148e-8501-483b-9d32-e796a878f6ff","ts":"2026-08-28T11:47:19.198-04:00","eventName":"n8n.workflow.success","message":"n8n.workflow.success","payload":{"executionId":"709","success":true,"isManual":false,"mode":"webhook","workflowId":"5MOL8kKCOYcqTJCD","workflowName":"AI Prep Suggestion Corrected","projectId":"f9jtqSpqgxocA0Fw","projectName":"artemii borisov22 <artemii.borisov22@icloud.com>"}}
{"__type":"$$EventMessageConfirm","confirm":"abd7148e-8501-483b-9d32-e796a878f6ff","ts":"2026-08-28T11:47:19.198-04:00","source":{"id":"0","name":"eventBus"}}
{"__type":"$$EventMessageAudit","id":"d7b341f3-dc86-4eac-87e3-1d456875ed72","ts":"2026-08-28T11:47:19.261-04:00","eventName":"n8n.audit.workflow.executed","message":"n8n.audit.workflow.executed","payload":{"workflowId":"5MOL8kKCOYcqTJCD","workflowName":"AI Prep Suggestion Corrected","executionId":"710","projectId":"f9jtqSpqgxocA0Fw","projectName":"artemii borisov22 <artemii.borisov22@icloud.com>","source":"webhook"}}
{"__type":"$$EventMessageConfirm","confirm":"d7b341f3-dc86-4eac-87e3-1d456875ed72","ts":"2026-08-28T11:47:19.261-04:00","source":{"id":"0","name":"eventBus"}}
{"__type":"$$EventMessageWorkflow","id":"9788117c-1c9e-44fd-8e21-df4968f2a95c","ts":"2026-08-28T11:47:19.262-04:00","eventName":"n8n.workflow.started","message":"n8n.workflow.started","payload":{"executionId":"710","workflowId":"5MOL8kKCOYcqTJCD","isManual":false,"mode":"webhook","workflowName":"AI Prep Suggestion Corrected","projectId":"f9jtqSpqgxocA0Fw","projectName":"artemii borisov22 <artemii.borisov22@icloud.com>"}}
{"__type":"$$EventMessageConfirm","confirm":"9788117c-1c9e-44fd-8e21-df4968f2a95c","ts":"2026-08-28T11:47:19.262-04:00","source":{"id":"0","name":"eventBus"}}
{"__type":"$$EventMessageNode","id":"26cd7877-978a-4f7f-a1a1-08d4b8dcce63","ts":"2026-08-28T11:47:19.262-04:00","eventName":"n8n.node.started","message":"n8n.node.started","payload":{"workflowId":"5MOL8kKCOYcqTJCD","workflowName":"AI Prep Suggestion Corrected","executionId":"710","nodeType":"n8n-nodes-base.webhook","nodeName":"Webhook","nodeId":"1"}}
{"__type":"$$EventMessageConfirm","confirm":"26cd7877-978a-4f7f-a1a1-08d4b8dcce63","ts":"2026-08-28T11:47:19.262-04:00","source":{"id":"0","name":"eventBus"}}
{"__type":"$$EventMessageNode","id":"4a32ffe5-1c9c-428e-972c-a1a16890321a","ts":"2026-08-28T11:47:19.262-04:00","eventName":"n8n.node.finished","message":"n8n.node.finished","payload":{"workflowId":"5MOL8kKCOYcqTJCD","workflowName":"AI Prep Suggestion Corrected","executionId":"710","nodeType":"n8n-nodes-base.webhook","nodeName":"Webhook","nodeId":"1"}}
{"__type":"$$EventMessageConfirm","confirm":"4a32ffe5-1c9c-428e-972c-a1a16890321a","ts":"2026-08-28T11:47:19.262-04:00","source":{"id":"0","name":"eventBus"}}
{"__type":"$$EventMessageNode","id":"67f27867-df3a-47b2-a346-f4a180c3b41c","ts":"2026-08-28T11:47:19.262-04:00","eventName":"n8n.node.started","message":"n8n.node.started","payload":{"workflowId":"5MOL8kKCOYcqTJCD","workflowName":"AI Prep Suggestion Corrected","executionId":"710","nodeType":"n8n-nodes-base.function","nodeName":"Function","nodeId":"2"}}
{"__type":"$$EventMessageConfirm","confirm":"67f27867-df3a-47b2-a346-f4a180c3b41c","ts":"2026-08-28T11:47:19.262-04:00","source":{"id":"0","name":"eventBus"}}
{"__type":"$$EventMessageNode","id":"b2141b80-1ad7-4c04-a542-1913953740a9","ts":"2026-08-28T11:47:19.265-04:00","eventName":"n8n.node.finished","message":"n8n.node.finished","payload":{"workflowId":"5MOL8kKCOYcqTJCD","workflowName":"AI Prep Suggestion Corrected","executionId":"710","nodeType":"n8n-nodes-base.function","nodeName":"Function","nodeId":"2"}}
{"__type":"$$EventMessageConfirm","confirm":"b2141b80-1ad7-4c04-a542-1913953740a9","ts":"2026-08-28T11:47:19.265-04:00","source":{"id":"0","name":"eventBus"}}
{"__type":"$$EventMessageWorkflow","id":"e38baae9-4168-46f0-9aec-101ffb3e5046","ts":"2026-08-28T11:47:19.265-04:00","eventName":"n8n.workflow.success","message":"n8n.workflow.success","payload":{"executionId":"710","success":true,"isManual":false,"mode":"webhook","workflowId":"5MOL8kKCOYcqTJCD","workflowName":"AI Prep Suggestion Corrected","projectId":"f9jtqSpqgxocA0Fw","projectName":"artemii borisov22 <artemii.borisov22@icloud.com>"}}
{"__type":"$$EventMessageConfirm","confirm":"e38baae9-4168-46f0-9aec-101ffb3e5046","ts":"2026-08-28T11:47:19.265-04:00","source":{"id":"0","name":"eventBus"}}
{"__type":"$$EventMessageAudit","id":"18b2be14-9a68-4523-bdb3-82272fbe6372","ts":"2026-08-28T11:47:19.331-04:00","eventName":"n8n.audit.workflow.executed","message":"n8n.audit.workflow.executed","payload":{"workflowId":"5MOL8kKCOYcqTJCD","workflowName":"AI Prep Suggestion Corrected","executionId":"711","projectId":"f9jtqSpqgxocA0Fw","projectName":"artemii borisov22 <artemii.borisov22@icloud.com>","source":"webhook"}}
{"__type":"$$EventMessageConfirm","confirm":"18b2be14-9a68-4523-bdb3-82272fbe6372","ts":"2026-08-28T11:47:19.331-04:00","source":{"id":"0","name":"eventBus"}}
{"__type":"$$EventMessageWorkflow","id":"6e561863-6551-4c55-a626-66054b5486f9","ts":"2026-08-28T11:47:19.425-04:00","eventName":"n8n.workflow.started","message":"n8n.workflow.started","payload":{"executionId":"711","workflowId":"5MOL8kKCOYcqTJCD","isManual":false,"mode":"webhook","workflowName":"AI Prep Suggestion Corrected","projectId":"f9jtqSpqgxocA0Fw","projectName":"artemii borisov22 <artemii.borisov22@icloud.com>"}}
{"__type":"$$EventMessageConfirm","confirm":"6e561863-6551-4c55-a626-66054b5486f9","ts":"2026-08-28T11:47:19.425-04:00","source":{"id":"0","name":"eventBus"}}
{"__type":"$$EventMessageNode","id":"90133ce5-e8b7-423f-ac25-1a79b77a672f","ts":"2026-08-28T11:47:19.425-04:00","eventName":"n8n.node.started","message":"n8n.node.started","payload":{"workflowId":"5MOL8kKCOYcqTJCD","workflowName":"AI Prep Suggestion Corrected","executionId":"711","nodeType":"n8n-nodes-base.webhook","nodeName":"Webhook","nodeId":"1"}}
{"__type":"$$EventMessageConfirm","confirm":"90133ce5-e8b7-423f-ac25-1a79b77a672f","ts":"2026-08-28T11:47:19.425-04:00","source":{"id":"0","name":"eventBus"}}
{"__type":"$$EventMessageNode","id":"a21062fd-de7b-4219-9440-0a42d3f38308","ts":"2026-08-28T11:47:19.426-04:00","eventName":"n8n.node.finished","message":"n8n.node.finished","payload":{"workflowId":"5MOL8kKCOYcqTJCD","workflowName":"AI Prep Suggestion Corrected","executionId":"711","nodeType":"n8n-nodes-base.webhook","nodeName":"Webhook","nodeId":"1"}}
{"__type":"$$EventMessageConfirm","confirm":"a21062fd-de7b-4219-9440-0a42d3f38308","ts":"2026-08-28T11:47:19.426-04:00","source":{"id":"0","name":"eventBus"}}
{"__type":"$$EventMessageNode","id":"821d9265-a598-4327-ac94-d48b1669b7fb","ts":"2026-08-28T11:47:19.426-04:00","eventName":"n8n.node.started","message":"n8n.node.started","payload":{"workflowId":"5MOL8kKCOYcqTJCD","workflowName":"AI Prep Suggestion Corrected","executionId":"711","nodeType":"n8n-nodes-base.function","nodeName":"Function","nodeId":"2"}}
{"__type":"$$EventMessageConfirm","confirm":"821d9265-a598-4327-ac94-d48b1669b7fb","ts":"2026-08-28T11:47:19.426-04:00","source":{"id":"0","name":"eventBus"}}
{"__type":"$$EventMessageNode","id":"1cf534b9-f8da-474c-a5df-b04ffff78756","ts":"2026-08-28T11:47:19.429-04:00","eventName":"n8n.node.finished","message":"n8n.node.finished","payload":{"workflowId":"5MOL8kKCOYcqTJCD","workflowName":"AI Prep Suggestion Corrected","executionId":"711","nodeType":"n8n-nodes-base.function","nodeName":"Function","nodeId":"2"}}
{"__type":"$$EventMessageConfirm","confirm":"1cf534b9-f8da-474c-a5df-b04ffff78756","ts":"2026-08-28T11:47:19.429-04:00","source":{"id":"0","name":"eventBus"}}
{"__type":"$$EventMessageWorkflow","id":"b22885df-0fe3-4d46-accc-7a3dd668b14d","ts":"2026-08-28T11:47:19.429-04:00","eventName":"n8n.workflow.success","message":"n8n.workflow.success","payload":{"executionId":"711","success":true,"isManual":false,"mode":"webhook","workflowId":"5MOL8kKCOYcqTJCD","workflowName":"AI Prep Suggestion Corrected","projectId":"f9jtqSpqgxocA0Fw","projectName":"artemii borisov22 <artemii.borisov22@icloud.com>"}}
{"__type":"$$EventMessageConfirm","confirm":"b22885df-0fe3-4d46-accc-7a3dd668b14d","ts":"2026-08-28T11:47:19.429-04:00","source":{"id":"0","name":"eventBus"}}
{"__type":"$$EventMessageAudit","id":"3ab9a0bd-8d5a-464d-96bd-108810eb9f5f","ts":"2026-08-28T11:47:19.447-04:00","eventName":"n8n.audit.workflow.executed","message":"n8n.audit.workflow.executed","payload":{"workflowId":"5MOL8kKCOYcqTJCD","workflowName":"AI Prep Suggestion Corrected","executionId":"712","projectId":"f9jtqSpqgxocA0Fw","projectName":"artemii borisov22 <artemii.borisov22@icloud.com>","source":"webhook"}}
{"__type":"$$EventMessageConfirm","confirm":"3ab9a0bd-8d5a-464d-96bd-108810eb9f5f","ts":"2026-08-28T11:47:19.447-04:00","source":{"id":"0","name":"eventBus"}}
{"__type":"$$EventMessageWorkflow","id":"b0a38df3-9cda-4c6c-9d12-996bcc3e6e52","ts":"2026-08-28T11:47:19.477-04:00","eventName":"n8n.workflow.started","message":"n8n.workflow.started","payload":{"executionId":"712","workflowId":"5MOL8kKCOYcqTJCD","isManual":false,"mode":"webhook","workflowName":"AI Prep Suggestion Corrected","projectId":"f9jtqSpqgxocA0Fw","projectName":"artemii borisov22 <artemii.borisov22@icloud.com>"}}
{"__type":"$$EventMessageConfirm","confirm":"b0a38df3-9cda-4c6c-9d12-996bcc3e6e52","ts":"2026-08-28T11:47:19.477-04:00","source":{"id":"0","name":"eventBus"}}
{"__type":"$$EventMessageNode","id":"1f7c5687-0398-4d6c-a154-d0f70388b560","ts":"2026-08-28T11:47:19.477-04:00","eventName":"n8n.node.started","message":"n8n.node.started","payload":{"workflowId":"5MOL8kKCOYcqTJCD","workflowName":"AI Prep Suggestion Corrected","executionId":"712","nodeType":"n8n-nodes-base.webhook","nodeName":"Webhook","nodeId":"1"}}
{"__type":"$$EventMessageConfirm","confirm":"1f7c5687-0398-4d6c-a154-d0f70388b560","ts":"2026-08-28T11:47:19.477-04:00","source":{"id":"0","name":"eventBus"}}
{"__type":"$$EventMessageNode","id":"fa677cc0-52e2-4e8d-b8c2-faaf191d0f94","ts":"2026-08-28T11:47:19.477-04:00","eventName":"n8n.node.finished","message":"n8n.node.finished","payload":{"workflowId":"5MOL8kKCOYcqTJCD","workflowName":"AI Prep Suggestion Corrected","executionId":"712","nodeType":"n8n-nodes-base.webhook","nodeName":"Webhook","nodeId":"1"}}
{"__type":"$$EventMessageConfirm","confirm":"fa677cc0-52e2-4e8d-b8c2-faaf191d0f94","ts":"2026-08-28T11:47:19.477-04:00","source":{"id":"0","name":"eventBus"}}
{"__type":"$$EventMessageNode","id":"c30dc624-a1b9-4e2d-b643-e198a8a62a90","ts":"2026-08-28T11:47:19.477-04:00","eventName":"n8n.node.started","message":"n8n.node.started","payload":{"workflowId":"5MOL8kKCOYcqTJCD","workflowName":"AI Prep Suggestion Corrected","executionId":"712","nodeType":"n8n-nodes-base.function","nodeName":"Function","nodeId":"2"}}
{"__type":"$$EventMessageConfirm","confirm":"c30dc624-a1b9-4e2d-b643-e198a8a62a90","ts":"2026-08-28T11:47:19.477-04:00","source":{"id":"0","name":"eventBus"}}
{"__type":"$$EventMessageNode","id":"7077a223-d2b6-4378-a1bc-0bf6a4e82a84","ts":"2026-08-28T11:47:19.480-04:00","eventName":"n8n.node.finished","message":"n8n.node.finished","payload":{"workflowId":"5MOL8kKCOYcqTJCD","workflowName":"AI Prep Suggestion Corrected","executionId":"712","nodeType":"n8n-nodes-base.function","nodeName":"Function","nodeId":"2"}}
{"__type":"$$EventMessageConfirm","confirm":"7077a223-d2b6-4378-a1bc-0bf6a4e82a84","ts":"2026-08-28T11:47:19.480-04:00","source":{"id":"0","name":"eventBus"}}
{"__type":"$$EventMessageWorkflow","id":"2f9896cf-c361-47fe-b2c5-64314ecc5d7b","ts":"2026-08-28T11:47:19.480-04:00","eventName":"n8n.workflow.success","message":"n8n.workflow.success","payload":{"executionId":"712","success":true,"isManual":false,"mode":"webhook","workflowId":"5MOL8kKCOYcqTJCD","workflowName":"AI Prep Suggestion Corrected","projectId":"f9jtqSpqgxocA0Fw","projectName":"artemii borisov22 <artemii.borisov22@icloud.com>"}}
{"__type":"$$EventMessageConfirm","confirm":"2f9896cf-c361-47fe-b2c5-64314ecc5d7b","ts":"2026-08-28T11:47:19.480-04:00","source":{"id":"0","name":"eventBus"}}
{"__type":"$$EventMessageAudit","id":"8c1cbb23-8098-4a45-89a2-8c952a0099d3","ts":"2026-08-28T11:47:19.497-04:00","eventName":"n8n.audit.workflow.executed","message":"n8n.audit.workflow.executed","payload":{"workflowId":"5MOL8kKCOYcqTJCD","workflowName":"AI Prep Suggestion Corrected","executionId":"713","projectId":"f9jtqSpqgxocA0Fw","projectName":"artemii borisov22 <artemii.borisov22@icloud.com>","source":"webhook"}}
{"__type":"$$EventMessageConfirm","confirm":"8c1cbb23-8098-4a45-89a2-8c952a0099d3","ts":"2026-08-28T11:47:19.497-04:00","source":{"id":"0","name":"eventBus"}}
{"__type":"$$EventMessageWorkflow","id":"0ddfefff-2d02-493d-b587-fdd01a271d75","ts":"2026-08-28T11:47:19.528-04:00","eventName":"n8n.workflow.started","message":"n8n.workflow.started","payload":{"executionId":"713","workflowId":"5MOL8kKCOYcqTJCD","isManual":false,"mode":"webhook","workflowName":"AI Prep Suggestion Corrected","projectId":"f9jtqSpqgxocA0Fw","projectName":"artemii borisov22 <artemii.borisov22@icloud.com>"}}
{"__type":"$$EventMessageConfirm","confirm":"0ddfefff-2d02-493d-b587-fdd01a271d75","ts":"2026-08-28T11:47:19.528-04:00","source":{"id":"0","name":"eventBus"}}
{"__type":"$$EventMessageNode","id":"0a47f71f-a808-4db9-bb58-3813efb3d239","ts":"2026-08-28T11:47:19.528-04:00","eventName":"n8n.node.started","message":"n8n.node.started","payload":{"workflowId":"5MOL8kKCOYcqTJCD","workflowName":"AI Prep Suggestion Corrected","executionId":"713","nodeType":"n8n-nodes-base.webhook","nodeName":"Webhook","nodeId":"1"}}
{"__type":"$$EventMessageConfirm","confirm":"0a47f71f-a808-4db9-bb58-3813efb3d239","ts":"2026-08-28T11:47:19.528-04:00","source":{"id":"0","name":"eventBus"}}
{"__type":"$$EventMessageNode","id":"5765b85f-7f44-45cd-9db6-9ece4bc42da3","ts":"2026-08-28T11:47:19.528-04:00","eventName":"n8n.node.finished","message":"n8n.node.finished","payload":{"workflowId":"5MOL8kKCOYcqTJCD","workflowName":"AI Prep Suggestion Corrected","executionId":"713","nodeType":"n8n-nodes-base.webhook","nodeName":"Webhook","nodeId":"1"}}
{"__type":"$$EventMessageConfirm","confirm":"5765b85f-7f44-45cd-9db6-9ece4bc42da3","ts":"2026-08-28T11:47:19.528-04:00","source":{"id":"0","name":"eventBus"}}
{"__type":"$$EventMessageNode","id":"0282b9f3-dac2-4ac9-84b0-4b0cb0bdc8ec","ts":"2026-08-28T11:47:19.528-04:00","eventName":"n8n.node.started","message":"n8n.node.started","payload":{"workflowId":"5MOL8kKCOYcqTJCD","workflowName":"AI Prep Suggestion Corrected","executionId":"713","nodeType":"n8n-nodes-base.function","nodeName":"Function","nodeId":"2"}}
{"__type":"$$EventMessageConfirm","confirm":"0282b9f3-dac2-4ac9-84b0-4b0cb0bdc8ec","ts":"2026-08-28T11:47:19.528-04:00","source":{"id":"0","name":"eventBus"}}
{"__type":"$$EventMessageNode","id":"551839ae-4c51-4c5d-857f-a268cd3283a7","ts":"2026-08-28T11:47:19.531-04:00","eventName":"n8n.node.finished","message":"n8n.node.finished","payload":{"workflowId":"5MOL8kKCOYcqTJCD","workflowName":"AI Prep Suggestion Corrected","executionId":"713","nodeType":"n8n-nodes-base.function","nodeName":"Function","nodeId":"2"}}
{"__type":"$$EventMessageConfirm","confirm":"551839ae-4c51-4c5d-857f-a268cd3283a7","ts":"2026-08-28T11:47:19.531-04:00","source":{"id":"0","name":"eventBus"}}
{"__type":"$$EventMessageWorkflow","id":"8d2f2a7e-094f-4cdf-8254-ada52f2e1fc4","ts":"2026-08-28T11:47:19.531-04:00","eventName":"n8n.workflow.success","message":"n8n.workflow.success","payload":{"executionId":"713","success":true,"isManual":false,"mode":"webhook","workflowId":"5MOL8kKCOYcqTJCD","workflowName":"AI Prep Suggestion Corrected","projectId":"f9jtqSpqgxocA0Fw","projectName":"artemii borisov22 <artemii.borisov22@icloud.com>"}}
{"__type":"$$EventMessageConfirm","confirm":"8d2f2a7e-094f-4cdf-8254-ada52f2e1fc4","ts":"2026-08-28T11:47:19.531-04:00","source":{"id":"0","name":"eventBus"}}
{"__type":"$$EventMessageAudit","id":"59403be7-45e9-43ce-8220-c61b10974889","ts":"2026-08-28T11:47:33.740-04:00","eventName":"n8n.audit.workflow.executed","message":"n8n.audit.workflow.executed","payload":{"workflowId":"5rZTJf6X8kkmfrKE","workflowName":"Webhook Test Workflow","executionId":"714","projectId":"f9jtqSpqgxocA0Fw","projectName":"artemii borisov22 <artemii.borisov22@icloud.com>","source":"webhook"}}
{"__type":"$$EventMessageConfirm","confirm":"59403be7-45e9-43ce-8220-c61b10974889","ts":"2026-08-28T11:47:33.740-04:00","source":{"id":"0","name":"eventBus"}}
{"__type":"$$EventMessageWorkflow","id":"0792bc43-1db3-4d6e-ad72-b09736930d02","ts":"2026-08-28T11:47:33.777-04:00","eventName":"n8n.workflow.started","message":"n8n.workflow.started","payload":{"executionId":"714","workflowId":"5rZTJf6X8kkmfrKE","isManual":false,"mode":"webhook","workflowName":"Webhook Test Workflow","projectId":"f9jtqSpqgxocA0Fw","projectName":"artemii borisov22 <artemii.borisov22@icloud.com>"}}
{"__type":"$$EventMessageConfirm","confirm":"0792bc43-1db3-4d6e-ad72-b09736930d02","ts":"2026-08-28T11:47:33.777-04:00","source":{"id":"0","name":"eventBus"}}
{"__type":"$$EventMessageNode","id":"f527bad5-adca-4f75-9686-7ba0bdad99ab","ts":"2026-08-28T11:47:33.777-04:00","eventName":"n8n.node.started","message":"n8n.node.started","payload":{"workflowId":"5rZTJf6X8kkmfrKE","workflowName":"Webhook Test Workflow","executionId":"714","nodeType":"n8n-nodes-base.webhook","nodeName":"Webhook","nodeId":"b206f060-a5af-4f8a-93ed-d52a42fb61b4"}}
{"__type":"$$EventMessageConfirm","confirm":"f527bad5-adca-4f75-9686-7ba0bdad99ab","ts":"2026-08-28T11:47:33.778-04:00","source":{"id":"0","name":"eventBus"}}
{"__type":"$$EventMessageNode","id":"8ab3cb90-68d1-4a29-bed5-a0539880d3b7","ts":"2026-08-28T11:47:33.778-04:00","eventName":"n8n.node.finished","message":"n8n.node.finished","payload":{"workflowId":"5rZTJf6X8kkmfrKE","workflowName":"Webhook Test Workflow","executionId":"714","nodeType":"n8n-nodes-base.webhook","nodeName":"Webhook","nodeId":"b206f060-a5af-4f8a-93ed-d52a42fb61b4"}}
{"__type":"$$EventMessageConfirm","confirm":"8ab3cb90-68d1-4a29-bed5-a0539880d3b7","ts":"2026-08-28T11:47:33.778-04:00","source":{"id":"0","name":"eventBus"}}
{"__type":"$$EventMessageNode","id":"6e6115c8-d927-49de-970a-728d01cba96c","ts":"2026-08-28T11:47:33.778-04:00","eventName":"n8n.node.started","message":"n8n.node.started","payload":{"workflowId":"5rZTJf6X8kkmfrKE","workflowName":"Webhook Test Workflow","executionId":"714","nodeType":"n8n-nodes-base.set","nodeName":"Set1","nodeId":"d648c3e6-7fc4-48ba-ab70-9efa02daa6e9"}}
{"__type":"$$EventMessageConfirm","confirm":"6e6115c8-d927-49de-970a-728d01cba96c","ts":"2026-08-28T11:47:33.778-04:00","source":{"id":"0","name":"eventBus"}}
{"__type":"$$EventMessageNode","id":"0e500105-904b-40b5-9345-de553b9ce382","ts":"2026-08-28T11:47:33.778-04:00","eventName":"n8n.node.finished","message":"n8n.node.finished","payload":{"workflowId":"5rZTJf6X8kkmfrKE","workflowName":"Webhook Test Workflow","executionId":"714","nodeType":"n8n-nodes-base.set","nodeName":"Set1","nodeId":"d648c3e6-7fc4-48ba-ab70-9efa02daa6e9"}}
{"__type":"$$EventMessageConfirm","confirm":"0e500105-904b-40b5-9345-de553b9ce382","ts":"2026-08-28T11:47:33.778-04:00","source":{"id":"0","name":"eventBus"}}
{"__type":"$$EventMessageWorkflow","id":"e0997107-aab2-4a14-8134-fd9c220779b3","ts":"2026-08-28T11:47:33.778-04:00","eventName":"n8n.workflow.success","message":"n8n.workflow.success","payload":{"executionId":"714","success":true,"isManual":false,"mode":"webhook","workflowId":"5rZTJf6X8kkmfrKE","workflowName":"Webhook Test Workflow","projectId":"f9jtqSpqgxocA0Fw","projectName":"artemii borisov22 <artemii.borisov22@icloud.com>"}}
{"__type":"$$EventMessageConfirm","confirm":"e0997107-aab2-4a14-8134-fd9c220779b3","ts":"2026-08-28T11:47:33.778-04:00","source":{"id":"0","name":"eventBus"}}
